split,source,behavior,source_label,crop_file,animal_id,site,camera,timestamp_unix,public_session_id,public_frame,public_frame_tar
train,MmCows,Walking,Walking,ID6+cam_4+1690340471_22-01-11.jpg,cow_6,MmCows (UW-Madison Arlington),cam_4,1690340471,,,
train,PlayBehavior,Gallop,gallop,pb_9e2640b6.jpg,unreleased_farm_1_calf_1,unreleased_farm_1,ch01,,,,
train,MmCows,Walking,Walking,ID7+cam_3+1690315451_15-04-11.jpg,cow_7,MmCows (UW-Madison Arlington),cam_3,1690315451,,,
train,MmCows,Eating head down,Feeding head down,ID11+cam_4+1690331606_19-33-26.jpg,cow_11,MmCows (UW-Madison Arlington),cam_4,1690331606,,,
train,MmCows,Eating head up,Feeding head up,ID8+cam_3+1690309691_13-28-11.jpg,cow_8,MmCows (UW-Madison Arlington),cam_3,1690309691,,,
train,MmCows,Eating head down,Feeding head down,ID15+cam_3+1690310306_13-38-26.jpg,cow_15,MmCows (UW-Madison Arlington),cam_3,1690310306,,,
train,MmCows,Lying,Lying,ID10+cam_4+1690291886_08-31-26.jpg,cow_10,MmCows (UW-Madison Arlington),cam_4,1690291886,,,
train,MmCows,Drinking,Drinking,ID3+cam_3+1690326476_18-07-56.jpg,cow_3,MmCows (UW-Madison Arlington),cam_3,1690326476,,,
train,MmCows,Standing,Standing,ID4+cam_2+1690337516_21-11-56.jpg,cow_4,MmCows (UW-Madison Arlington),cam_2,1690337516,,,
train,MmCows,Standing,Standing,ID1+cam_4+1690336121_20-48-41.jpg,cow_1,MmCows (UW-Madison Arlington),cam_4,1690336121,,,
train,MmCows,Walking,Walking,ID7+cam_1+1690277381_04-29-41.jpg,cow_7,MmCows (UW-Madison Arlington),cam_1,1690277381,,,
train,MmCows,Eating head up,Feeding head up,ID6+cam_4+1690290056_08-00-56.jpg,cow_6,MmCows (UW-Madison Arlington),cam_4,1690290056,,,
train,MmCows,Lying,Lying,ID6+cam_3+1690342121_22-28-41.jpg,cow_6,MmCows (UW-Madison Arlington),cam_3,1690342121,,,
train,MmCows,Eating head up,Feeding head up,ID12+cam_4+1690296371_09-46-11.jpg,cow_12,MmCows (UW-Madison Arlington),cam_4,1690296371,,,
train,PlayBehavior,Leap,leap,pb_6ecaaf20.jpg,TOL-2642,Tol,ch01,,Tol_2024-04-24,0046436.jpg,frames/Tol_2024-04-24/Tol_2024-04-24_video016.tar
train,MmCows,Drinking,Drinking,ID15+cam_4+1690308746_13-12-26.jpg,cow_15,MmCows (UW-Madison Arlington),cam_4,1690308746,,,
train,MmCows,Eating head down,Feeding head down,ID10+cam_3+1690313906_14-38-26.jpg,cow_10,MmCows (UW-Madison Arlington),cam_3,1690313906,,,
train,MmCows,Eating head down,Feeding head down,ID16+cam_3+1690341536_22-18-56.jpg,cow_16,MmCows (UW-Madison Arlington),cam_3,1690341536,,,
train,MmCows,Standing,Standing,ID4+cam_1+1690313141_14-25-41.jpg,cow_4,MmCows (UW-Madison Arlington),cam_1,1690313141,,,
train,MmCows,Lying,Lying,ID2+cam_1+1690295246_09-27-26.jpg,cow_2,MmCows (UW-Madison Arlington),cam_1,1690295246,,,
train,PlayBehavior,Frontal pushing,frontal_pushing,pb_2326bbe3.jpg,TOL-2642,Tol,ch01,,Tol2_2024-06-11_PM,0135351.jpg,frames/Tol2_2024-06-11_PM/Tol2_2024-06-11_PM_video046.tar
train,MmCows,Standing,Standing,ID15+cam_1+1690339226_21-40-26.jpg,cow_15,MmCows (UW-Madison Arlington),cam_1,1690339226,,,
train,PlayBehavior,Frontal pushing,frontal_pushing,pb_ed3b59c7.jpg,TOL-2642,Tol,ch01,,Tol2_2024-06-11_PM,0138717.jpg,frames/Tol2_2024-06-11_PM/Tol2_2024-06-11_PM_video047.tar
train,MmCows,Eating head down,Feeding head down,ID8+cam_4+1690302236_11-23-56.jpg,cow_8,MmCows (UW-Madison Arlington),cam_4,1690302236,,,
train,MmCows,Lying,Lying,ID3+cam_3+1690299206_10-33-26.jpg,cow_3,MmCows (UW-Madison Arlington),cam_3,1690299206,,,
train,MmCows,Standing,Standing,ID4+cam_2+1690321376_16-42-56.jpg,cow_4,MmCows (UW-Madison Arlington),cam_2,1690321376,,,
train,MmCows,Walking,Walking,ID7+cam_3+1690346096_23-34-56.jpg,cow_7,MmCows (UW-Madison Arlington),cam_3,1690346096,,,
train,MmCows,Eating head down,Feeding head down,ID15+cam_3+1690326326_18-05-26.jpg,cow_15,MmCows (UW-Madison Arlington),cam_3,1690326326,,,
train,MmCows,Drinking,Drinking,ID15+cam_2+1690327121_18-18-41.jpg,cow_15,MmCows (UW-Madison Arlington),cam_2,1690327121,,,
train,MmCows,Eating head down,Feeding head down,ID9+cam_3+1690334186_20-16-26.jpg,cow_9,MmCows (UW-Madison Arlington),cam_3,1690334186,,,
train,MmCows,Lying,Lying,ID14+cam_2+1690292681_08-44-41.jpg,cow_14,MmCows (UW-Madison Arlington),cam_2,1690292681,,,
train,MmCows,Eating head down,Feeding head down,ID4+cam_3+1690327556_18-25-56.jpg,cow_4,MmCows (UW-Madison Arlington),cam_3,1690327556,,,
train,MmCows,Walking,Walking,ID12+cam_4+1690277276_04-27-56.jpg,cow_12,MmCows (UW-Madison Arlington),cam_4,1690277276,,,
train,MmCows,Lying,Lying,ID2+cam_1+1690302716_11-31-56.jpg,cow_2,MmCows (UW-Madison Arlington),cam_1,1690302716,,,
train,PlayBehavior,Gallop,gallop,pb_38e5d173.jpg,TOL-2642,Tol,ch01,,Tol2_2024-06-11_PM,0137436.jpg,frames/Tol2_2024-06-11_PM/Tol2_2024-06-11_PM_video046.tar
train,PlayBehavior,Gallop,gallop,pb_6d97bd5b.jpg,TOL-2644,Tol,ch01,,Tol2_2024-06-11_PM,0137154.jpg,frames/Tol2_2024-06-11_PM/Tol2_2024-06-11_PM_video046.tar
train,MmCows,Eating head down,Feeding head down,ID8+cam_3+1690329626_19-00-26.jpg,cow_8,MmCows (UW-Madison Arlington),cam_3,1690329626,,,
train,MmCows,Drinking,Drinking,ID1+cam_3+1690333316_20-01-56.jpg,cow_1,MmCows (UW-Madison Arlington),cam_3,1690333316,,,
train,MmCows,Eating head up,Feeding head up,ID10+cam_4+1690288781_07-39-41.jpg,cow_10,MmCows (UW-Madison Arlington),cam_4,1690288781,,,
train,PlayBehavior,Gallop,gallop,pb_0047488f.jpg,TOL-2644,Tol,ch01,,Tol2_2024-06-11_PM,0137169.jpg,frames/Tol2_2024-06-11_PM/Tol2_2024-06-11_PM_video046.tar
train,MmCows,Eating head down,Feeding head down,ID5+cam_4+1690337936_21-18-56.jpg,cow_5,MmCows (UW-Madison Arlington),cam_4,1690337936,,,
train,MmCows,Eating head up,Feeding head up,ID3+cam_4+1690343426_22-50-26.jpg,cow_3,MmCows (UW-Madison Arlington),cam_4,1690343426,,,
train,MmCows,Eating head up,Feeding head up,ID10+cam_4+1690276811_04-20-11.jpg,cow_10,MmCows (UW-Madison Arlington),cam_4,1690276811,,,
train,MmCows,Eating head down,Feeding head down,ID9+cam_4+1690274321_03-38-41.jpg,cow_9,MmCows (UW-Madison Arlington),cam_4,1690274321,,,
train,PlayBehavior,Leap,leap,pb_dd12862b.jpg,EEM-9,Eem,ch04,,Eem_2024-06-19,0088377.jpg,frames/Eem_2024-06-19/Eem_2024-06-19_video030.tar
train,MmCows,Eating head down,Feeding head down,ID5+cam_3+1690291766_08-29-26.jpg,cow_5,MmCows (UW-Madison Arlington),cam_3,1690291766,,,
train,MmCows,Drinking,Drinking,ID5+cam_3+1690328021_18-33-41.jpg,cow_5,MmCows (UW-Madison Arlington),cam_3,1690328021,,,
train,MmCows,Drinking,Drinking,ID16+cam_4+1690275041_03-50-41.jpg,cow_16,MmCows (UW-Madison Arlington),cam_4,1690275041,,,
train,PlayBehavior,Leap,leap,pb_03e90bf2.jpg,TOL-2644,Tol,,,Tol2_2024-06-11_AM,0074051.jpg,frames/Tol2_2024-06-11_AM/Tol2_2024-06-11_AM_video025.tar
train,MmCows,Drinking,Drinking,ID6+cam_2+1690339316_21-41-56.jpg,cow_6,MmCows (UW-Madison Arlington),cam_2,1690339316,,,
train,MmCows,Eating head up,Feeding head up,ID7+cam_4+1690286111_06-55-11.jpg,cow_7,MmCows (UW-Madison Arlington),cam_4,1690286111,,,
train,PlayBehavior,Frontal pushing,frontal_pushing,pb_dae8dd07.jpg,TOL-2644,Tol,ch01,,Tol2_2024-06-11_PM,0136842.jpg,frames/Tol2_2024-06-11_PM/Tol2_2024-06-11_PM_video046.tar
train,MmCows,Eating head down,Feeding head down,ID2+cam_3+1690328831_18-47-11.jpg,cow_2,MmCows (UW-Madison Arlington),cam_3,1690328831,,,
train,MmCows,Eating head up,Feeding head up,ID5+cam_4+1690314131_14-42-11.jpg,cow_5,MmCows (UW-Madison Arlington),cam_4,1690314131,,,
train,PlayBehavior,Gallop,gallop,pb_8ac269cb.jpg,TOL-2644,Tol,ch01,,Tol2_2024-06-11_PM,0137130.jpg,frames/Tol2_2024-06-11_PM/Tol2_2024-06-11_PM_video046.tar
train,MmCows,Standing,Standing,ID3+cam_2+1690292831_08-47-11.jpg,cow_3,MmCows (UW-Madison Arlington),cam_2,1690292831,,,
train,MmCows,Lying,Lying,ID1+cam_2+1690286486_07-01-26.jpg,cow_1,MmCows (UW-Madison Arlington),cam_2,1690286486,,,
train,MmCows,Eating head up,Feeding head up,ID12+cam_3+1690290041_08-00-41.jpg,cow_12,MmCows (UW-Madison Arlington),cam_3,1690290041,,,
train,MmCows,Eating head down,Feeding head down,ID2+cam_3+1690346276_23-37-56.jpg,cow_2,MmCows (UW-Madison Arlington),cam_3,1690346276,,,
train,PlayBehavior,Leap,leap,pb_a985f843.jpg,EEM-9,Eem,ch04,,Eem_2024-06-19,0088858.jpg,frames/Eem_2024-06-19/Eem_2024-06-19_video030.tar
train,MmCows,Walking,Walking,ID4+cam_2+1690304501_12-01-41.jpg,cow_4,MmCows (UW-Madison Arlington),cam_2,1690304501,,,
train,MmCows,Standing,Standing,ID12+cam_2+1690271906_02-58-26.jpg,cow_12,MmCows (UW-Madison Arlington),cam_2,1690271906,,,
train,PlayBehavior,Leap,leap,pb_233fad12.jpg,TOL-2642,Tol,ch01,,Tol2_2024-06-11_PM,0136969.jpg,frames/Tol2_2024-06-11_PM/Tol2_2024-06-11_PM_video046.tar
train,PlayBehavior,Gallop,gallop,pb_0ef4a8a7.jpg,TOL-2642,Tol,ch01,,Tol2_2024-06-11_PM,0137137.jpg,frames/Tol2_2024-06-11_PM/Tol2_2024-06-11_PM_video046.tar
train,MmCows,Eating head down,Feeding head down,ID15+cam_3+1690340966_22-09-26.jpg,cow_15,MmCows (UW-Madison Arlington),cam_3,1690340966,,,
train,MmCows,Lying,Lying,ID10+cam_2+1690291481_08-24-41.jpg,cow_10,MmCows (UW-Madison Arlington),cam_2,1690291481,,,
train,MmCows,Walking,Walking,ID7+cam_1+1690319471_16-11-11.jpg,cow_7,MmCows (UW-Madison Arlington),cam_1,1690319471,,,
train,PlayBehavior,Gallop,gallop,pb_ce523ae1.jpg,TOL-2642,Tol,ch01,,Tol2_2024-06-11_PM,0136992.jpg,frames/Tol2_2024-06-11_PM/Tol2_2024-06-11_PM_video046.tar
train,PlayBehavior,Frontal pushing,frontal_pushing,pb_7d28a8b5.jpg,TOL-2642,Tol,ch01,,Tol2_2024-06-11_PM,0142021.jpg,frames/Tol2_2024-06-11_PM/Tol2_2024-06-11_PM_video048.tar
train,MmCows,Walking,Walking,ID10+cam_4+1690328336_18-38-56.jpg,cow_10,MmCows (UW-Madison Arlington),cam_4,1690328336,,,
train,MmCows,Eating head up,Feeding head up,ID12+cam_4+1690297511_10-05-11.jpg,cow_12,MmCows (UW-Madison Arlington),cam_4,1690297511,,,
train,MmCows,Drinking,Drinking,ID13+cam_2+1690327361_18-22-41.jpg,cow_13,MmCows (UW-Madison Arlington),cam_2,1690327361,,,
train,PlayBehavior,Gallop,gallop,pb_1bc31574.jpg,unreleased_farm_1_calf_1,unreleased_farm_1,ch01,,,,
train,MmCows,Eating head down,Feeding head down,ID7+cam_3+1690283891_06-18-11.jpg,cow_7,MmCows (UW-Madison Arlington),cam_3,1690283891,,,
train,MmCows,Eating head down,Feeding head down,ID3+cam_3+1690324976_17-42-56.jpg,cow_3,MmCows (UW-Madison Arlington),cam_3,1690324976,,,
train,MmCows,Eating head up,Feeding head up,ID3+cam_3+1690323911_17-25-11.jpg,cow_3,MmCows (UW-Madison Arlington),cam_3,1690323911,,,
train,PlayBehavior,Frontal pushing,frontal_pushing,pb_64753008.jpg,TOL-2644,Tol,ch01,,Tol2_2024-06-11_PM,0138258.jpg,frames/Tol2_2024-06-11_PM/Tol2_2024-06-11_PM_video047.tar
train,PlayBehavior,Frontal pushing,frontal_pushing,pb_57974489.jpg,TOL-2644,Tol,ch01,,Tol2_2024-06-11_PM,0136151.jpg,frames/Tol2_2024-06-11_PM/Tol2_2024-06-11_PM_video046.tar
train,PlayBehavior,Frontal pushing,frontal_pushing,pb_63d1b437.jpg,TOL-2644,Tol,ch01,,Tol2_2024-06-11_PM,0135892.jpg,frames/Tol2_2024-06-11_PM/Tol2_2024-06-11_PM_video046.tar
train,MmCows,Lying,Lying,ID3+cam_1+1690333211_20-00-11.jpg,cow_3,MmCows (UW-Madison Arlington),cam_1,1690333211,,,
train,PlayBehavior,Frontal pushing,frontal_pushing,pb_95662a6f.jpg,EEM-9,Eem,ch04,,Eem_2024-06-19,0093327.jpg,frames/Eem_2024-06-19/Eem_2024-06-19_video032.tar
train,MmCows,Drinking,Drinking,ID1+cam_1+1690333391_20-03-11.jpg,cow_1,MmCows (UW-Madison Arlington),cam_1,1690333391,,,
train,MmCows,Lying,Lying,ID1+cam_4+1690302131_11-22-11.jpg,cow_1,MmCows (UW-Madison Arlington),cam_4,1690302131,,,
train,PlayBehavior,Gallop,gallop,pb_c721cd4c.jpg,TOL-2642,Tol,ch01,,Tol2_2024-06-11_PM,0136978.jpg,frames/Tol2_2024-06-11_PM/Tol2_2024-06-11_PM_video046.tar
train,MmCows,Eating head up,Feeding head up,ID11+cam_3+1690292996_08-49-56.jpg,cow_11,MmCows (UW-Madison Arlington),cam_3,1690292996,,,
train,PlayBehavior,Frontal pushing,frontal_pushing,pb_6ff39830.jpg,TOL-2642,Tol,ch01,,Tol2_2024-06-11_PM,0141619.jpg,frames/Tol2_2024-06-11_PM/Tol2_2024-06-11_PM_video048.tar
train,MmCows,Walking,Walking,ID16+cam_3+1690329566_18-59-26.jpg,cow_16,MmCows (UW-Madison Arlington),cam_3,1690329566,,,
train,MmCows,Drinking,Drinking,ID1+cam_4+1690296806_09-53-26.jpg,cow_1,MmCows (UW-Madison Arlington),cam_4,1690296806,,,
train,MmCows,Lying,Lying,ID6+cam_3+1690345796_23-29-56.jpg,cow_6,MmCows (UW-Madison Arlington),cam_3,1690345796,,,
train,MmCows,Walking,Walking,ID12+cam_1+1690316996_15-29-56.jpg,cow_12,MmCows (UW-Madison Arlington),cam_1,1690316996,,,
train,MmCows,Eating head up,Feeding head up,ID16+cam_4+1690322276_16-57-56.jpg,cow_16,MmCows (UW-Madison Arlington),cam_4,1690322276,,,
train,PlayBehavior,Frontal pushing,frontal_pushing,pb_8a2b2167.jpg,TOL-2642,Tol,ch01,,Tol2_2024-06-11_PM,0135384.jpg,frames/Tol2_2024-06-11_PM/Tol2_2024-06-11_PM_video046.tar
train,MmCows,Lying,Lying,ID14+cam_2+1690277006_04-23-26.jpg,cow_14,MmCows (UW-Madison Arlington),cam_2,1690277006,,,
train,MmCows,Eating head up,Feeding head up,ID3+cam_3+1690342451_22-34-11.jpg,cow_3,MmCows (UW-Madison Arlington),cam_3,1690342451,,,
train,MmCows,Lying,Lying,ID4+cam_3+1690295021_09-23-41.jpg,cow_4,MmCows (UW-Madison Arlington),cam_3,1690295021,,,
train,PlayBehavior,Leap,leap,pb_cf93c104.jpg,TOL-2644,Tol,ch01,,Tol2_2024-06-11_PM,0137142.jpg,frames/Tol2_2024-06-11_PM/Tol2_2024-06-11_PM_video046.tar
train,MmCows,Drinking,Drinking,ID5+cam_4+1690328186_18-36-26.jpg,cow_5,MmCows (UW-Madison Arlington),cam_4,1690328186,,,
train,MmCows,Walking,Walking,ID4+cam_3+1690277336_04-28-56.jpg,cow_4,MmCows (UW-Madison Arlington),cam_3,1690277336,,,
train,PlayBehavior,Gallop,gallop,pb_f38b71f6.jpg,EEM-9,Eem,ch04,,Eem_2024-06-19,0088937.jpg,frames/Eem_2024-06-19/Eem_2024-06-19_video030.tar
train,MmCows,Drinking,Drinking,ID13+cam_3+1690309406_13-23-26.jpg,cow_13,MmCows (UW-Madison Arlington),cam_3,1690309406,,,
train,MmCows,Standing,Standing,ID7+cam_2+1690299416_10-36-56.jpg,cow_7,MmCows (UW-Madison Arlington),cam_2,1690299416,,,
train,PlayBehavior,Gallop,gallop,pb_e24fbc49.jpg,TOL-2642,Tol,ch01,,Tol2_2024-06-11_PM,0137002.jpg,frames/Tol2_2024-06-11_PM/Tol2_2024-06-11_PM_video046.tar
train,PlayBehavior,Leap,leap,pb_9b86476e.jpg,TOL-2642,Tol,ch01,,Tol2_2024-06-11_PM,0137229.jpg,frames/Tol2_2024-06-11_PM/Tol2_2024-06-11_PM_video046.tar
train,MmCows,Standing,Standing,ID15+cam_2+1690327166_18-19-26.jpg,cow_15,MmCows (UW-Madison Arlington),cam_2,1690327166,,,
train,PlayBehavior,Frontal pushing,frontal_pushing,pb_e6f3a383.jpg,TOL-2644,Tol,ch01,,Tol2_2024-06-11_PM,0138149.jpg,frames/Tol2_2024-06-11_PM/Tol2_2024-06-11_PM_video047.tar
train,MmCows,Eating head down,Feeding head down,ID9+cam_3+1690335116_20-31-56.jpg,cow_9,MmCows (UW-Madison Arlington),cam_3,1690335116,,,
train,MmCows,Walking,Walking,ID3+cam_4+1690277306_04-28-26.jpg,cow_3,MmCows (UW-Madison Arlington),cam_4,1690277306,,,
train,MmCows,Eating head up,Feeding head up,ID4+cam_3+1690327661_18-27-41.jpg,cow_4,MmCows (UW-Madison Arlington),cam_3,1690327661,,,
train,MmCows,Lying,Lying,ID9+cam_4+1690323896_17-24-56.jpg,cow_9,MmCows (UW-Madison Arlington),cam_4,1690323896,,,
train,MmCows,Walking,Walking,ID4+cam_3+1690277351_04-29-11.jpg,cow_4,MmCows (UW-Madison Arlington),cam_3,1690277351,,,
train,PlayBehavior,Leap,leap,pb_9f8b36a8.jpg,TOL-2644,Tol,ch01,,Tol2_2024-06-11_PM,0136966.jpg,frames/Tol2_2024-06-11_PM/Tol2_2024-06-11_PM_video046.tar
train,PlayBehavior,Leap,leap,pb_53158516.jpg,TOL-2644,Tol,ch01,,Tol2_2024-06-11_PM,0137314.jpg,frames/Tol2_2024-06-11_PM/Tol2_2024-06-11_PM_video046.tar
train,MmCows,Walking,Walking,ID9+cam_1+1690288466_07-34-26.jpg,cow_9,MmCows (UW-Madison Arlington),cam_1,1690288466,,,
train,MmCows,Standing,Standing,ID7+cam_4+1690328576_18-42-56.jpg,cow_7,MmCows (UW-Madison Arlington),cam_4,1690328576,,,
train,PlayBehavior,Gallop,gallop,pb_c12552ca.jpg,EEM-9,Eem,ch04,,Eem_2024-06-19,0088425.jpg,frames/Eem_2024-06-19/Eem_2024-06-19_video030.tar
train,PlayBehavior,Gallop,gallop,pb_4ad86a9d.jpg,EEM-9,Eem,ch04,,Eem_2024-06-19,0089059.jpg,frames/Eem_2024-06-19/Eem_2024-06-19_video030.tar
train,PlayBehavior,Leap,leap,pb_47979503.jpg,TOL-2644,Tol,ch01,,Tol2_2024-06-11_PM,0135428.jpg,frames/Tol2_2024-06-11_PM/Tol2_2024-06-11_PM_video046.tar
train,MmCows,Eating head up,Feeding head up,ID16+cam_1+1690332161_19-42-41.jpg,cow_16,MmCows (UW-Madison Arlington),cam_1,1690332161,,,
train,MmCows,Eating head down,Feeding head down,ID10+cam_3+1690274861_03-47-41.jpg,cow_10,MmCows (UW-Madison Arlington),cam_3,1690274861,,,
train,MmCows,Eating head up,Feeding head up,ID4+cam_3+1690304276_11-57-56.jpg,cow_4,MmCows (UW-Madison Arlington),cam_3,1690304276,,,
train,MmCows,Walking,Walking,ID13+cam_3+1690320041_16-20-41.jpg,cow_13,MmCows (UW-Madison Arlington),cam_3,1690320041,,,
train,PlayBehavior,Leap,leap,pb_14063209.jpg,TOL-2644,Tol,ch01,,Tol2_2024-06-11_PM,0135218.jpg,frames/Tol2_2024-06-11_PM/Tol2_2024-06-11_PM_video046.tar
train,MmCows,Walking,Walking,ID12+cam_3+1690331291_19-28-11.jpg,cow_12,MmCows (UW-Madison Arlington),cam_3,1690331291,,,
train,MmCows,Eating head up,Feeding head up,ID15+cam_4+1690333601_20-06-41.jpg,cow_15,MmCows (UW-Madison Arlington),cam_4,1690333601,,,
train,PlayBehavior,Gallop,gallop,pb_101415ba.jpg,TOL-2644,Tol,ch01,,Tol2_2024-06-11_PM,0137159.jpg,frames/Tol2_2024-06-11_PM/Tol2_2024-06-11_PM_video046.tar
train,PlayBehavior,Leap,leap,pb_07793083.jpg,TOL-2644,Tol,ch01,,Tol2_2024-06-11_PM,0135227.jpg,frames/Tol2_2024-06-11_PM/Tol2_2024-06-11_PM_video046.tar
train,MmCows,Eating head down,Feeding head down,ID5+cam_3+1690314641_14-50-41.jpg,cow_5,MmCows (UW-Madison Arlington),cam_3,1690314641,,,
train,PlayBehavior,Frontal pushing,frontal_pushing,pb_6982109a.jpg,TOL-2644,Tol,ch01,,Tol2_2024-06-11_PM,0137563.jpg,frames/Tol2_2024-06-11_PM/Tol2_2024-06-11_PM_video046.tar
train,MmCows,Walking,Walking,ID8+cam_2+1690323836_17-23-56.jpg,cow_8,MmCows (UW-Madison Arlington),cam_2,1690323836,,,
train,MmCows,Lying,Lying,ID8+cam_3+1690338221_21-23-41.jpg,cow_8,MmCows (UW-Madison Arlington),cam_3,1690338221,,,
train,PlayBehavior,Gallop,gallop,pb_0eee7bd5.jpg,TOL-2642,Tol,ch01,,Tol2_2024-06-11_PM,0137416.jpg,frames/Tol2_2024-06-11_PM/Tol2_2024-06-11_PM_video046.tar
train,MmCows,Walking,Walking,ID15+cam_4+1690340681_22-04-41.jpg,cow_15,MmCows (UW-Madison Arlington),cam_4,1690340681,,,
train,PlayBehavior,Leap,leap,pb_0b4371b2.jpg,TOL-2644,Tol,,,Tol2_2024-06-11_AM,0074056.jpg,frames/Tol2_2024-06-11_AM/Tol2_2024-06-11_AM_video025.tar
train,MmCows,Lying,Lying,ID15+cam_1+1690286846_07-07-26.jpg,cow_15,MmCows (UW-Madison Arlington),cam_1,1690286846,,,
train,MmCows,Drinking,Drinking,ID16+cam_2+1690329641_19-00-41.jpg,cow_16,MmCows (UW-Madison Arlington),cam_2,1690329641,,,
train,PlayBehavior,Leap,leap,pb_97b17547.jpg,TOL-2642,Tol,ch01,,Tol2_2024-06-11_PM,0137228.jpg,frames/Tol2_2024-06-11_PM/Tol2_2024-06-11_PM_video046.tar
train,MmCows,Lying,Lying,ID15+cam_3+1690304411_12-00-11.jpg,cow_15,MmCows (UW-Madison Arlington),cam_3,1690304411,,,
train,MmCows,Drinking,Drinking,ID3+cam_4+1690303916_11-51-56.jpg,cow_3,MmCows (UW-Madison Arlington),cam_4,1690303916,,,
train,MmCows,Lying,Lying,ID3+cam_2+1690338206_21-23-26.jpg,cow_3,MmCows (UW-Madison Arlington),cam_2,1690338206,,,
train,PlayBehavior,Frontal pushing,frontal_pushing,pb_8c8c18f1.jpg,TOL-2642,Tol,ch01,,Tol2_2024-06-11_PM,0136301.jpg,frames/Tol2_2024-06-11_PM/Tol2_2024-06-11_PM_video046.tar
train,MmCows,Eating head up,Feeding head up,ID3+cam_3+1690335131_20-32-11.jpg,cow_3,MmCows (UW-Madison Arlington),cam_3,1690335131,,,
train,MmCows,Standing,Standing,ID5+cam_1+1690288241_07-30-41.jpg,cow_5,MmCows (UW-Madison Arlington),cam_1,1690288241,,,
train,MmCows,Lying,Lying,ID4+cam_2+1690293416_08-56-56.jpg,cow_4,MmCows (UW-Madison Arlington),cam_2,1690293416,,,
train,PlayBehavior,Frontal pushing,frontal_pushing,pb_92d04bb2.jpg,TOL-2644,Tol,ch01,,Tol2_2024-06-11_PM,0138183.jpg,frames/Tol2_2024-06-11_PM/Tol2_2024-06-11_PM_video047.tar
train,PlayBehavior,Gallop,gallop,pb_3c68e53d.jpg,TOL-2644,Tol,ch01,,Tol2_2024-06-11_PM,0137724.jpg,frames/Tol2_2024-06-11_PM/Tol2_2024-06-11_PM_video046.tar
train,PlayBehavior,Gallop,gallop,pb_3c73e0fa.jpg,EEM-9,Eem,ch04,,Eem_2024-06-19,0093786.jpg,frames/Eem_2024-06-19/Eem_2024-06-19_video032.tar
train,MmCows,Eating head up,Feeding head up,ID13+cam_3+1690274906_03-48-26.jpg,cow_13,MmCows (UW-Madison Arlington),cam_3,1690274906,,,
train,MmCows,Lying,Lying,ID13+cam_2+1690316021_15-13-41.jpg,cow_13,MmCows (UW-Madison Arlington),cam_2,1690316021,,,
train,MmCows,Eating head up,Feeding head up,ID5+cam_4+1690291196_08-19-56.jpg,cow_5,MmCows (UW-Madison Arlington),cam_4,1690291196,,,
train,PlayBehavior,Frontal pushing,frontal_pushing,pb_aaa8aeab.jpg,TOL-2644,Tol,ch01,,Tol2_2024-06-11_PM,0136455.jpg,frames/Tol2_2024-06-11_PM/Tol2_2024-06-11_PM_video046.tar
train,MmCows,Eating head up,Feeding head up,ID7+cam_3+1690315511_15-05-11.jpg,cow_7,MmCows (UW-Madison Arlington),cam_3,1690315511,,,
train,MmCows,Drinking,Drinking,ID5+cam_3+1690328006_18-33-26.jpg,cow_5,MmCows (UW-Madison Arlington),cam_3,1690328006,,,
train,PlayBehavior,Gallop,gallop,pb_c5a95eb6.jpg,TOL-2644,Tol,ch01,,Tol_2024-04-24,0061678.jpg,frames/Tol_2024-04-24/Tol_2024-04-24_video021.tar
train,MmCows,Walking,Walking,ID4+cam_4+1690315046_14-57-26.jpg,cow_4,MmCows (UW-Madison Arlington),cam_4,1690315046,,,
train,MmCows,Drinking,Drinking,ID13+cam_4+1690312646_14-17-26.jpg,cow_13,MmCows (UW-Madison Arlington),cam_4,1690312646,,,
train,MmCows,Standing,Standing,ID2+cam_2+1690301771_11-16-11.jpg,cow_2,MmCows (UW-Madison Arlington),cam_2,1690301771,,,
train,MmCows,Lying,Lying,ID2+cam_2+1690296071_09-41-11.jpg,cow_2,MmCows (UW-Madison Arlington),cam_2,1690296071,,,
train,MmCows,Drinking,Drinking,ID3+cam_4+1690292891_08-48-11.jpg,cow_3,MmCows (UW-Madison Arlington),cam_4,1690292891,,,
train,MmCows,Standing,Standing,ID9+cam_3+1690325741_17-55-41.jpg,cow_9,MmCows (UW-Madison Arlington),cam_3,1690325741,,,
train,MmCows,Drinking,Drinking,ID2+cam_2+1690320836_16-33-56.jpg,cow_2,MmCows (UW-Madison Arlington),cam_2,1690320836,,,
train,PlayBehavior,Leap,leap,pb_d56f758f.jpg,TOL-2644,Tol,ch01,,Tol_2024-04-24,0046790.jpg,frames/Tol_2024-04-24/Tol_2024-04-24_video016.tar
train,MmCows,Eating head down,Feeding head down,ID15+cam_4+1690310726_13-45-26.jpg,cow_15,MmCows (UW-Madison Arlington),cam_4,1690310726,,,
train,PlayBehavior,Gallop,gallop,pb_5be83379.jpg,TOL-2644,Tol,ch01,,Tol2_2024-06-11_PM,0137146.jpg,frames/Tol2_2024-06-11_PM/Tol2_2024-06-11_PM_video046.tar
train,PlayBehavior,Leap,leap,pb_5546b861.jpg,TOL-2644,Tol,ch01,,Tol2_2024-06-11_PM,0135690.jpg,frames/Tol2_2024-06-11_PM/Tol2_2024-06-11_PM_video046.tar
train,MmCows,Drinking,Drinking,ID10+cam_4+1690301621_11-13-41.jpg,cow_10,MmCows (UW-Madison Arlington),cam_4,1690301621,,,
train,MmCows,Walking,Walking,ID5+cam_3+1690338131_21-22-11.jpg,cow_5,MmCows (UW-Madison Arlington),cam_3,1690338131,,,
train,MmCows,Eating head down,Feeding head down,ID2+cam_3+1690291226_08-20-26.jpg,cow_2,MmCows (UW-Madison Arlington),cam_3,1690291226,,,
train,PlayBehavior,Gallop,gallop,pb_b2f5e85a.jpg,EEM-9,Eem,ch04,,Eem_2024-06-19,0089031.jpg,frames/Eem_2024-06-19/Eem_2024-06-19_video030.tar
train,PlayBehavior,Gallop,gallop,pb_d10964b6.jpg,EEM-9,Eem,ch04,,Eem_2024-06-19,0088940.jpg,frames/Eem_2024-06-19/Eem_2024-06-19_video030.tar
train,MmCows,Lying,Lying,ID14+cam_3+1690343156_22-45-56.jpg,cow_14,MmCows (UW-Madison Arlington),cam_3,1690343156,,,
train,PlayBehavior,Gallop,gallop,pb_4df3a822.jpg,TOL-2644,Tol,ch01,,Tol2_2024-06-11_PM,0136472.jpg,frames/Tol2_2024-06-11_PM/Tol2_2024-06-11_PM_video046.tar
train,MmCows,Eating head up,Feeding head up,ID3+cam_4+1690322321_16-58-41.jpg,cow_3,MmCows (UW-Madison Arlington),cam_4,1690322321,,,
train,MmCows,Eating head down,Feeding head down,ID4+cam_3+1690314146_14-42-26.jpg,cow_4,MmCows (UW-Madison Arlington),cam_3,1690314146,,,
train,MmCows,Drinking,Drinking,ID5+cam_4+1690292576_08-42-56.jpg,cow_5,MmCows (UW-Madison Arlington),cam_4,1690292576,,,
train,MmCows,Eating head down,Feeding head down,ID14+cam_4+1690329311_18-55-11.jpg,cow_14,MmCows (UW-Madison Arlington),cam_4,1690329311,,,
train,PlayBehavior,Gallop,gallop,pb_ce58f1f0.jpg,TOL-2642,Tol,ch01,,Tol2_2024-06-11_PM,0137434.jpg,frames/Tol2_2024-06-11_PM/Tol2_2024-06-11_PM_video046.tar
train,PlayBehavior,Leap,leap,pb_d9998672.jpg,TOL-2644,Tol,ch01,,Tol_2024-04-24,0036938.jpg,frames/Tol_2024-04-24/Tol_2024-04-24_video013.tar
train,PlayBehavior,Gallop,gallop,pb_bb7c9f7e.jpg,TOL-2642,Tol,ch01,,Tol2_2024-06-11_PM,0136993.jpg,frames/Tol2_2024-06-11_PM/Tol2_2024-06-11_PM_video046.tar
train,MmCows,Standing,Standing,ID4+cam_2+1690303421_11-43-41.jpg,cow_4,MmCows (UW-Madison Arlington),cam_2,1690303421,,,
train,MmCows,Walking,Walking,ID6+cam_3+1690332116_19-41-56.jpg,cow_6,MmCows (UW-Madison Arlington),cam_3,1690332116,,,
train,MmCows,Drinking,Drinking,ID2+cam_3+1690330316_19-11-56.jpg,cow_2,MmCows (UW-Madison Arlington),cam_3,1690330316,,,
train,MmCows,Eating head up,Feeding head up,ID4+cam_4+1690343756_22-55-56.jpg,cow_4,MmCows (UW-Madison Arlington),cam_4,1690343756,,,
train,PlayBehavior,Gallop,gallop,pb_25378915.jpg,TOL-2644,Tol,ch01,,Tol2_2024-06-11_PM,0134981.jpg,frames/Tol2_2024-06-11_PM/Tol2_2024-06-11_PM_video045.tar
train,MmCows,Standing,Standing,ID4+cam_3+1690304036_11-53-56.jpg,cow_4,MmCows (UW-Madison Arlington),cam_3,1690304036,,,
train,MmCows,Drinking,Drinking,ID8+cam_3+1690301696_11-14-56.jpg,cow_8,MmCows (UW-Madison Arlington),cam_3,1690301696,,,
train,MmCows,Standing,Standing,ID4+cam_1+1690319321_16-08-41.jpg,cow_4,MmCows (UW-Madison Arlington),cam_1,1690319321,,,
train,MmCows,Eating head down,Feeding head down,ID12+cam_3+1690275431_03-57-11.jpg,cow_12,MmCows (UW-Madison Arlington),cam_3,1690275431,,,
train,MmCows,Standing,Standing,ID1+cam_4+1690298456_10-20-56.jpg,cow_1,MmCows (UW-Madison Arlington),cam_4,1690298456,,,
train,MmCows,Drinking,Drinking,ID10+cam_4+1690314461_14-47-41.jpg,cow_10,MmCows (UW-Madison Arlington),cam_4,1690314461,,,
train,PlayBehavior,Leap,leap,pb_6fe32eee.jpg,EEM-9,Eem,ch04,,Eem_2024-06-19,0088652.jpg,frames/Eem_2024-06-19/Eem_2024-06-19_video030.tar
train,MmCows,Walking,Walking,ID14+cam_1+1690319336_16-08-56.jpg,cow_14,MmCows (UW-Madison Arlington),cam_1,1690319336,,,
train,MmCows,Drinking,Drinking,ID15+cam_2+1690274891_03-48-11.jpg,cow_15,MmCows (UW-Madison Arlington),cam_2,1690274891,,,
train,PlayBehavior,Gallop,gallop,pb_133aa390.jpg,TOL-2642,Tol,ch01,,Tol2_2024-06-11_PM,0136463.jpg,frames/Tol2_2024-06-11_PM/Tol2_2024-06-11_PM_video046.tar
train,MmCows,Walking,Walking,ID12+cam_1+1690328441_18-40-41.jpg,cow_12,MmCows (UW-Madison Arlington),cam_1,1690328441,,,
train,MmCows,Standing,Standing,ID8+cam_3+1690280246_05-17-26.jpg,cow_8,MmCows (UW-Madison Arlington),cam_3,1690280246,,,
train,PlayBehavior,Frontal pushing,frontal_pushing,pb_12897a7d.jpg,TOL-2644,Tol,ch01,,Tol2_2024-06-11_PM,0138106.jpg,frames/Tol2_2024-06-11_PM/Tol2_2024-06-11_PM_video047.tar
train,MmCows,Eating head up,Feeding head up,ID16+cam_4+1690313126_14-25-26.jpg,cow_16,MmCows (UW-Madison Arlington),cam_4,1690313126,,,
train,MmCows,Walking,Walking,ID3+cam_2+1690306346_12-32-26.jpg,cow_3,MmCows (UW-Madison Arlington),cam_2,1690306346,,,
train,MmCows,Walking,Walking,ID15+cam_2+1690338956_21-35-56.jpg,cow_15,MmCows (UW-Madison Arlington),cam_2,1690338956,,,
train,MmCows,Lying,Lying,ID16+cam_3+1690343666_22-54-26.jpg,cow_16,MmCows (UW-Madison Arlington),cam_3,1690343666,,,
train,MmCows,Eating head down,Feeding head down,ID3+cam_4+1690288121_07-28-41.jpg,cow_3,MmCows (UW-Madison Arlington),cam_4,1690288121,,,
train,MmCows,Drinking,Drinking,ID12+cam_2+1690288631_07-37-11.jpg,cow_12,MmCows (UW-Madison Arlington),cam_2,1690288631,,,
train,MmCows,Eating head up,Feeding head up,ID6+cam_4+1690290161_08-02-41.jpg,cow_6,MmCows (UW-Madison Arlington),cam_4,1690290161,,,
train,PlayBehavior,Frontal pushing,frontal_pushing,pb_addebea0.jpg,TOL-2644,Tol,ch01,,Tol2_2024-06-11_PM,0138194.jpg,frames/Tol2_2024-06-11_PM/Tol2_2024-06-11_PM_video047.tar
train,PlayBehavior,Frontal pushing,frontal_pushing,pb_b1d84dde.jpg,TOL-2644,Tol,ch01,,Tol2_2024-06-11_PM,0134749.jpg,frames/Tol2_2024-06-11_PM/Tol2_2024-06-11_PM_video045.tar
train,MmCows,Walking,Walking,ID8+cam_2+1690279841_05-10-41.jpg,cow_8,MmCows (UW-Madison Arlington),cam_2,1690279841,,,
train,PlayBehavior,Gallop,gallop,pb_ce8a6bbd.jpg,TOL-2644,Tol,ch01,,Tol2_2024-06-11_PM,0137417.jpg,frames/Tol2_2024-06-11_PM/Tol2_2024-06-11_PM_video046.tar
train,MmCows,Eating head down,Feeding head down,ID2+cam_4+1690299941_10-45-41.jpg,cow_2,MmCows (UW-Madison Arlington),cam_4,1690299941,,,
train,MmCows,Walking,Walking,ID8+cam_4+1690343006_22-43-26.jpg,cow_8,MmCows (UW-Madison Arlington),cam_4,1690343006,,,
train,MmCows,Lying,Lying,ID8+cam_2+1690327241_18-20-41.jpg,cow_8,MmCows (UW-Madison Arlington),cam_2,1690327241,,,
train,MmCows,Lying,Lying,ID15+cam_3+1690323746_17-22-26.jpg,cow_15,MmCows (UW-Madison Arlington),cam_3,1690323746,,,
train,MmCows,Standing,Standing,ID5+cam_3+1690289396_07-49-56.jpg,cow_5,MmCows (UW-Madison Arlington),cam_3,1690289396,,,
train,PlayBehavior,Gallop,gallop,pb_e6d29871.jpg,TOL-2644,Tol,ch01,,Tol2_2024-06-11_PM,0137165.jpg,frames/Tol2_2024-06-11_PM/Tol2_2024-06-11_PM_video046.tar
train,MmCows,Lying,Lying,ID3+cam_3+1690338431_21-27-11.jpg,cow_3,MmCows (UW-Madison Arlington),cam_3,1690338431,,,
train,MmCows,Eating head down,Feeding head down,ID16+cam_3+1690272776_03-12-56.jpg,cow_16,MmCows (UW-Madison Arlington),cam_3,1690272776,,,
train,MmCows,Standing,Standing,ID6+cam_1+1690338596_21-29-56.jpg,cow_6,MmCows (UW-Madison Arlington),cam_1,1690338596,,,
train,MmCows,Drinking,Drinking,ID15+cam_1+1690332326_19-45-26.jpg,cow_15,MmCows (UW-Madison Arlington),cam_1,1690332326,,,
train,MmCows,Drinking,Drinking,ID15+cam_1+1690308731_13-12-11.jpg,cow_15,MmCows (UW-Madison Arlington),cam_1,1690308731,,,
train,MmCows,Lying,Lying,ID13+cam_1+1690343501_22-51-41.jpg,cow_13,MmCows (UW-Madison Arlington),cam_1,1690343501,,,
train,MmCows,Lying,Lying,ID12+cam_2+1690323911_17-25-11.jpg,cow_12,MmCows (UW-Madison Arlington),cam_2,1690323911,,,
train,MmCows,Standing,Standing,ID4+cam_2+1690339751_21-49-11.jpg,cow_4,MmCows (UW-Madison Arlington),cam_2,1690339751,,,
train,PlayBehavior,Frontal pushing,frontal_pushing,pb_c9b5c86d.jpg,TOL-2642,Tol,ch01,,Tol2_2024-06-11_PM,0136380.jpg,frames/Tol2_2024-06-11_PM/Tol2_2024-06-11_PM_video046.tar
train,MmCows,Walking,Walking,ID14+cam_1+1690279511_05-05-11.jpg,cow_14,MmCows (UW-Madison Arlington),cam_1,1690279511,,,
train,PlayBehavior,Gallop,gallop,pb_cb2447ff.jpg,EEM-9,Eem,ch04,,Eem_2024-06-19,0088933.jpg,frames/Eem_2024-06-19/Eem_2024-06-19_video030.tar
train,PlayBehavior,Leap,leap,pb_a82a6a98.jpg,EEM-9,Eem,ch04,,Eem_2024-06-19,0088929.jpg,frames/Eem_2024-06-19/Eem_2024-06-19_video030.tar
train,PlayBehavior,Leap,leap,pb_29d38d7e.jpg,TOL-2644,Tol,ch01,,Tol_2024-04-24,0046816.jpg,frames/Tol_2024-04-24/Tol_2024-04-24_video016.tar
train,MmCows,Eating head down,Feeding head down,ID6+cam_4+1690277021_04-23-41.jpg,cow_6,MmCows (UW-Madison Arlington),cam_4,1690277021,,,
train,MmCows,Walking,Walking,ID10+cam_3+1690290371_08-06-11.jpg,cow_10,MmCows (UW-Madison Arlington),cam_3,1690290371,,,
train,MmCows,Standing,Standing,ID2+cam_4+1690281176_05-32-56.jpg,cow_2,MmCows (UW-Madison Arlington),cam_4,1690281176,,,
train,MmCows,Walking,Walking,ID5+cam_1+1690336076_20-47-56.jpg,cow_5,MmCows (UW-Madison Arlington),cam_1,1690336076,,,
train,MmCows,Walking,Walking,ID9+cam_2+1690334336_20-18-56.jpg,cow_9,MmCows (UW-Madison Arlington),cam_2,1690334336,,,
train,MmCows,Standing,Standing,ID11+cam_3+1690342466_22-34-26.jpg,cow_11,MmCows (UW-Madison Arlington),cam_3,1690342466,,,
train,PlayBehavior,Leap,leap,pb_59183582.jpg,TOL-2642,Tol,ch01,,Tol2_2024-06-11_PM,0135417.jpg,frames/Tol2_2024-06-11_PM/Tol2_2024-06-11_PM_video046.tar
train,MmCows,Eating head up,Feeding head up,ID11+cam_4+1690293686_09-01-26.jpg,cow_11,MmCows (UW-Madison Arlington),cam_4,1690293686,,,
train,PlayBehavior,Frontal pushing,frontal_pushing,pb_511a04a0.jpg,TOL-2644,Tol,ch01,,Tol2_2024-06-11_PM,0135318.jpg,frames/Tol2_2024-06-11_PM/Tol2_2024-06-11_PM_video046.tar
train,MmCows,Drinking,Drinking,ID2+cam_4+1690279511_05-05-11.jpg,cow_2,MmCows (UW-Madison Arlington),cam_4,1690279511,,,
train,PlayBehavior,Frontal pushing,frontal_pushing,pb_51bf199e.jpg,TOL-2644,Tol,ch01,,Tol2_2024-06-11_PM,0142022.jpg,frames/Tol2_2024-06-11_PM/Tol2_2024-06-11_PM_video048.tar
train,MmCows,Eating head down,Feeding head down,ID6+cam_4+1690335311_20-35-11.jpg,cow_6,MmCows (UW-Madison Arlington),cam_4,1690335311,,,
train,PlayBehavior,Leap,leap,pb_7b0d75aa.jpg,TOL-2644,Tol,ch01,,Tol2_2024-06-11_PM,0134842.jpg,frames/Tol2_2024-06-11_PM/Tol2_2024-06-11_PM_video045.tar
train,MmCows,Lying,Lying,ID11+cam_4+1690328741_18-45-41.jpg,cow_11,MmCows (UW-Madison Arlington),cam_4,1690328741,,,
train,MmCows,Lying,Lying,ID11+cam_3+1690303736_11-48-56.jpg,cow_11,MmCows (UW-Madison Arlington),cam_3,1690303736,,,
train,PlayBehavior,Gallop,gallop,pb_c833157c.jpg,EEM-9,Eem,ch04,,Eem_2024-06-19,0088879.jpg,frames/Eem_2024-06-19/Eem_2024-06-19_video030.tar
train,MmCows,Eating head down,Feeding head down,ID15+cam_3+1690292726_08-45-26.jpg,cow_15,MmCows (UW-Madison Arlington),cam_3,1690292726,,,
train,MmCows,Lying,Lying,ID8+cam_4+1690341056_22-10-56.jpg,cow_8,MmCows (UW-Madison Arlington),cam_4,1690341056,,,
train,PlayBehavior,Frontal pushing,frontal_pushing,pb_127e8bec.jpg,EEM-9,Eem,ch04,,Eem_2024-06-19,0091292.jpg,frames/Eem_2024-06-19/Eem_2024-06-19_video031.tar
train,PlayBehavior,Leap,leap,pb_7aba84c9.jpg,TOL-2644,Tol,ch01,,Tol2_2024-06-11_PM,0135039.jpg,frames/Tol2_2024-06-11_PM/Tol2_2024-06-11_PM_video046.tar
train,PlayBehavior,Frontal pushing,frontal_pushing,pb_61f3522f.jpg,TOL-2642,Tol,ch01,,Tol2_2024-06-11_PM,0145172.jpg,frames/Tol2_2024-06-11_PM/Tol2_2024-06-11_PM_video049.tar
train,MmCows,Lying,Lying,ID10+cam_1+1690336286_20-51-26.jpg,cow_10,MmCows (UW-Madison Arlington),cam_1,1690336286,,,
train,PlayBehavior,Leap,leap,pb_379e7f3f.jpg,TOL-2644,Tol,ch01,,Tol_2024-04-24,0047404.jpg,frames/Tol_2024-04-24/Tol_2024-04-24_video016.tar
train,MmCows,Walking,Walking,ID5+cam_4+1690298501_10-21-41.jpg,cow_5,MmCows (UW-Madison Arlington),cam_4,1690298501,,,
train,MmCows,Standing,Standing,ID11+cam_2+1690275566_03-59-26.jpg,cow_11,MmCows (UW-Madison Arlington),cam_2,1690275566,,,
train,PlayBehavior,Gallop,gallop,pb_baa09690.jpg,TOL-2642,Tol,ch01,,Tol2_2024-06-11_PM,0136665.jpg,frames/Tol2_2024-06-11_PM/Tol2_2024-06-11_PM_video046.tar
train,MmCows,Eating head up,Feeding head up,ID11+cam_3+1690313291_14-28-11.jpg,cow_11,MmCows (UW-Madison Arlington),cam_3,1690313291,,,
train,MmCows,Eating head down,Feeding head down,ID16+cam_4+1690322126_16-55-26.jpg,cow_16,MmCows (UW-Madison Arlington),cam_4,1690322126,,,
train,PlayBehavior,Frontal pushing,frontal_pushing,pb_0b515c76.jpg,TOL-2642,Tol,ch01,,Tol2_2024-06-11_PM,0135651.jpg,frames/Tol2_2024-06-11_PM/Tol2_2024-06-11_PM_video046.tar
train,MmCows,Lying,Lying,ID3+cam_2+1690316831_15-27-11.jpg,cow_3,MmCows (UW-Madison Arlington),cam_2,1690316831,,,
train,MmCows,Eating head up,Feeding head up,ID15+cam_3+1690292771_08-46-11.jpg,cow_15,MmCows (UW-Madison Arlington),cam_3,1690292771,,,
train,MmCows,Standing,Standing,ID15+cam_3+1690308476_13-07-56.jpg,cow_15,MmCows (UW-Madison Arlington),cam_3,1690308476,,,
train,PlayBehavior,Gallop,gallop,pb_ef5fce46.jpg,EEM-9,Eem,ch04,,Eem_2024-06-19,0089165.jpg,frames/Eem_2024-06-19/Eem_2024-06-19_video030.tar
train,MmCows,Eating head up,Feeding head up,ID4+cam_4+1690286246_06-57-26.jpg,cow_4,MmCows (UW-Madison Arlington),cam_4,1690286246,,,
train,MmCows,Drinking,Drinking,ID6+cam_4+1690276931_04-22-11.jpg,cow_6,MmCows (UW-Madison Arlington),cam_4,1690276931,,,
train,MmCows,Drinking,Drinking,ID14+cam_2+1690316801_15-26-41.jpg,cow_14,MmCows (UW-Madison Arlington),cam_2,1690316801,,,
train,MmCows,Walking,Walking,ID6+cam_3+1690331951_19-39-11.jpg,cow_6,MmCows (UW-Madison Arlington),cam_3,1690331951,,,
train,PlayBehavior,Frontal pushing,frontal_pushing,pb_b3855452.jpg,EEM-9,Eem,ch04,,Eem_2024-06-19,0089447.jpg,frames/Eem_2024-06-19/Eem_2024-06-19_video030.tar
train,MmCows,Drinking,Drinking,ID12+cam_3+1690309916_13-31-56.jpg,cow_12,MmCows (UW-Madison Arlington),cam_3,1690309916,,,
train,PlayBehavior,Frontal pushing,frontal_pushing,pb_f59c80d7.jpg,TOL-2644,Tol,ch01,,Tol2_2024-06-11_PM,0150752.jpg,frames/Tol2_2024-06-11_PM/Tol2_2024-06-11_PM_video051.tar
train,MmCows,Walking,Walking,ID9+cam_4+1690288526_07-35-26.jpg,cow_9,MmCows (UW-Madison Arlington),cam_4,1690288526,,,
train,MmCows,Drinking,Drinking,ID1+cam_2+1690290641_08-10-41.jpg,cow_1,MmCows (UW-Madison Arlington),cam_2,1690290641,,,
train,MmCows,Lying,Lying,ID14+cam_1+1690336136_20-48-56.jpg,cow_14,MmCows (UW-Madison Arlington),cam_1,1690336136,,,
train,PlayBehavior,Leap,leap,pb_13e82ba6.jpg,TOL-2644,Tol,ch01,,Tol2_2024-06-11_PM,0137740.jpg,frames/Tol2_2024-06-11_PM/Tol2_2024-06-11_PM_video046.tar
train,MmCows,Lying,Lying,ID9+cam_3+1690293686_09-01-26.jpg,cow_9,MmCows (UW-Madison Arlington),cam_3,1690293686,,,
train,PlayBehavior,Gallop,gallop,pb_32c67cb6.jpg,EEM-9,Eem,ch04,,Eem_2024-06-19,0089054.jpg,frames/Eem_2024-06-19/Eem_2024-06-19_video030.tar
train,MmCows,Standing,Standing,ID5+cam_1+1690346021_23-33-41.jpg,cow_5,MmCows (UW-Madison Arlington),cam_1,1690346021,,,
train,MmCows,Walking,Walking,ID1+cam_4+1690317101_15-31-41.jpg,cow_1,MmCows (UW-Madison Arlington),cam_4,1690317101,,,
train,MmCows,Standing,Standing,ID12+cam_2+1690292966_08-49-26.jpg,cow_12,MmCows (UW-Madison Arlington),cam_2,1690292966,,,
train,MmCows,Walking,Walking,ID12+cam_1+1690273136_03-18-56.jpg,cow_12,MmCows (UW-Madison Arlington),cam_1,1690273136,,,
train,PlayBehavior,Gallop,gallop,pb_d17cf08e.jpg,TOL-2642,Tol,ch01,,Tol2_2024-06-11_PM,0136676.jpg,frames/Tol2_2024-06-11_PM/Tol2_2024-06-11_PM_video046.tar
train,PlayBehavior,Leap,leap,pb_803d801b.jpg,TOL-2644,Tol,ch01,,Tol2_2024-06-11_PM,0137734.jpg,frames/Tol2_2024-06-11_PM/Tol2_2024-06-11_PM_video046.tar
train,MmCows,Drinking,Drinking,ID3+cam_2+1690335236_20-33-56.jpg,cow_3,MmCows (UW-Madison Arlington),cam_2,1690335236,,,
train,MmCows,Eating head down,Feeding head down,ID15+cam_4+1690309466_13-24-26.jpg,cow_15,MmCows (UW-Madison Arlington),cam_4,1690309466,,,
train,MmCows,Lying,Lying,ID8+cam_2+1690272941_03-15-41.jpg,cow_8,MmCows (UW-Madison Arlington),cam_2,1690272941,,,
train,MmCows,Standing,Standing,ID7+cam_4+1690279721_05-08-41.jpg,cow_7,MmCows (UW-Madison Arlington),cam_4,1690279721,,,
train,MmCows,Drinking,Drinking,ID11+cam_4+1690295471_09-31-11.jpg,cow_11,MmCows (UW-Madison Arlington),cam_4,1690295471,,,
train,MmCows,Eating head down,Feeding head down,ID3+cam_3+1690343441_22-50-41.jpg,cow_3,MmCows (UW-Madison Arlington),cam_3,1690343441,,,
train,MmCows,Drinking,Drinking,ID2+cam_1+1690299356_10-35-56.jpg,cow_2,MmCows (UW-Madison Arlington),cam_1,1690299356,,,
train,MmCows,Eating head up,Feeding head up,ID10+cam_2+1690300706_10-58-26.jpg,cow_10,MmCows (UW-Madison Arlington),cam_2,1690300706,,,
train,MmCows,Standing,Standing,ID10+cam_4+1690316006_15-13-26.jpg,cow_10,MmCows (UW-Madison Arlington),cam_4,1690316006,,,
train,MmCows,Eating head down,Feeding head down,ID9+cam_3+1690310636_13-43-56.jpg,cow_9,MmCows (UW-Madison Arlington),cam_3,1690310636,,,
train,MmCows,Eating head down,Feeding head down,ID6+cam_3+1690310711_13-45-11.jpg,cow_6,MmCows (UW-Madison Arlington),cam_3,1690310711,,,
train,MmCows,Lying,Lying,ID5+cam_1+1690333301_20-01-41.jpg,cow_5,MmCows (UW-Madison Arlington),cam_1,1690333301,,,
train,PlayBehavior,Frontal pushing,frontal_pushing,pb_420e5a42.jpg,EEM-9,Eem,ch04,,Eem_2024-06-19,0089410.jpg,frames/Eem_2024-06-19/Eem_2024-06-19_video030.tar
train,MmCows,Eating head up,Feeding head up,ID11+cam_1+1690332041_19-40-41.jpg,cow_11,MmCows (UW-Madison Arlington),cam_1,1690332041,,,
train,MmCows,Drinking,Drinking,ID11+cam_1+1690319276_16-07-56.jpg,cow_11,MmCows (UW-Madison Arlington),cam_1,1690319276,,,
train,MmCows,Eating head down,Feeding head down,ID13+cam_3+1690332236_19-43-56.jpg,cow_13,MmCows (UW-Madison Arlington),cam_3,1690332236,,,
train,MmCows,Lying,Lying,ID2+cam_2+1690294841_09-20-41.jpg,cow_2,MmCows (UW-Madison Arlington),cam_2,1690294841,,,
train,PlayBehavior,Frontal pushing,frontal_pushing,pb_95a864ef.jpg,TOL-2642,Tol,ch01,,Tol2_2024-06-11_PM,0138121.jpg,frames/Tol2_2024-06-11_PM/Tol2_2024-06-11_PM_video047.tar
train,MmCows,Walking,Walking,ID9+cam_1+1690279436_05-03-56.jpg,cow_9,MmCows (UW-Madison Arlington),cam_1,1690279436,,,
train,MmCows,Lying,Lying,ID12+cam_4+1690284446_06-27-26.jpg,cow_12,MmCows (UW-Madison Arlington),cam_4,1690284446,,,
train,PlayBehavior,Gallop,gallop,pb_55527781.jpg,TOL-2642,Tol,ch01,,Tol2_2024-06-11_PM,0137442.jpg,frames/Tol2_2024-06-11_PM/Tol2_2024-06-11_PM_video046.tar
train,MmCows,Drinking,Drinking,ID10+cam_4+1690301636_11-13-56.jpg,cow_10,MmCows (UW-Madison Arlington),cam_4,1690301636,,,
train,MmCows,Eating head up,Feeding head up,ID12+cam_3+1690276181_04-09-41.jpg,cow_12,MmCows (UW-Madison Arlington),cam_3,1690276181,,,
train,MmCows,Lying,Lying,ID11+cam_1+1690272791_03-13-11.jpg,cow_11,MmCows (UW-Madison Arlington),cam_1,1690272791,,,
train,MmCows,Standing,Standing,ID15+cam_4+1690281656_05-40-56.jpg,cow_15,MmCows (UW-Madison Arlington),cam_4,1690281656,,,
train,MmCows,Standing,Standing,ID12+cam_1+1690314836_14-53-56.jpg,cow_12,MmCows (UW-Madison Arlington),cam_1,1690314836,,,
train,MmCows,Eating head up,Feeding head up,ID11+cam_4+1690344881_23-14-41.jpg,cow_11,MmCows (UW-Madison Arlington),cam_4,1690344881,,,
train,MmCows,Drinking,Drinking,ID16+cam_3+1690339256_21-40-56.jpg,cow_16,MmCows (UW-Madison Arlington),cam_3,1690339256,,,
train,PlayBehavior,Gallop,gallop,pb_b2e29dc1.jpg,EEM-9,Eem,ch04,,Eem_2024-06-19,0088873.jpg,frames/Eem_2024-06-19/Eem_2024-06-19_video030.tar
train,PlayBehavior,Frontal pushing,frontal_pushing,pb_0cdedbb2.jpg,TOL-2642,Tol,ch01,,Tol2_2024-06-11_PM,0134864.jpg,frames/Tol2_2024-06-11_PM/Tol2_2024-06-11_PM_video045.tar
train,PlayBehavior,Leap,leap,pb_4d240667.jpg,TOL-2642,Tol,ch01,,Tol_2024-04-24,0066746.jpg,frames/Tol_2024-04-24/Tol_2024-04-24_video023.tar
train,MmCows,Eating head down,Feeding head down,ID16+cam_3+1690330226_19-10-26.jpg,cow_16,MmCows (UW-Madison Arlington),cam_3,1690330226,,,
train,MmCows,Lying,Lying,ID1+cam_3+1690307036_12-43-56.jpg,cow_1,MmCows (UW-Madison Arlington),cam_3,1690307036,,,
train,MmCows,Eating head down,Feeding head down,ID15+cam_4+1690291556_08-25-56.jpg,cow_15,MmCows (UW-Madison Arlington),cam_4,1690291556,,,
train,MmCows,Standing,Standing,ID6+cam_2+1690312256_14-10-56.jpg,cow_6,MmCows (UW-Madison Arlington),cam_2,1690312256,,,
train,MmCows,Eating head up,Feeding head up,ID10+cam_4+1690331591_19-33-11.jpg,cow_10,MmCows (UW-Madison Arlington),cam_4,1690331591,,,
train,PlayBehavior,Frontal pushing,frontal_pushing,pb_40edc2c9.jpg,EEM-9,Eem,ch04,,Eem_2024-06-19,0090773.jpg,frames/Eem_2024-06-19/Eem_2024-06-19_video031.tar
train,MmCows,Eating head up,Feeding head up,ID13+cam_4+1690313531_14-32-11.jpg,cow_13,MmCows (UW-Madison Arlington),cam_4,1690313531,,,
train,MmCows,Eating head down,Feeding head down,ID8+cam_3+1690331111_19-25-11.jpg,cow_8,MmCows (UW-Madison Arlington),cam_3,1690331111,,,
train,MmCows,Drinking,Drinking,ID15+cam_1+1690308716_13-11-56.jpg,cow_15,MmCows (UW-Madison Arlington),cam_1,1690308716,,,
train,MmCows,Drinking,Drinking,ID12+cam_3+1690331216_19-26-56.jpg,cow_12,MmCows (UW-Madison Arlington),cam_3,1690331216,,,
train,MmCows,Eating head down,Feeding head down,ID3+cam_3+1690320851_16-34-11.jpg,cow_3,MmCows (UW-Madison Arlington),cam_3,1690320851,,,
train,MmCows,Standing,Standing,ID2+cam_3+1690330451_19-14-11.jpg,cow_2,MmCows (UW-Madison Arlington),cam_3,1690330451,,,
train,MmCows,Eating head up,Feeding head up,ID12+cam_4+1690276556_04-15-56.jpg,cow_12,MmCows (UW-Madison Arlington),cam_4,1690276556,,,
train,PlayBehavior,Frontal pushing,frontal_pushing,pb_e3c03066.jpg,TOL-2642,Tol,ch01,,Tol2_2024-06-11_PM,0134039.jpg,frames/Tol2_2024-06-11_PM/Tol2_2024-06-11_PM_video045.tar
train,PlayBehavior,Gallop,gallop,pb_19d53921.jpg,TOL-2642,Tol,ch01,,Tol2_2024-06-11_PM,0136680.jpg,frames/Tol2_2024-06-11_PM/Tol2_2024-06-11_PM_video046.tar
train,MmCows,Eating head down,Feeding head down,ID15+cam_4+1690310291_13-38-11.jpg,cow_15,MmCows (UW-Madison Arlington),cam_4,1690310291,,,
train,PlayBehavior,Gallop,gallop,pb_c0e28c41.jpg,TOL-2642,Tol,ch01,,Tol2_2024-06-11_PM,0136981.jpg,frames/Tol2_2024-06-11_PM/Tol2_2024-06-11_PM_video046.tar
train,PlayBehavior,Gallop,gallop,pb_2a79d429.jpg,TOL-2644,Tol,ch01,,Tol2_2024-06-11_PM,0137003.jpg,frames/Tol2_2024-06-11_PM/Tol2_2024-06-11_PM_video046.tar
train,MmCows,Drinking,Drinking,ID4+cam_2+1690288316_07-31-56.jpg,cow_4,MmCows (UW-Madison Arlington),cam_2,1690288316,,,
train,PlayBehavior,Leap,leap,pb_16707361.jpg,TOL-2642,Tol,ch01,,Tol2_2024-06-11_PM,0137306.jpg,frames/Tol2_2024-06-11_PM/Tol2_2024-06-11_PM_video046.tar
train,MmCows,Eating head down,Feeding head down,ID6+cam_3+1690333706_20-08-26.jpg,cow_6,MmCows (UW-Madison Arlington),cam_3,1690333706,,,
train,MmCows,Walking,Walking,ID14+cam_1+1690294136_09-08-56.jpg,cow_14,MmCows (UW-Madison Arlington),cam_1,1690294136,,,
train,MmCows,Lying,Lying,ID13+cam_2+1690334666_20-24-26.jpg,cow_13,MmCows (UW-Madison Arlington),cam_2,1690334666,,,
train,MmCows,Drinking,Drinking,ID11+cam_3+1690342451_22-34-11.jpg,cow_11,MmCows (UW-Madison Arlington),cam_3,1690342451,,,
train,PlayBehavior,Leap,leap,pb_e1e20a1d.jpg,TOL-2644,Tol,ch01,,Tol2_2024-06-11_PM,0137289.jpg,frames/Tol2_2024-06-11_PM/Tol2_2024-06-11_PM_video046.tar
train,PlayBehavior,Gallop,gallop,pb_9bc31022.jpg,TOL-2642,Tol,ch01,,Tol2_2024-06-11_PM,0137012.jpg,frames/Tol2_2024-06-11_PM/Tol2_2024-06-11_PM_video046.tar
train,PlayBehavior,Frontal pushing,frontal_pushing,pb_4b33b6bf.jpg,TOL-2642,Tol,ch01,,Tol2_2024-06-11_PM,0134036.jpg,frames/Tol2_2024-06-11_PM/Tol2_2024-06-11_PM_video045.tar
train,MmCows,Lying,Lying,ID14+cam_1+1690300646_10-57-26.jpg,cow_14,MmCows (UW-Madison Arlington),cam_1,1690300646,,,
train,MmCows,Standing,Standing,ID8+cam_1+1690342781_22-39-41.jpg,cow_8,MmCows (UW-Madison Arlington),cam_1,1690342781,,,
train,PlayBehavior,Leap,leap,pb_ea710b1f.jpg,TOL-2644,Tol,ch01,,Tol_2024-04-24,0047412.jpg,frames/Tol_2024-04-24/Tol_2024-04-24_video016.tar
train,MmCows,Walking,Walking,ID14+cam_3+1690327991_18-33-11.jpg,cow_14,MmCows (UW-Madison Arlington),cam_3,1690327991,,,
train,MmCows,Eating head down,Feeding head down,ID5+cam_3+1690290881_08-14-41.jpg,cow_5,MmCows (UW-Madison Arlington),cam_3,1690290881,,,
train,MmCows,Standing,Standing,ID9+cam_4+1690274726_03-45-26.jpg,cow_9,MmCows (UW-Madison Arlington),cam_4,1690274726,,,
train,MmCows,Eating head up,Feeding head up,ID3+cam_4+1690290701_08-11-41.jpg,cow_3,MmCows (UW-Madison Arlington),cam_4,1690290701,,,
train,MmCows,Walking,Walking,ID8+cam_3+1690322921_17-08-41.jpg,cow_8,MmCows (UW-Madison Arlington),cam_3,1690322921,,,
train,PlayBehavior,Frontal pushing,frontal_pushing,pb_c81cf913.jpg,TOL-2642,Tol,ch01,,Tol2_2024-06-11_PM,0142136.jpg,frames/Tol2_2024-06-11_PM/Tol2_2024-06-11_PM_video048.tar
train,MmCows,Lying,Lying,ID2+cam_2+1690304201_11-56-41.jpg,cow_2,MmCows (UW-Madison Arlington),cam_2,1690304201,,,
train,MmCows,Lying,Lying,ID10+cam_4+1690273676_03-27-56.jpg,cow_10,MmCows (UW-Madison Arlington),cam_4,1690273676,,,
train,MmCows,Walking,Walking,ID5+cam_4+1690330376_19-12-56.jpg,cow_5,MmCows (UW-Madison Arlington),cam_4,1690330376,,,
train,MmCows,Walking,Walking,ID6+cam_2+1690338536_21-28-56.jpg,cow_6,MmCows (UW-Madison Arlington),cam_2,1690338536,,,
train,PlayBehavior,Gallop,gallop,pb_85794006.jpg,TOL-2642,Tol,ch01,,Tol2_2024-06-11_PM,0136460.jpg,frames/Tol2_2024-06-11_PM/Tol2_2024-06-11_PM_video046.tar
train,MmCows,Standing,Standing,ID3+cam_3+1690312841_14-20-41.jpg,cow_3,MmCows (UW-Madison Arlington),cam_3,1690312841,,,
train,PlayBehavior,Leap,leap,pb_90e6fa79.jpg,TOL-2644,Tol,ch01,,Tol2_2024-06-11_PM,0137591.jpg,frames/Tol2_2024-06-11_PM/Tol2_2024-06-11_PM_video046.tar
train,MmCows,Lying,Lying,ID5+cam_2+1690331651_19-34-11.jpg,cow_5,MmCows (UW-Madison Arlington),cam_2,1690331651,,,
train,MmCows,Standing,Standing,ID5+cam_1+1690300451_10-54-11.jpg,cow_5,MmCows (UW-Madison Arlington),cam_1,1690300451,,,
train,MmCows,Walking,Walking,ID5+cam_3+1690282976_06-02-56.jpg,cow_5,MmCows (UW-Madison Arlington),cam_3,1690282976,,,
train,MmCows,Drinking,Drinking,ID7+cam_4+1690298486_10-21-26.jpg,cow_7,MmCows (UW-Madison Arlington),cam_4,1690298486,,,
train,MmCows,Eating head down,Feeding head down,ID4+cam_3+1690289006_07-43-26.jpg,cow_4,MmCows (UW-Madison Arlington),cam_3,1690289006,,,
train,MmCows,Eating head down,Feeding head down,ID2+cam_3+1690291631_08-27-11.jpg,cow_2,MmCows (UW-Madison Arlington),cam_3,1690291631,,,
train,PlayBehavior,Leap,leap,pb_30bb785c.jpg,TOL-2644,Tol,,,Tol2_2024-06-11_AM,0074058.jpg,frames/Tol2_2024-06-11_AM/Tol2_2024-06-11_AM_video025.tar
train,MmCows,Eating head up,Feeding head up,ID11+cam_2+1690294271_09-11-11.jpg,cow_11,MmCows (UW-Madison Arlington),cam_2,1690294271,,,
train,MmCows,Drinking,Drinking,ID6+cam_1+1690305941_12-25-41.jpg,cow_6,MmCows (UW-Madison Arlington),cam_1,1690305941,,,
train,MmCows,Eating head down,Feeding head down,ID11+cam_4+1690292576_08-42-56.jpg,cow_11,MmCows (UW-Madison Arlington),cam_4,1690292576,,,
train,PlayBehavior,Gallop,gallop,pb_0c4f79e2.jpg,TOL-2642,Tol,ch01,,Tol2_2024-06-11_PM,0137438.jpg,frames/Tol2_2024-06-11_PM/Tol2_2024-06-11_PM_video046.tar
train,MmCows,Eating head up,Feeding head up,ID2+cam_3+1690329251_18-54-11.jpg,cow_2,MmCows (UW-Madison Arlington),cam_3,1690329251,,,
train,MmCows,Eating head up,Feeding head up,ID5+cam_4+1690274891_03-48-11.jpg,cow_5,MmCows (UW-Madison Arlington),cam_4,1690274891,,,
train,MmCows,Drinking,Drinking,ID1+cam_2+1690322441_17-00-41.jpg,cow_1,MmCows (UW-Madison Arlington),cam_2,1690322441,,,
train,PlayBehavior,Gallop,gallop,pb_7b688727.jpg,TOL-2644,Tol,ch01,,Tol2_2024-06-11_PM,0137011.jpg,frames/Tol2_2024-06-11_PM/Tol2_2024-06-11_PM_video046.tar
train,MmCows,Drinking,Drinking,ID15+cam_1+1690332296_19-44-56.jpg,cow_15,MmCows (UW-Madison Arlington),cam_1,1690332296,,,
train,PlayBehavior,Leap,leap,pb_431b819b.jpg,TOL-2642,Tol,ch01,,Tol2_2024-06-11_PM,0137598.jpg,frames/Tol2_2024-06-11_PM/Tol2_2024-06-11_PM_video046.tar
train,PlayBehavior,Leap,leap,pb_d1a837f3.jpg,TOL-2644,Tol,ch01,,Tol2_2024-06-11_PM,0135691.jpg,frames/Tol2_2024-06-11_PM/Tol2_2024-06-11_PM_video046.tar
train,MmCows,Walking,Walking,ID4+cam_3+1690288226_07-30-26.jpg,cow_4,MmCows (UW-Madison Arlington),cam_3,1690288226,,,
train,MmCows,Walking,Walking,ID15+cam_1+1690332386_19-46-26.jpg,cow_15,MmCows (UW-Madison Arlington),cam_1,1690332386,,,
train,MmCows,Walking,Walking,ID15+cam_1+1690295111_09-25-11.jpg,cow_15,MmCows (UW-Madison Arlington),cam_1,1690295111,,,
train,MmCows,Eating head up,Feeding head up,ID4+cam_3+1690286726_07-05-26.jpg,cow_4,MmCows (UW-Madison Arlington),cam_3,1690286726,,,
train,MmCows,Eating head down,Feeding head down,ID5+cam_3+1690329056_18-50-56.jpg,cow_5,MmCows (UW-Madison Arlington),cam_3,1690329056,,,
train,MmCows,Eating head up,Feeding head up,ID4+cam_3+1690290101_08-01-41.jpg,cow_4,MmCows (UW-Madison Arlington),cam_3,1690290101,,,
train,PlayBehavior,Frontal pushing,frontal_pushing,pb_caa6c439.jpg,TOL-2642,Tol,ch01,,Tol2_2024-06-11_PM,0137398.jpg,frames/Tol2_2024-06-11_PM/Tol2_2024-06-11_PM_video046.tar
train,MmCows,Standing,Standing,ID2+cam_3+1690296941_09-55-41.jpg,cow_2,MmCows (UW-Madison Arlington),cam_3,1690296941,,,
train,MmCows,Drinking,Drinking,ID15+cam_4+1690289891_07-58-11.jpg,cow_15,MmCows (UW-Madison Arlington),cam_4,1690289891,,,
train,MmCows,Drinking,Drinking,ID7+cam_1+1690317011_15-30-11.jpg,cow_7,MmCows (UW-Madison Arlington),cam_1,1690317011,,,
train,MmCows,Standing,Standing,ID12+cam_4+1690340546_22-02-26.jpg,cow_12,MmCows (UW-Madison Arlington),cam_4,1690340546,,,
train,MmCows,Standing,Standing,ID12+cam_2+1690316741_15-25-41.jpg,cow_12,MmCows (UW-Madison Arlington),cam_2,1690316741,,,
train,MmCows,Lying,Lying,ID16+cam_4+1690304441_12-00-41.jpg,cow_16,MmCows (UW-Madison Arlington),cam_4,1690304441,,,
train,MmCows,Walking,Walking,ID13+cam_2+1690324766_17-39-26.jpg,cow_13,MmCows (UW-Madison Arlington),cam_2,1690324766,,,
train,MmCows,Standing,Standing,ID5+cam_3+1690335851_20-44-11.jpg,cow_5,MmCows (UW-Madison Arlington),cam_3,1690335851,,,
train,PlayBehavior,Leap,leap,pb_d9a36b86.jpg,TOL-2642,Tol,ch01,,Tol_2024-04-24,0046793.jpg,frames/Tol_2024-04-24/Tol_2024-04-24_video016.tar
train,MmCows,Eating head down,Feeding head down,ID9+cam_4+1690287416_07-16-56.jpg,cow_9,MmCows (UW-Madison Arlington),cam_4,1690287416,,,
train,PlayBehavior,Leap,leap,pb_2be35a9c.jpg,TOL-2642,Tol,ch01,,Tol2_2024-06-11_PM,0137313.jpg,frames/Tol2_2024-06-11_PM/Tol2_2024-06-11_PM_video046.tar
train,MmCows,Drinking,Drinking,ID11+cam_1+1690314086_14-41-26.jpg,cow_11,MmCows (UW-Madison Arlington),cam_1,1690314086,,,
train,MmCows,Lying,Lying,ID12+cam_3+1690282571_05-56-11.jpg,cow_12,MmCows (UW-Madison Arlington),cam_3,1690282571,,,
train,PlayBehavior,Frontal pushing,frontal_pushing,pb_5cc57330.jpg,TOL-2644,Tol,ch01,,Tol2_2024-06-11_PM,0138229.jpg,frames/Tol2_2024-06-11_PM/Tol2_2024-06-11_PM_video047.tar
train,MmCows,Walking,Walking,ID13+cam_2+1690332986_19-56-26.jpg,cow_13,MmCows (UW-Madison Arlington),cam_2,1690332986,,,
train,MmCows,Standing,Standing,ID2+cam_4+1690299086_10-31-26.jpg,cow_2,MmCows (UW-Madison Arlington),cam_4,1690299086,,,
train,MmCows,Lying,Lying,ID11+cam_2+1690290311_08-05-11.jpg,cow_11,MmCows (UW-Madison Arlington),cam_2,1690290311,,,
train,MmCows,Standing,Standing,ID2+cam_1+1690293566_08-59-26.jpg,cow_2,MmCows (UW-Madison Arlington),cam_1,1690293566,,,
train,MmCows,Drinking,Drinking,ID8+cam_4+1690343036_22-43-56.jpg,cow_8,MmCows (UW-Madison Arlington),cam_4,1690343036,,,
train,MmCows,Eating head down,Feeding head down,ID2+cam_3+1690300391_10-53-11.jpg,cow_2,MmCows (UW-Madison Arlington),cam_3,1690300391,,,
train,MmCows,Eating head up,Feeding head up,ID13+cam_3+1690309661_13-27-41.jpg,cow_13,MmCows (UW-Madison Arlington),cam_3,1690309661,,,
train,PlayBehavior,Gallop,gallop,pb_57e9b0f9.jpg,EEM-9,Eem,ch04,,Eem_2024-06-19,0089030.jpg,frames/Eem_2024-06-19/Eem_2024-06-19_video030.tar
train,PlayBehavior,Gallop,gallop,pb_72a44a64.jpg,TOL-2642,Tol,ch01,,Tol2_2024-06-11_PM,0137001.jpg,frames/Tol2_2024-06-11_PM/Tol2_2024-06-11_PM_video046.tar
train,MmCows,Lying,Lying,ID10+cam_1+1690295816_09-36-56.jpg,cow_10,MmCows (UW-Madison Arlington),cam_1,1690295816,,,
train,MmCows,Standing,Standing,ID14+cam_4+1690347116_23-51-56.jpg,cow_14,MmCows (UW-Madison Arlington),cam_4,1690347116,,,
train,MmCows,Eating head down,Feeding head down,ID9+cam_3+1690336691_20-58-11.jpg,cow_9,MmCows (UW-Madison Arlington),cam_3,1690336691,,,
train,PlayBehavior,Gallop,gallop,pb_96395037.jpg,TOL-2644,Tol,ch01,,Tol2_2024-06-11_PM,0136997.jpg,frames/Tol2_2024-06-11_PM/Tol2_2024-06-11_PM_video046.tar
train,MmCows,Eating head up,Feeding head up,ID2+cam_3+1690344716_23-11-56.jpg,cow_2,MmCows (UW-Madison Arlington),cam_3,1690344716,,,
train,MmCows,Lying,Lying,ID1+cam_4+1690315661_15-07-41.jpg,cow_1,MmCows (UW-Madison Arlington),cam_4,1690315661,,,
train,PlayBehavior,Gallop,gallop,pb_96e76adf.jpg,TOL-2642,Tol,ch01,,Tol2_2024-06-11_PM,0136683.jpg,frames/Tol2_2024-06-11_PM/Tol2_2024-06-11_PM_video046.tar
train,PlayBehavior,Frontal pushing,frontal_pushing,pb_c6baf5f9.jpg,TOL-2642,Tol,ch01,,Tol2_2024-06-11_PM,0138710.jpg,frames/Tol2_2024-06-11_PM/Tol2_2024-06-11_PM_video047.tar
train,PlayBehavior,Leap,leap,pb_cbf4cd54.jpg,TOL-2644,Tol,ch01,,Tol_2024-04-24,0047414.jpg,frames/Tol_2024-04-24/Tol_2024-04-24_video016.tar
train,PlayBehavior,Frontal pushing,frontal_pushing,pb_6866fdd4.jpg,EEM-9,Eem,ch04,,Eem_2024-06-19,0089629.jpg,frames/Eem_2024-06-19/Eem_2024-06-19_video030.tar
train,MmCows,Standing,Standing,ID5+cam_4+1690338176_21-22-56.jpg,cow_5,MmCows (UW-Madison Arlington),cam_4,1690338176,,,
train,MmCows,Drinking,Drinking,ID9+cam_2+1690319936_16-18-56.jpg,cow_9,MmCows (UW-Madison Arlington),cam_2,1690319936,,,
train,MmCows,Eating head down,Feeding head down,ID7+cam_4+1690319621_16-13-41.jpg,cow_7,MmCows (UW-Madison Arlington),cam_4,1690319621,,,
train,MmCows,Eating head up,Feeding head up,ID9+cam_4+1690303886_11-51-26.jpg,cow_9,MmCows (UW-Madison Arlington),cam_4,1690303886,,,
train,MmCows,Lying,Lying,ID3+cam_3+1690282796_05-59-56.jpg,cow_3,MmCows (UW-Madison Arlington),cam_3,1690282796,,,
train,MmCows,Eating head down,Feeding head down,ID9+cam_3+1690272536_03-08-56.jpg,cow_9,MmCows (UW-Madison Arlington),cam_3,1690272536,,,
train,MmCows,Drinking,Drinking,ID5+cam_2+1690279781_05-09-41.jpg,cow_5,MmCows (UW-Madison Arlington),cam_2,1690279781,,,
train,MmCows,Eating head down,Feeding head down,ID9+cam_4+1690304801_12-06-41.jpg,cow_9,MmCows (UW-Madison Arlington),cam_4,1690304801,,,
train,PlayBehavior,Leap,leap,pb_6cb17fc3.jpg,TOL-2644,Tol,ch01,,Tol_2024-04-24,0057843.jpg,frames/Tol_2024-04-24/Tol_2024-04-24_video020.tar
train,PlayBehavior,Gallop,gallop,pb_87b1dfcd.jpg,TOL-2642,Tol,ch01,,Tol2_2024-06-11_PM,0136663.jpg,frames/Tol2_2024-06-11_PM/Tol2_2024-06-11_PM_video046.tar
train,PlayBehavior,Leap,leap,pb_3adccf2a.jpg,TOL-2644,Tol,ch01,,Tol2_2024-06-11_PM,0137305.jpg,frames/Tol2_2024-06-11_PM/Tol2_2024-06-11_PM_video046.tar
train,MmCows,Drinking,Drinking,ID15+cam_1+1690289936_07-58-56.jpg,cow_15,MmCows (UW-Madison Arlington),cam_1,1690289936,,,
train,MmCows,Walking,Walking,ID8+cam_3+1690343306_22-48-26.jpg,cow_8,MmCows (UW-Madison Arlington),cam_3,1690343306,,,
train,MmCows,Standing,Standing,ID6+cam_2+1690322711_17-05-11.jpg,cow_6,MmCows (UW-Madison Arlington),cam_2,1690322711,,,
train,MmCows,Lying,Lying,ID3+cam_2+1690339961_21-52-41.jpg,cow_3,MmCows (UW-Madison Arlington),cam_2,1690339961,,,
train,PlayBehavior,Frontal pushing,frontal_pushing,pb_07d0d431.jpg,TOL-2644,Tol,ch01,,Tol2_2024-06-11_PM,0135359.jpg,frames/Tol2_2024-06-11_PM/Tol2_2024-06-11_PM_video046.tar
train,PlayBehavior,Gallop,gallop,pb_b3639faa.jpg,TOL-2644,Tol,ch01,,Tol2_2024-06-11_PM,0137158.jpg,frames/Tol2_2024-06-11_PM/Tol2_2024-06-11_PM_video046.tar
train,MmCows,Drinking,Drinking,ID2+cam_2+1690320866_16-34-26.jpg,cow_2,MmCows (UW-Madison Arlington),cam_2,1690320866,,,
train,MmCows,Lying,Lying,ID7+cam_1+1690339106_21-38-26.jpg,cow_7,MmCows (UW-Madison Arlington),cam_1,1690339106,,,
train,PlayBehavior,Frontal pushing,frontal_pushing,pb_47c25a7c.jpg,TOL-2642,Tol,ch01,,Tol2_2024-06-11_PM,0141534.jpg,frames/Tol2_2024-06-11_PM/Tol2_2024-06-11_PM_video048.tar
train,MmCows,Standing,Standing,ID11+cam_4+1690276001_04-06-41.jpg,cow_11,MmCows (UW-Madison Arlington),cam_4,1690276001,,,
train,PlayBehavior,Leap,leap,pb_8de8441e.jpg,TOL-2644,Tol,ch01,,Tol2_2024-06-11_PM,0135688.jpg,frames/Tol2_2024-06-11_PM/Tol2_2024-06-11_PM_video046.tar
train,PlayBehavior,Frontal pushing,frontal_pushing,pb_5308ead4.jpg,TOL-2642,Tol,ch01,,Tol2_2024-06-11_PM,0137572.jpg,frames/Tol2_2024-06-11_PM/Tol2_2024-06-11_PM_video046.tar
train,MmCows,Drinking,Drinking,ID5+cam_4+1690328051_18-34-11.jpg,cow_5,MmCows (UW-Madison Arlington),cam_4,1690328051,,,
train,PlayBehavior,Leap,leap,pb_e6cebda4.jpg,TOL-2644,Tol,ch01,,Tol2_2024-06-11_PM,0137316.jpg,frames/Tol2_2024-06-11_PM/Tol2_2024-06-11_PM_video046.tar
train,MmCows,Drinking,Drinking,ID13+cam_4+1690292801_08-46-41.jpg,cow_13,MmCows (UW-Madison Arlington),cam_4,1690292801,,,
train,MmCows,Walking,Walking,ID15+cam_4+1690299416_10-36-56.jpg,cow_15,MmCows (UW-Madison Arlington),cam_4,1690299416,,,
train,PlayBehavior,Leap,leap,pb_9f311c78.jpg,TOL-2644,Tol,ch01,,Tol2_2024-06-11_PM,0135682.jpg,frames/Tol2_2024-06-11_PM/Tol2_2024-06-11_PM_video046.tar
train,MmCows,Drinking,Drinking,ID16+cam_3+1690329611_19-00-11.jpg,cow_16,MmCows (UW-Madison Arlington),cam_3,1690329611,,,
train,MmCows,Drinking,Drinking,ID4+cam_4+1690326326_18-05-26.jpg,cow_4,MmCows (UW-Madison Arlington),cam_4,1690326326,,,
train,MmCows,Eating head down,Feeding head down,ID5+cam_4+1690275701_04-01-41.jpg,cow_5,MmCows (UW-Madison Arlington),cam_4,1690275701,,,
train,PlayBehavior,Gallop,gallop,pb_e5fd466c.jpg,TOL-2642,Tol,ch01,,Tol2_2024-06-11_PM,0136998.jpg,frames/Tol2_2024-06-11_PM/Tol2_2024-06-11_PM_video046.tar
train,MmCows,Walking,Walking,ID8+cam_3+1690303271_11-41-11.jpg,cow_8,MmCows (UW-Madison Arlington),cam_3,1690303271,,,
train,PlayBehavior,Frontal pushing,frontal_pushing,pb_98925761.jpg,TOL-2642,Tol,ch01,,Tol2_2024-06-11_PM,0141549.jpg,frames/Tol2_2024-06-11_PM/Tol2_2024-06-11_PM_video048.tar
train,MmCows,Lying,Lying,ID5+cam_1+1690333706_20-08-26.jpg,cow_5,MmCows (UW-Madison Arlington),cam_1,1690333706,,,
train,MmCows,Eating head up,Feeding head up,ID8+cam_4+1690330616_19-16-56.jpg,cow_8,MmCows (UW-Madison Arlington),cam_4,1690330616,,,
train,MmCows,Eating head up,Feeding head up,ID12+cam_4+1690296701_09-51-41.jpg,cow_12,MmCows (UW-Madison Arlington),cam_4,1690296701,,,
train,MmCows,Eating head up,Feeding head up,ID12+cam_4+1690343306_22-48-26.jpg,cow_12,MmCows (UW-Madison Arlington),cam_4,1690343306,,,
train,MmCows,Walking,Walking,ID9+cam_1+1690288286_07-31-26.jpg,cow_9,MmCows (UW-Madison Arlington),cam_1,1690288286,,,
train,MmCows,Drinking,Drinking,ID7+cam_2+1690298501_10-21-41.jpg,cow_7,MmCows (UW-Madison Arlington),cam_2,1690298501,,,
train,MmCows,Walking,Walking,ID13+cam_4+1690276631_04-17-11.jpg,cow_13,MmCows (UW-Madison Arlington),cam_4,1690276631,,,
train,MmCows,Lying,Lying,ID9+cam_3+1690299101_10-31-41.jpg,cow_9,MmCows (UW-Madison Arlington),cam_3,1690299101,,,
train,PlayBehavior,Frontal pushing,frontal_pushing,pb_04fe6977.jpg,TOL-2642,Tol,ch01,,Tol2_2024-06-11_PM,0141604.jpg,frames/Tol2_2024-06-11_PM/Tol2_2024-06-11_PM_video048.tar
train,MmCows,Eating head up,Feeding head up,ID6+cam_4+1690294091_09-08-11.jpg,cow_6,MmCows (UW-Madison Arlington),cam_4,1690294091,,,
train,PlayBehavior,Leap,leap,pb_5b81f45e.jpg,TOL-2643,Tol,ch01,,Tol_2024-04-24,0047296.jpg,frames/Tol_2024-04-24/Tol_2024-04-24_video016.tar
train,PlayBehavior,Gallop,gallop,pb_b712df1a.jpg,TOL-2642,Tol,ch01,,Tol2_2024-06-11_PM,0137009.jpg,frames/Tol2_2024-06-11_PM/Tol2_2024-06-11_PM_video046.tar
train,MmCows,Drinking,Drinking,ID2+cam_1+1690344581_23-09-41.jpg,cow_2,MmCows (UW-Madison Arlington),cam_1,1690344581,,,
train,MmCows,Standing,Standing,ID2+cam_2+1690293476_08-57-56.jpg,cow_2,MmCows (UW-Madison Arlington),cam_2,1690293476,,,
train,MmCows,Lying,Lying,ID8+cam_2+1690320506_16-28-26.jpg,cow_8,MmCows (UW-Madison Arlington),cam_2,1690320506,,,
train,MmCows,Drinking,Drinking,ID2+cam_4+1690299416_10-36-56.jpg,cow_2,MmCows (UW-Madison Arlington),cam_4,1690299416,,,
train,MmCows,Drinking,Drinking,ID15+cam_4+1690332281_19-44-41.jpg,cow_15,MmCows (UW-Madison Arlington),cam_4,1690332281,,,
train,PlayBehavior,Gallop,gallop,pb_cbcce492.jpg,TOL-2644,Tol,ch01,,Tol2_2024-06-11_PM,0137008.jpg,frames/Tol2_2024-06-11_PM/Tol2_2024-06-11_PM_video046.tar
train,MmCows,Lying,Lying,ID6+cam_2+1690342541_22-35-41.jpg,cow_6,MmCows (UW-Madison Arlington),cam_2,1690342541,,,
train,MmCows,Eating head down,Feeding head down,ID1+cam_3+1690335416_20-36-56.jpg,cow_1,MmCows (UW-Madison Arlington),cam_3,1690335416,,,
train,MmCows,Eating head up,Feeding head up,ID3+cam_4+1690296206_09-43-26.jpg,cow_3,MmCows (UW-Madison Arlington),cam_4,1690296206,,,
train,MmCows,Lying,Lying,ID14+cam_4+1690285916_06-51-56.jpg,cow_14,MmCows (UW-Madison Arlington),cam_4,1690285916,,,
train,PlayBehavior,Frontal pushing,frontal_pushing,pb_217ab1c3.jpg,TOL-2642,Tol,ch01,,Tol2_2024-06-11_PM,0134265.jpg,frames/Tol2_2024-06-11_PM/Tol2_2024-06-11_PM_video045.tar
train,MmCows,Drinking,Drinking,ID16+cam_4+1690292801_08-46-41.jpg,cow_16,MmCows (UW-Madison Arlington),cam_4,1690292801,,,
train,MmCows,Eating head up,Feeding head up,ID4+cam_3+1690288091_07-28-11.jpg,cow_4,MmCows (UW-Madison Arlington),cam_3,1690288091,,,
train,MmCows,Standing,Standing,ID6+cam_1+1690280111_05-15-11.jpg,cow_6,MmCows (UW-Madison Arlington),cam_1,1690280111,,,
train,PlayBehavior,Frontal pushing,frontal_pushing,pb_9b7e61b9.jpg,TOL-2644,Tol,ch01,,Tol2_2024-06-11_PM,0135657.jpg,frames/Tol2_2024-06-11_PM/Tol2_2024-06-11_PM_video046.tar
train,MmCows,Walking,Walking,ID10+cam_1+1690329686_19-01-26.jpg,cow_10,MmCows (UW-Madison Arlington),cam_1,1690329686,,,
train,MmCows,Walking,Walking,ID16+cam_3+1690272326_03-05-26.jpg,cow_16,MmCows (UW-Madison Arlington),cam_3,1690272326,,,
train,PlayBehavior,Gallop,gallop,pb_a2fa37a3.jpg,TOL-2644,Tol,ch01,,Tol2_2024-06-11_PM,0136987.jpg,frames/Tol2_2024-06-11_PM/Tol2_2024-06-11_PM_video046.tar
train,MmCows,Walking,Walking,ID6+cam_1+1690340666_22-04-26.jpg,cow_6,MmCows (UW-Madison Arlington),cam_1,1690340666,,,
train,PlayBehavior,Frontal pushing,frontal_pushing,pb_20320e0a.jpg,TOL-2644,Tol,ch01,,Tol2_2024-06-11_PM,0134914.jpg,frames/Tol2_2024-06-11_PM/Tol2_2024-06-11_PM_video045.tar
train,PlayBehavior,Gallop,gallop,pb_9c4b70d1.jpg,TOL-2642,Tol,ch01,,Tol2_2024-06-11_PM,0137412.jpg,frames/Tol2_2024-06-11_PM/Tol2_2024-06-11_PM_video046.tar
train,PlayBehavior,Leap,leap,pb_8dbff6c4.jpg,TOL-2643,Tol,ch01,,Tol_2024-04-24,0055646.jpg,frames/Tol_2024-04-24/Tol_2024-04-24_video019.tar
train,MmCows,Eating head up,Feeding head up,ID3+cam_4+1690287821_07-23-41.jpg,cow_3,MmCows (UW-Madison Arlington),cam_4,1690287821,,,
train,MmCows,Lying,Lying,ID10+cam_2+1690273826_03-30-26.jpg,cow_10,MmCows (UW-Madison Arlington),cam_2,1690273826,,,
train,PlayBehavior,Frontal pushing,frontal_pushing,pb_98f864d9.jpg,TOL-2642,Tol,ch01,,Tol2_2024-06-11_PM,0135475.jpg,frames/Tol2_2024-06-11_PM/Tol2_2024-06-11_PM_video046.tar
train,PlayBehavior,Frontal pushing,frontal_pushing,pb_fb0e92b4.jpg,TOL-2644,Tol,ch01,,Tol2_2024-06-11_PM,0141575.jpg,frames/Tol2_2024-06-11_PM/Tol2_2024-06-11_PM_video048.tar
train,MmCows,Eating head down,Feeding head down,ID12+cam_3+1690331471_19-31-11.jpg,cow_12,MmCows (UW-Madison Arlington),cam_3,1690331471,,,
train,MmCows,Lying,Lying,ID15+cam_4+1690302401_11-26-41.jpg,cow_15,MmCows (UW-Madison Arlington),cam_4,1690302401,,,
train,MmCows,Eating head up,Feeding head up,ID9+cam_4+1690336826_21-00-26.jpg,cow_9,MmCows (UW-Madison Arlington),cam_4,1690336826,,,
train,MmCows,Eating head down,Feeding head down,ID5+cam_4+1690275056_03-50-56.jpg,cow_5,MmCows (UW-Madison Arlington),cam_4,1690275056,,,
train,MmCows,Eating head up,Feeding head up,ID5+cam_3+1690290311_08-05-11.jpg,cow_5,MmCows (UW-Madison Arlington),cam_3,1690290311,,,
train,MmCows,Lying,Lying,ID1+cam_1+1690341011_22-10-11.jpg,cow_1,MmCows (UW-Madison Arlington),cam_1,1690341011,,,
train,MmCows,Eating head up,Feeding head up,ID7+cam_3+1690329266_18-54-26.jpg,cow_7,MmCows (UW-Madison Arlington),cam_3,1690329266,,,
train,PlayBehavior,Leap,leap,pb_6c492f1c.jpg,TOL-2643,Tol,ch01,,Tol_2024-04-24,0057839.jpg,frames/Tol_2024-04-24/Tol_2024-04-24_video020.tar
train,MmCows,Eating head down,Feeding head down,ID6+cam_3+1690321091_16-38-11.jpg,cow_6,MmCows (UW-Madison Arlington),cam_3,1690321091,,,
train,MmCows,Drinking,Drinking,ID3+cam_3+1690281641_05-40-41.jpg,cow_3,MmCows (UW-Madison Arlington),cam_3,1690281641,,,
train,PlayBehavior,Gallop,gallop,pb_f5c4add2.jpg,EEM-9,Eem,ch04,,Eem_2024-06-19,0088925.jpg,frames/Eem_2024-06-19/Eem_2024-06-19_video030.tar
train,MmCows,Drinking,Drinking,ID4+cam_1+1690307621_12-53-41.jpg,cow_4,MmCows (UW-Madison Arlington),cam_1,1690307621,,,
train,MmCows,Walking,Walking,ID13+cam_3+1690325276_17-47-56.jpg,cow_13,MmCows (UW-Madison Arlington),cam_3,1690325276,,,
train,MmCows,Standing,Standing,ID1+cam_4+1690333931_20-12-11.jpg,cow_1,MmCows (UW-Madison Arlington),cam_4,1690333931,,,
train,PlayBehavior,Leap,leap,pb_b0801a69.jpg,TOL-2644,Tol,ch01,,Tol2_2024-06-11_PM,0137746.jpg,frames/Tol2_2024-06-11_PM/Tol2_2024-06-11_PM_video046.tar
train,MmCows,Standing,Standing,ID2+cam_2+1690344431_23-07-11.jpg,cow_2,MmCows (UW-Madison Arlington),cam_2,1690344431,,,
train,PlayBehavior,Gallop,gallop,pb_ebc3f04e.jpg,unreleased_farm_1_calf_1,unreleased_farm_1,ch01,,,,
train,MmCows,Walking,Walking,ID9+cam_4+1690272221_03-03-41.jpg,cow_9,MmCows (UW-Madison Arlington),cam_4,1690272221,,,
train,MmCows,Drinking,Drinking,ID16+cam_4+1690314281_14-44-41.jpg,cow_16,MmCows (UW-Madison Arlington),cam_4,1690314281,,,
train,MmCows,Drinking,Drinking,ID3+cam_4+1690303766_11-49-26.jpg,cow_3,MmCows (UW-Madison Arlington),cam_4,1690303766,,,
train,PlayBehavior,Frontal pushing,frontal_pushing,pb_589917e8.jpg,TOL-2642,Tol,ch01,,Tol2_2024-06-11_PM,0134956.jpg,frames/Tol2_2024-06-11_PM/Tol2_2024-06-11_PM_video045.tar
train,MmCows,Lying,Lying,ID3+cam_2+1690346591_23-43-11.jpg,cow_3,MmCows (UW-Madison Arlington),cam_2,1690346591,,,
train,PlayBehavior,Frontal pushing,frontal_pushing,pb_70a7ce55.jpg,TOL-2642,Tol,ch01,,Tol2_2024-06-11_PM,0141984.jpg,frames/Tol2_2024-06-11_PM/Tol2_2024-06-11_PM_video048.tar
train,MmCows,Eating head down,Feeding head down,ID5+cam_4+1690337621_21-13-41.jpg,cow_5,MmCows (UW-Madison Arlington),cam_4,1690337621,,,
train,PlayBehavior,Leap,leap,pb_74025b1a.jpg,TOL-2644,Tol,ch01,,Tol2_2024-06-11_PM,0137587.jpg,frames/Tol2_2024-06-11_PM/Tol2_2024-06-11_PM_video046.tar
train,PlayBehavior,Gallop,gallop,pb_be87a677.jpg,TOL-2644,Tol,ch01,,Tol2_2024-06-11_PM,0137150.jpg,frames/Tol2_2024-06-11_PM/Tol2_2024-06-11_PM_video046.tar
train,MmCows,Lying,Lying,ID5+cam_4+1690306661_12-37-41.jpg,cow_5,MmCows (UW-Madison Arlington),cam_4,1690306661,,,
train,MmCows,Standing,Standing,ID15+cam_4+1690281161_05-32-41.jpg,cow_15,MmCows (UW-Madison Arlington),cam_4,1690281161,,,
train,MmCows,Drinking,Drinking,ID15+cam_4+1690289846_07-57-26.jpg,cow_15,MmCows (UW-Madison Arlington),cam_4,1690289846,,,
train,MmCows,Lying,Lying,ID9+cam_4+1690342421_22-33-41.jpg,cow_9,MmCows (UW-Madison Arlington),cam_4,1690342421,,,
train,PlayBehavior,Leap,leap,pb_63c1961d.jpg,TOL-2644,Tol,ch01,,Tol2_2024-06-11_PM,0135681.jpg,frames/Tol2_2024-06-11_PM/Tol2_2024-06-11_PM_video046.tar
train,MmCows,Walking,Walking,ID5+cam_1+1690330511_19-15-11.jpg,cow_5,MmCows (UW-Madison Arlington),cam_1,1690330511,,,
train,MmCows,Lying,Lying,ID1+cam_1+1690294571_09-16-11.jpg,cow_1,MmCows (UW-Madison Arlington),cam_1,1690294571,,,
train,MmCows,Standing,Standing,ID4+cam_1+1690283456_06-10-56.jpg,cow_4,MmCows (UW-Madison Arlington),cam_1,1690283456,,,
train,MmCows,Walking,Walking,ID13+cam_3+1690309346_13-22-26.jpg,cow_13,MmCows (UW-Madison Arlington),cam_3,1690309346,,,
train,MmCows,Standing,Standing,ID6+cam_2+1690336751_20-59-11.jpg,cow_6,MmCows (UW-Madison Arlington),cam_2,1690336751,,,
train,MmCows,Standing,Standing,ID12+cam_3+1690335731_20-42-11.jpg,cow_12,MmCows (UW-Madison Arlington),cam_3,1690335731,,,
train,PlayBehavior,Gallop,gallop,pb_4eba5f5d.jpg,EEM-9,Eem,ch04,,Eem_2024-06-19,0088934.jpg,frames/Eem_2024-06-19/Eem_2024-06-19_video030.tar
train,PlayBehavior,Gallop,gallop,pb_c8ff9d12.jpg,EEM-9,Eem,ch04,,Eem_2024-06-19,0089034.jpg,frames/Eem_2024-06-19/Eem_2024-06-19_video030.tar
train,PlayBehavior,Gallop,gallop,pb_39808b0f.jpg,TOL-2642,Tol,ch01,,Tol2_2024-06-11_PM,0136673.jpg,frames/Tol2_2024-06-11_PM/Tol2_2024-06-11_PM_video046.tar
train,MmCows,Eating head down,Feeding head down,ID16+cam_3+1690290446_08-07-26.jpg,cow_16,MmCows (UW-Madison Arlington),cam_3,1690290446,,,
train,MmCows,Eating head up,Feeding head up,ID4+cam_2+1690316996_15-29-56.jpg,cow_4,MmCows (UW-Madison Arlington),cam_2,1690316996,,,
train,PlayBehavior,Gallop,gallop,pb_0362e96a.jpg,TOL-2642,Tol,ch01,,Tol2_2024-06-11_PM,0137437.jpg,frames/Tol2_2024-06-11_PM/Tol2_2024-06-11_PM_video046.tar
train,MmCows,Lying,Lying,ID4+cam_3+1690311161_13-52-41.jpg,cow_4,MmCows (UW-Madison Arlington),cam_3,1690311161,,,
train,MmCows,Lying,Lying,ID3+cam_3+1690301546_11-12-26.jpg,cow_3,MmCows (UW-Madison Arlington),cam_3,1690301546,,,
train,MmCows,Lying,Lying,ID10+cam_1+1690291256_08-20-56.jpg,cow_10,MmCows (UW-Madison Arlington),cam_1,1690291256,,,
train,MmCows,Walking,Walking,ID15+cam_3+1690339781_21-49-41.jpg,cow_15,MmCows (UW-Madison Arlington),cam_3,1690339781,,,
train,MmCows,Standing,Standing,ID12+cam_3+1690272401_03-06-41.jpg,cow_12,MmCows (UW-Madison Arlington),cam_3,1690272401,,,
train,PlayBehavior,Frontal pushing,frontal_pushing,pb_5c64b2a8.jpg,TOL-2644,Tol,ch01,,Tol2_2024-06-11_PM,0136416.jpg,frames/Tol2_2024-06-11_PM/Tol2_2024-06-11_PM_video046.tar
train,PlayBehavior,Frontal pushing,frontal_pushing,pb_0c3d6e17.jpg,EEM-9,Eem,ch04,,Eem_2024-06-19,0092036.jpg,frames/Eem_2024-06-19/Eem_2024-06-19_video031.tar
train,PlayBehavior,Frontal pushing,frontal_pushing,pb_7f170580.jpg,TOL-2644,Tol,ch01,,Tol2_2024-06-11_PM,0136250.jpg,frames/Tol2_2024-06-11_PM/Tol2_2024-06-11_PM_video046.tar
train,MmCows,Walking,Walking,ID15+cam_1+1690341251_22-14-11.jpg,cow_15,MmCows (UW-Madison Arlington),cam_1,1690341251,,,
train,MmCows,Standing,Standing,ID1+cam_4+1690323221_17-13-41.jpg,cow_1,MmCows (UW-Madison Arlington),cam_4,1690323221,,,
train,MmCows,Eating head down,Feeding head down,ID14+cam_3+1690295126_09-25-26.jpg,cow_14,MmCows (UW-Madison Arlington),cam_3,1690295126,,,
train,MmCows,Eating head up,Feeding head up,ID6+cam_4+1690339826_21-50-26.jpg,cow_6,MmCows (UW-Madison Arlington),cam_4,1690339826,,,
train,MmCows,Drinking,Drinking,ID7+cam_3+1690298456_10-20-56.jpg,cow_7,MmCows (UW-Madison Arlington),cam_3,1690298456,,,
train,MmCows,Standing,Standing,ID8+cam_2+1690274201_03-36-41.jpg,cow_8,MmCows (UW-Madison Arlington),cam_2,1690274201,,,
train,MmCows,Drinking,Drinking,ID6+cam_1+1690305926_12-25-26.jpg,cow_6,MmCows (UW-Madison Arlington),cam_1,1690305926,,,
train,MmCows,Drinking,Drinking,ID14+cam_1+1690306601_12-36-41.jpg,cow_14,MmCows (UW-Madison Arlington),cam_1,1690306601,,,
train,MmCows,Lying,Lying,ID15+cam_4+1690330556_19-15-56.jpg,cow_15,MmCows (UW-Madison Arlington),cam_4,1690330556,,,
train,MmCows,Lying,Lying,ID13+cam_4+1690344686_23-11-26.jpg,cow_13,MmCows (UW-Madison Arlington),cam_4,1690344686,,,
train,MmCows,Walking,Walking,ID13+cam_4+1690276646_04-17-26.jpg,cow_13,MmCows (UW-Madison Arlington),cam_4,1690276646,,,
train,MmCows,Walking,Walking,ID6+cam_2+1690335446_20-37-26.jpg,cow_6,MmCows (UW-Madison Arlington),cam_2,1690335446,,,
train,MmCows,Walking,Walking,ID13+cam_1+1690317116_15-31-56.jpg,cow_13,MmCows (UW-Madison Arlington),cam_1,1690317116,,,
train,PlayBehavior,Leap,leap,pb_a20f8d62.jpg,unreleased_farm_1_calf_1,unreleased_farm_1,ch01,,,,
train,MmCows,Walking,Walking,ID4+cam_1+1690304066_11-54-26.jpg,cow_4,MmCows (UW-Madison Arlington),cam_1,1690304066,,,
train,MmCows,Eating head down,Feeding head down,ID10+cam_4+1690300841_11-00-41.jpg,cow_10,MmCows (UW-Madison Arlington),cam_4,1690300841,,,
train,MmCows,Eating head down,Feeding head down,ID3+cam_3+1690295636_09-33-56.jpg,cow_3,MmCows (UW-Madison Arlington),cam_3,1690295636,,,
train,PlayBehavior,Gallop,gallop,pb_adae4ffd.jpg,TOL-2644,Tol,ch01,,Tol2_2024-06-11_PM,0136467.jpg,frames/Tol2_2024-06-11_PM/Tol2_2024-06-11_PM_video046.tar
train,PlayBehavior,Leap,leap,pb_962372df.jpg,TOL-2642,Tol,ch01,,Tol2_2024-06-11_PM,0137319.jpg,frames/Tol2_2024-06-11_PM/Tol2_2024-06-11_PM_video046.tar
train,MmCows,Eating head up,Feeding head up,ID8+cam_3+1690329476_18-57-56.jpg,cow_8,MmCows (UW-Madison Arlington),cam_3,1690329476,,,
train,MmCows,Lying,Lying,ID12+cam_2+1690325951_17-59-11.jpg,cow_12,MmCows (UW-Madison Arlington),cam_2,1690325951,,,
train,PlayBehavior,Gallop,gallop,pb_032c303f.jpg,EEM-9,Eem,ch04,,Eem_2024-06-19,0089039.jpg,frames/Eem_2024-06-19/Eem_2024-06-19_video030.tar
train,PlayBehavior,Leap,leap,pb_24853de0.jpg,TOL-2644,Tol,ch01,,Tol2_2024-06-11_PM,0137745.jpg,frames/Tol2_2024-06-11_PM/Tol2_2024-06-11_PM_video046.tar
train,MmCows,Standing,Standing,ID10+cam_2+1690303916_11-51-56.jpg,cow_10,MmCows (UW-Madison Arlington),cam_2,1690303916,,,
train,MmCows,Lying,Lying,ID3+cam_2+1690276571_04-16-11.jpg,cow_3,MmCows (UW-Madison Arlington),cam_2,1690276571,,,
train,PlayBehavior,Frontal pushing,frontal_pushing,pb_b31ff217.jpg,TOL-2642,Tol,ch01,,Tol2_2024-06-11_PM,0137645.jpg,frames/Tol2_2024-06-11_PM/Tol2_2024-06-11_PM_video046.tar
train,MmCows,Eating head up,Feeding head up,ID12+cam_4+1690296206_09-43-26.jpg,cow_12,MmCows (UW-Madison Arlington),cam_4,1690296206,,,
train,MmCows,Eating head down,Feeding head down,ID2+cam_3+1690329236_18-53-56.jpg,cow_2,MmCows (UW-Madison Arlington),cam_3,1690329236,,,
train,PlayBehavior,Leap,leap,pb_b138b62b.jpg,TOL-2644,Tol,ch01,,Tol_2024-04-24,0037333.jpg,frames/Tol_2024-04-24/Tol_2024-04-24_video013.tar
train,MmCows,Walking,Walking,ID8+cam_2+1690316291_15-18-11.jpg,cow_8,MmCows (UW-Madison Arlington),cam_2,1690316291,,,
train,PlayBehavior,Frontal pushing,frontal_pushing,pb_0cd49279.jpg,TOL-2644,Tol,ch01,,Tol2_2024-06-11_PM,0138104.jpg,frames/Tol2_2024-06-11_PM/Tol2_2024-06-11_PM_video047.tar
train,MmCows,Standing,Standing,ID6+cam_1+1690320011_16-20-11.jpg,cow_6,MmCows (UW-Madison Arlington),cam_1,1690320011,,,
train,MmCows,Lying,Lying,ID13+cam_1+1690306181_12-29-41.jpg,cow_13,MmCows (UW-Madison Arlington),cam_1,1690306181,,,
train,MmCows,Lying,Lying,ID11+cam_1+1690339916_21-51-56.jpg,cow_11,MmCows (UW-Madison Arlington),cam_1,1690339916,,,
train,MmCows,Standing,Standing,ID4+cam_2+1690334426_20-20-26.jpg,cow_4,MmCows (UW-Madison Arlington),cam_2,1690334426,,,
train,MmCows,Lying,Lying,ID11+cam_3+1690323716_17-21-56.jpg,cow_11,MmCows (UW-Madison Arlington),cam_3,1690323716,,,
train,MmCows,Eating head up,Feeding head up,ID12+cam_3+1690312271_14-11-11.jpg,cow_12,MmCows (UW-Madison Arlington),cam_3,1690312271,,,
train,MmCows,Eating head up,Feeding head up,ID13+cam_2+1690311131_13-52-11.jpg,cow_13,MmCows (UW-Madison Arlington),cam_2,1690311131,,,
train,PlayBehavior,Leap,leap,pb_5111c298.jpg,TOL-2644,Tol,ch01,,Tol2_2024-06-11_PM,0137661.jpg,frames/Tol2_2024-06-11_PM/Tol2_2024-06-11_PM_video046.tar
train,MmCows,Drinking,Drinking,ID5+cam_1+1690276061_04-07-41.jpg,cow_5,MmCows (UW-Madison Arlington),cam_1,1690276061,,,
train,MmCows,Eating head down,Feeding head down,ID3+cam_4+1690321241_16-40-41.jpg,cow_3,MmCows (UW-Madison Arlington),cam_4,1690321241,,,
train,MmCows,Walking,Walking,ID10+cam_2+1690331126_19-25-26.jpg,cow_10,MmCows (UW-Madison Arlington),cam_2,1690331126,,,
train,PlayBehavior,Frontal pushing,frontal_pushing,pb_e278bbcd.jpg,TOL-2642,Tol,ch01,,Tol2_2024-06-11_PM,0136588.jpg,frames/Tol2_2024-06-11_PM/Tol2_2024-06-11_PM_video046.tar
train,MmCows,Eating head up,Feeding head up,ID1+cam_4+1690324136_17-28-56.jpg,cow_1,MmCows (UW-Madison Arlington),cam_4,1690324136,,,
train,PlayBehavior,Leap,leap,pb_3a7250d2.jpg,EEM-9,Eem,ch04,,Eem_2024-06-19,0088854.jpg,frames/Eem_2024-06-19/Eem_2024-06-19_video030.tar
train,MmCows,Drinking,Drinking,ID15+cam_1+1690297871_10-11-11.jpg,cow_15,MmCows (UW-Madison Arlington),cam_1,1690297871,,,
train,MmCows,Drinking,Drinking,ID16+cam_4+1690292981_08-49-41.jpg,cow_16,MmCows (UW-Madison Arlington),cam_4,1690292981,,,
train,MmCows,Lying,Lying,ID14+cam_4+1690330691_19-18-11.jpg,cow_14,MmCows (UW-Madison Arlington),cam_4,1690330691,,,
train,MmCows,Drinking,Drinking,ID16+cam_4+1690292996_08-49-56.jpg,cow_16,MmCows (UW-Madison Arlington),cam_4,1690292996,,,
train,MmCows,Standing,Standing,ID6+cam_2+1690288316_07-31-56.jpg,cow_6,MmCows (UW-Madison Arlington),cam_2,1690288316,,,
train,MmCows,Lying,Lying,ID16+cam_3+1690346186_23-36-26.jpg,cow_16,MmCows (UW-Madison Arlington),cam_3,1690346186,,,
train,PlayBehavior,Gallop,gallop,pb_bd748ee2.jpg,EEM-9,Eem,ch04,,Eem_2024-06-19,0088862.jpg,frames/Eem_2024-06-19/Eem_2024-06-19_video030.tar
train,PlayBehavior,Leap,leap,pb_cb56a82f.jpg,TOL-2644,Tol,ch01,,Tol2_2024-06-11_PM,0137144.jpg,frames/Tol2_2024-06-11_PM/Tol2_2024-06-11_PM_video046.tar
train,MmCows,Eating head down,Feeding head down,ID16+cam_4+1690272716_03-11-56.jpg,cow_16,MmCows (UW-Madison Arlington),cam_4,1690272716,,,
train,MmCows,Walking,Walking,ID2+cam_3+1690309451_13-24-11.jpg,cow_2,MmCows (UW-Madison Arlington),cam_3,1690309451,,,
train,MmCows,Walking,Walking,ID11+cam_2+1690319246_16-07-26.jpg,cow_11,MmCows (UW-Madison Arlington),cam_2,1690319246,,,
train,MmCows,Drinking,Drinking,ID10+cam_1+1690284161_06-22-41.jpg,cow_10,MmCows (UW-Madison Arlington),cam_1,1690284161,,,
train,MmCows,Eating head up,Feeding head up,ID11+cam_4+1690291751_08-29-11.jpg,cow_11,MmCows (UW-Madison Arlington),cam_4,1690291751,,,
train,MmCows,Walking,Walking,ID7+cam_2+1690331051_19-24-11.jpg,cow_7,MmCows (UW-Madison Arlington),cam_2,1690331051,,,
train,MmCows,Drinking,Drinking,ID13+cam_4+1690312571_14-16-11.jpg,cow_13,MmCows (UW-Madison Arlington),cam_4,1690312571,,,
train,MmCows,Eating head down,Feeding head down,ID8+cam_3+1690311011_13-50-11.jpg,cow_8,MmCows (UW-Madison Arlington),cam_3,1690311011,,,
train,PlayBehavior,Leap,leap,pb_5ebd2909.jpg,TOL-2642,Tol,ch01,,Tol2_2024-06-11_PM,0135424.jpg,frames/Tol2_2024-06-11_PM/Tol2_2024-06-11_PM_video046.tar
train,MmCows,Walking,Walking,ID12+cam_3+1690341641_22-20-41.jpg,cow_12,MmCows (UW-Madison Arlington),cam_3,1690341641,,,
train,MmCows,Eating head up,Feeding head up,ID12+cam_3+1690329431_18-57-11.jpg,cow_12,MmCows (UW-Madison Arlington),cam_3,1690329431,,,
train,MmCows,Drinking,Drinking,ID15+cam_1+1690274861_03-47-41.jpg,cow_15,MmCows (UW-Madison Arlington),cam_1,1690274861,,,
train,PlayBehavior,Leap,leap,pb_64b493a1.jpg,TOL-2644,Tol,ch01,,Tol_2024-04-24,0036937.jpg,frames/Tol_2024-04-24/Tol_2024-04-24_video013.tar
train,PlayBehavior,Leap,leap,pb_89d68f2b.jpg,TOL-2644,Tol,ch01,,Tol2_2024-06-11_PM,0137585.jpg,frames/Tol2_2024-06-11_PM/Tol2_2024-06-11_PM_video046.tar
train,MmCows,Lying,Lying,ID11+cam_3+1690310366_13-39-26.jpg,cow_11,MmCows (UW-Madison Arlington),cam_3,1690310366,,,
train,MmCows,Lying,Lying,ID6+cam_4+1690300601_10-56-41.jpg,cow_6,MmCows (UW-Madison Arlington),cam_4,1690300601,,,
train,PlayBehavior,Leap,leap,pb_fc1b9873.jpg,TOL-2644,Tol,ch01,,Tol2_2024-06-11_PM,0137598.jpg,frames/Tol2_2024-06-11_PM/Tol2_2024-06-11_PM_video046.tar
train,MmCows,Standing,Standing,ID15+cam_1+1690320716_16-31-56.jpg,cow_15,MmCows (UW-Madison Arlington),cam_1,1690320716,,,
train,PlayBehavior,Frontal pushing,frontal_pushing,pb_a43e4404.jpg,TOL-2644,Tol,ch01,,Tol2_2024-06-11_PM,0134736.jpg,frames/Tol2_2024-06-11_PM/Tol2_2024-06-11_PM_video045.tar
train,MmCows,Eating head up,Feeding head up,ID4+cam_4+1690288991_07-43-11.jpg,cow_4,MmCows (UW-Madison Arlington),cam_4,1690288991,,,
train,PlayBehavior,Gallop,gallop,pb_5995977a.jpg,EEM-9,Eem,ch04,,Eem_2024-06-19,0089056.jpg,frames/Eem_2024-06-19/Eem_2024-06-19_video030.tar
train,PlayBehavior,Gallop,gallop,pb_4925c2c3.jpg,EEM-9,Eem,ch04,,Eem_2024-06-19,0089023.jpg,frames/Eem_2024-06-19/Eem_2024-06-19_video030.tar
train,PlayBehavior,Frontal pushing,frontal_pushing,pb_748adac5.jpg,TOL-2644,Tol,ch01,,Tol2_2024-06-11_PM,0134866.jpg,frames/Tol2_2024-06-11_PM/Tol2_2024-06-11_PM_video045.tar
train,MmCows,Standing,Standing,ID3+cam_3+1690303076_11-37-56.jpg,cow_3,MmCows (UW-Madison Arlington),cam_3,1690303076,,,
train,PlayBehavior,Frontal pushing,frontal_pushing,pb_96eb7f6f.jpg,TOL-2642,Tol,ch01,,Tol2_2024-06-11_PM,0136486.jpg,frames/Tol2_2024-06-11_PM/Tol2_2024-06-11_PM_video046.tar
train,PlayBehavior,Frontal pushing,frontal_pushing,pb_a541976a.jpg,TOL-2642,Tol,ch01,,Tol2_2024-06-11_PM,0142070.jpg,frames/Tol2_2024-06-11_PM/Tol2_2024-06-11_PM_video048.tar
train,MmCows,Eating head down,Feeding head down,ID7+cam_4+1690288856_07-40-56.jpg,cow_7,MmCows (UW-Madison Arlington),cam_4,1690288856,,,
train,MmCows,Eating head up,Feeding head up,ID4+cam_3+1690305386_12-16-26.jpg,cow_4,MmCows (UW-Madison Arlington),cam_3,1690305386,,,
train,MmCows,Walking,Walking,ID8+cam_2+1690279721_05-08-41.jpg,cow_8,MmCows (UW-Madison Arlington),cam_2,1690279721,,,
train,PlayBehavior,Gallop,gallop,pb_e67d688f.jpg,TOL-2642,Tol,ch01,,Tol2_2024-06-11_PM,0137156.jpg,frames/Tol2_2024-06-11_PM/Tol2_2024-06-11_PM_video046.tar
train,MmCows,Drinking,Drinking,ID6+cam_2+1690316006_15-13-26.jpg,cow_6,MmCows (UW-Madison Arlington),cam_2,1690316006,,,
train,MmCows,Lying,Lying,ID13+cam_1+1690342706_22-38-26.jpg,cow_13,MmCows (UW-Madison Arlington),cam_1,1690342706,,,
train,MmCows,Lying,Lying,ID13+cam_1+1690288586_07-36-26.jpg,cow_13,MmCows (UW-Madison Arlington),cam_1,1690288586,,,
train,MmCows,Eating head up,Feeding head up,ID7+cam_3+1690315961_15-12-41.jpg,cow_7,MmCows (UW-Madison Arlington),cam_3,1690315961,,,
train,PlayBehavior,Leap,leap,pb_a9b5dfff.jpg,TOL-2644,Tol,ch01,,Tol2_2024-06-11_PM,0137606.jpg,frames/Tol2_2024-06-11_PM/Tol2_2024-06-11_PM_video046.tar
train,MmCows,Standing,Standing,ID16+cam_4+1690340606_22-03-26.jpg,cow_16,MmCows (UW-Madison Arlington),cam_4,1690340606,,,
train,MmCows,Eating head up,Feeding head up,ID13+cam_4+1690274276_03-37-56.jpg,cow_13,MmCows (UW-Madison Arlington),cam_4,1690274276,,,
train,MmCows,Drinking,Drinking,ID6+cam_2+1690309571_13-26-11.jpg,cow_6,MmCows (UW-Madison Arlington),cam_2,1690309571,,,
train,MmCows,Eating head up,Feeding head up,ID4+cam_4+1690327616_18-26-56.jpg,cow_4,MmCows (UW-Madison Arlington),cam_4,1690327616,,,
train,MmCows,Standing,Standing,ID13+cam_4+1690320251_16-24-11.jpg,cow_13,MmCows (UW-Madison Arlington),cam_4,1690320251,,,
train,PlayBehavior,Leap,leap,pb_f10f439f.jpg,TOL-2644,Tol,ch01,,Tol2_2024-06-11_PM,0137729.jpg,frames/Tol2_2024-06-11_PM/Tol2_2024-06-11_PM_video046.tar
train,MmCows,Eating head up,Feeding head up,ID11+cam_4+1690312586_14-16-26.jpg,cow_11,MmCows (UW-Madison Arlington),cam_4,1690312586,,,
train,PlayBehavior,Gallop,gallop,pb_992cd5f1.jpg,TOL-2644,Tol,ch01,,Tol2_2024-06-11_PM,0137164.jpg,frames/Tol2_2024-06-11_PM/Tol2_2024-06-11_PM_video046.tar
train,PlayBehavior,Gallop,gallop,pb_2fc61278.jpg,EEM-9,Eem,ch04,,Eem_2024-06-19,0088875.jpg,frames/Eem_2024-06-19/Eem_2024-06-19_video030.tar
train,MmCows,Standing,Standing,ID7+cam_3+1690279661_05-07-41.jpg,cow_7,MmCows (UW-Madison Arlington),cam_3,1690279661,,,
train,MmCows,Standing,Standing,ID16+cam_3+1690301936_11-18-56.jpg,cow_16,MmCows (UW-Madison Arlington),cam_3,1690301936,,,
train,MmCows,Drinking,Drinking,ID16+cam_1+1690341131_22-12-11.jpg,cow_16,MmCows (UW-Madison Arlington),cam_1,1690341131,,,
train,PlayBehavior,Leap,leap,pb_a595db61.jpg,EEM-9,Eem,ch04,,Eem_2024-06-19,0088324.jpg,frames/Eem_2024-06-19/Eem_2024-06-19_video030.tar
train,MmCows,Lying,Lying,ID4+cam_3+1690311131_13-52-11.jpg,cow_4,MmCows (UW-Madison Arlington),cam_3,1690311131,,,
train,MmCows,Standing,Standing,ID15+cam_3+1690312856_14-20-56.jpg,cow_15,MmCows (UW-Madison Arlington),cam_3,1690312856,,,
train,PlayBehavior,Frontal pushing,frontal_pushing,pb_298c345f.jpg,TOL-2642,Tol,ch01,,Tol2_2024-06-11_PM,0136110.jpg,frames/Tol2_2024-06-11_PM/Tol2_2024-06-11_PM_video046.tar
train,PlayBehavior,Leap,leap,pb_3422bab1.jpg,EEM-9,Eem,ch04,,Eem_2024-06-19,0088651.jpg,frames/Eem_2024-06-19/Eem_2024-06-19_video030.tar
train,MmCows,Walking,Walking,ID11+cam_3+1690293206_08-53-26.jpg,cow_11,MmCows (UW-Madison Arlington),cam_3,1690293206,,,
train,MmCows,Standing,Standing,ID12+cam_1+1690312901_14-21-41.jpg,cow_12,MmCows (UW-Madison Arlington),cam_1,1690312901,,,
train,MmCows,Drinking,Drinking,ID16+cam_4+1690274996_03-49-56.jpg,cow_16,MmCows (UW-Madison Arlington),cam_4,1690274996,,,
train,MmCows,Eating head up,Feeding head up,ID4+cam_3+1690343246_22-47-26.jpg,cow_4,MmCows (UW-Madison Arlington),cam_3,1690343246,,,
train,MmCows,Walking,Walking,ID15+cam_1+1690289291_07-48-11.jpg,cow_15,MmCows (UW-Madison Arlington),cam_1,1690289291,,,
train,MmCows,Drinking,Drinking,ID8+cam_2+1690343156_22-45-56.jpg,cow_8,MmCows (UW-Madison Arlington),cam_2,1690343156,,,
train,MmCows,Standing,Standing,ID4+cam_1+1690273331_03-22-11.jpg,cow_4,MmCows (UW-Madison Arlington),cam_1,1690273331,,,
train,MmCows,Drinking,Drinking,ID6+cam_3+1690312121_14-08-41.jpg,cow_6,MmCows (UW-Madison Arlington),cam_3,1690312121,,,
train,MmCows,Walking,Walking,ID12+cam_1+1690319756_16-15-56.jpg,cow_12,MmCows (UW-Madison Arlington),cam_1,1690319756,,,
train,PlayBehavior,Leap,leap,pb_720d4032.jpg,TOL-2644,Tol,ch01,,Tol_2024-04-24,0046505.jpg,frames/Tol_2024-04-24/Tol_2024-04-24_video016.tar
train,MmCows,Standing,Standing,ID12+cam_3+1690272536_03-08-56.jpg,cow_12,MmCows (UW-Madison Arlington),cam_3,1690272536,,,
train,PlayBehavior,Frontal pushing,frontal_pushing,pb_e176f789.jpg,TOL-2642,Tol,ch01,,Tol2_2024-06-11_PM,0134855.jpg,frames/Tol2_2024-06-11_PM/Tol2_2024-06-11_PM_video045.tar
train,MmCows,Standing,Standing,ID11+cam_1+1690327241_18-20-41.jpg,cow_11,MmCows (UW-Madison Arlington),cam_1,1690327241,,,
train,MmCows,Walking,Walking,ID15+cam_3+1690339016_21-36-56.jpg,cow_15,MmCows (UW-Madison Arlington),cam_3,1690339016,,,
train,MmCows,Walking,Walking,ID6+cam_1+1690276811_04-20-11.jpg,cow_6,MmCows (UW-Madison Arlington),cam_1,1690276811,,,
train,MmCows,Eating head down,Feeding head down,ID13+cam_3+1690274141_03-35-41.jpg,cow_13,MmCows (UW-Madison Arlington),cam_3,1690274141,,,
train,PlayBehavior,Leap,leap,pb_34f36fe1.jpg,TOL-2642,Tol,ch01,,Tol_2024-04-24,0066747.jpg,frames/Tol_2024-04-24/Tol_2024-04-24_video023.tar
train,MmCows,Standing,Standing,ID13+cam_1+1690338041_21-20-41.jpg,cow_13,MmCows (UW-Madison Arlington),cam_1,1690338041,,,
train,PlayBehavior,Gallop,gallop,pb_bc0a37fc.jpg,TOL-2644,Tol,ch01,,Tol2_2024-06-11_PM,0137707.jpg,frames/Tol2_2024-06-11_PM/Tol2_2024-06-11_PM_video046.tar
train,MmCows,Eating head up,Feeding head up,ID4+cam_4+1690304741_12-05-41.jpg,cow_4,MmCows (UW-Madison Arlington),cam_4,1690304741,,,
train,MmCows,Eating head up,Feeding head up,ID13+cam_3+1690311251_13-54-11.jpg,cow_13,MmCows (UW-Madison Arlington),cam_3,1690311251,,,
train,MmCows,Lying,Lying,ID7+cam_4+1690274426_03-40-26.jpg,cow_7,MmCows (UW-Madison Arlington),cam_4,1690274426,,,
train,MmCows,Walking,Walking,ID2+cam_3+1690309571_13-26-11.jpg,cow_2,MmCows (UW-Madison Arlington),cam_3,1690309571,,,
train,MmCows,Lying,Lying,ID1+cam_1+1690294016_09-06-56.jpg,cow_1,MmCows (UW-Madison Arlington),cam_1,1690294016,,,
train,MmCows,Walking,Walking,ID9+cam_4+1690279421_05-03-41.jpg,cow_9,MmCows (UW-Madison Arlington),cam_4,1690279421,,,
train,MmCows,Lying,Lying,ID15+cam_2+1690344521_23-08-41.jpg,cow_15,MmCows (UW-Madison Arlington),cam_2,1690344521,,,
train,PlayBehavior,Gallop,gallop,pb_146f6d36.jpg,TOL-2642,Tol,ch01,,Tol2_2024-06-11_PM,0137435.jpg,frames/Tol2_2024-06-11_PM/Tol2_2024-06-11_PM_video046.tar
train,PlayBehavior,Leap,leap,pb_5aeba14e.jpg,TOL-2642,Tol,ch01,,Tol_2024-04-24,0046613.jpg,frames/Tol_2024-04-24/Tol_2024-04-24_video016.tar
train,PlayBehavior,Gallop,gallop,pb_a45d6e26.jpg,EEM-9,Eem,ch04,,Eem_2024-06-19,0089046.jpg,frames/Eem_2024-06-19/Eem_2024-06-19_video030.tar
train,MmCows,Drinking,Drinking,ID8+cam_2+1690279961_05-12-41.jpg,cow_8,MmCows (UW-Madison Arlington),cam_2,1690279961,,,
train,PlayBehavior,Gallop,gallop,pb_e1e00d38.jpg,TOL-2642,Tol,ch01,,Tol2_2024-06-11_PM,0137419.jpg,frames/Tol2_2024-06-11_PM/Tol2_2024-06-11_PM_video046.tar
train,MmCows,Standing,Standing,ID2+cam_1+1690330931_19-22-11.jpg,cow_2,MmCows (UW-Madison Arlington),cam_1,1690330931,,,
train,MmCows,Drinking,Drinking,ID3+cam_3+1690335311_20-35-11.jpg,cow_3,MmCows (UW-Madison Arlington),cam_3,1690335311,,,
train,MmCows,Walking,Walking,ID10+cam_3+1690281041_05-30-41.jpg,cow_10,MmCows (UW-Madison Arlington),cam_3,1690281041,,,
train,PlayBehavior,Gallop,gallop,pb_82cc614f.jpg,TOL-2642,Tol,ch01,,Tol2_2024-06-11_PM,0137000.jpg,frames/Tol2_2024-06-11_PM/Tol2_2024-06-11_PM_video046.tar
train,MmCows,Eating head down,Feeding head down,ID2+cam_4+1690310381_13-39-41.jpg,cow_2,MmCows (UW-Madison Arlington),cam_4,1690310381,,,
train,PlayBehavior,Frontal pushing,frontal_pushing,pb_9552e486.jpg,EEM-9,Eem,ch04,,Eem_2024-06-19,0090351.jpg,frames/Eem_2024-06-19/Eem_2024-06-19_video031.tar
train,MmCows,Eating head up,Feeding head up,ID2+cam_3+1690329851_19-04-11.jpg,cow_2,MmCows (UW-Madison Arlington),cam_3,1690329851,,,
train,PlayBehavior,Frontal pushing,frontal_pushing,pb_f7521511.jpg,TOL-2642,Tol,ch01,,Tol2_2024-06-11_PM,0141556.jpg,frames/Tol2_2024-06-11_PM/Tol2_2024-06-11_PM_video048.tar
train,MmCows,Walking,Walking,ID6+cam_1+1690304546_12-02-26.jpg,cow_6,MmCows (UW-Madison Arlington),cam_1,1690304546,,,
train,MmCows,Drinking,Drinking,ID13+cam_2+1690331621_19-33-41.jpg,cow_13,MmCows (UW-Madison Arlington),cam_2,1690331621,,,
train,MmCows,Eating head up,Feeding head up,ID13+cam_1+1690332476_19-47-56.jpg,cow_13,MmCows (UW-Madison Arlington),cam_1,1690332476,,,
train,MmCows,Walking,Walking,ID15+cam_3+1690339031_21-37-11.jpg,cow_15,MmCows (UW-Madison Arlington),cam_3,1690339031,,,
train,MmCows,Eating head down,Feeding head down,ID6+cam_4+1690288586_07-36-26.jpg,cow_6,MmCows (UW-Madison Arlington),cam_4,1690288586,,,
train,MmCows,Walking,Walking,ID11+cam_3+1690342391_22-33-11.jpg,cow_11,MmCows (UW-Madison Arlington),cam_3,1690342391,,,
train,MmCows,Standing,Standing,ID13+cam_3+1690281671_05-41-11.jpg,cow_13,MmCows (UW-Madison Arlington),cam_3,1690281671,,,
train,MmCows,Standing,Standing,ID4+cam_4+1690284071_06-21-11.jpg,cow_4,MmCows (UW-Madison Arlington),cam_4,1690284071,,,
train,MmCows,Eating head down,Feeding head down,ID14+cam_3+1690288451_07-34-11.jpg,cow_14,MmCows (UW-Madison Arlington),cam_3,1690288451,,,
train,MmCows,Drinking,Drinking,ID10+cam_3+1690328261_18-37-41.jpg,cow_10,MmCows (UW-Madison Arlington),cam_3,1690328261,,,
train,MmCows,Standing,Standing,ID6+cam_4+1690335881_20-44-41.jpg,cow_6,MmCows (UW-Madison Arlington),cam_4,1690335881,,,
train,MmCows,Walking,Walking,ID8+cam_1+1690316396_15-19-56.jpg,cow_8,MmCows (UW-Madison Arlington),cam_1,1690316396,,,
train,PlayBehavior,Leap,leap,pb_71048e1d.jpg,TOL-2642,Tol,ch01,,Tol2_2024-06-11_PM,0135227.jpg,frames/Tol2_2024-06-11_PM/Tol2_2024-06-11_PM_video046.tar
train,MmCows,Drinking,Drinking,ID3+cam_4+1690304051_11-54-11.jpg,cow_3,MmCows (UW-Madison Arlington),cam_4,1690304051,,,
train,MmCows,Standing,Standing,ID5+cam_3+1690301066_11-04-26.jpg,cow_5,MmCows (UW-Madison Arlington),cam_3,1690301066,,,
train,PlayBehavior,Frontal pushing,frontal_pushing,pb_63158c81.jpg,TOL-2644,Tol,ch01,,Tol2_2024-06-11_PM,0134579.jpg,frames/Tol2_2024-06-11_PM/Tol2_2024-06-11_PM_video045.tar
train,PlayBehavior,Leap,leap,pb_861503d4.jpg,TOL-2644,Tol,ch01,,Tol2_2024-06-11_PM,0137294.jpg,frames/Tol2_2024-06-11_PM/Tol2_2024-06-11_PM_video046.tar
train,MmCows,Walking,Walking,ID12+cam_4+1690313771_14-36-11.jpg,cow_12,MmCows (UW-Madison Arlington),cam_4,1690313771,,,
train,MmCows,Eating head down,Feeding head down,ID1+cam_4+1690335131_20-32-11.jpg,cow_1,MmCows (UW-Madison Arlington),cam_4,1690335131,,,
train,MmCows,Drinking,Drinking,ID1+cam_3+1690333376_20-02-56.jpg,cow_1,MmCows (UW-Madison Arlington),cam_3,1690333376,,,
train,MmCows,Walking,Walking,ID6+cam_3+1690276961_04-22-41.jpg,cow_6,MmCows (UW-Madison Arlington),cam_3,1690276961,,,
train,MmCows,Drinking,Drinking,ID11+cam_1+1690293476_08-57-56.jpg,cow_11,MmCows (UW-Madison Arlington),cam_1,1690293476,,,
train,MmCows,Eating head down,Feeding head down,ID15+cam_4+1690292606_08-43-26.jpg,cow_15,MmCows (UW-Madison Arlington),cam_4,1690292606,,,
train,MmCows,Drinking,Drinking,ID9+cam_4+1690311821_14-03-41.jpg,cow_9,MmCows (UW-Madison Arlington),cam_4,1690311821,,,
train,MmCows,Drinking,Drinking,ID1+cam_3+1690333436_20-03-56.jpg,cow_1,MmCows (UW-Madison Arlington),cam_3,1690333436,,,
train,PlayBehavior,Frontal pushing,frontal_pushing,pb_7ccdbbf2.jpg,TOL-2642,Tol,ch01,,Tol2_2024-06-11_PM,0142022.jpg,frames/Tol2_2024-06-11_PM/Tol2_2024-06-11_PM_video048.tar
train,PlayBehavior,Frontal pushing,frontal_pushing,pb_dcefbb08.jpg,EEM-9,Eem,ch04,,Eem_2024-06-19,0091123.jpg,frames/Eem_2024-06-19/Eem_2024-06-19_video031.tar
train,MmCows,Standing,Standing,ID5+cam_1+1690344761_23-12-41.jpg,cow_5,MmCows (UW-Madison Arlington),cam_1,1690344761,,,
train,PlayBehavior,Leap,leap,pb_b4361122.jpg,TOL-2642,Tol,ch01,,Tol2_2024-06-11_PM,0137270.jpg,frames/Tol2_2024-06-11_PM/Tol2_2024-06-11_PM_video046.tar
train,PlayBehavior,Leap,leap,pb_dbdb9bf3.jpg,TOL-2644,Tol,ch01,,Tol2_2024-06-11_PM,0137662.jpg,frames/Tol2_2024-06-11_PM/Tol2_2024-06-11_PM_video046.tar
train,PlayBehavior,Gallop,gallop,pb_6b25095f.jpg,TOL-2642,Tol,ch01,,Tol2_2024-06-11_PM,0136668.jpg,frames/Tol2_2024-06-11_PM/Tol2_2024-06-11_PM_video046.tar
train,PlayBehavior,Gallop,gallop,pb_ad97d46f.jpg,TOL-2642,Tol,ch01,,Tol2_2024-06-11_PM,0137146.jpg,frames/Tol2_2024-06-11_PM/Tol2_2024-06-11_PM_video046.tar
train,MmCows,Lying,Lying,ID8+cam_3+1690338521_21-28-41.jpg,cow_8,MmCows (UW-Madison Arlington),cam_3,1690338521,,,
train,PlayBehavior,Gallop,gallop,pb_5d74b2a9.jpg,TOL-2642,Tol,ch01,,Tol2_2024-06-11_PM,0137444.jpg,frames/Tol2_2024-06-11_PM/Tol2_2024-06-11_PM_video046.tar
train,MmCows,Eating head down,Feeding head down,ID8+cam_4+1690322486_17-01-26.jpg,cow_8,MmCows (UW-Madison Arlington),cam_4,1690322486,,,
train,MmCows,Eating head down,Feeding head down,ID15+cam_3+1690326476_18-07-56.jpg,cow_15,MmCows (UW-Madison Arlington),cam_3,1690326476,,,
train,MmCows,Walking,Walking,ID1+cam_1+1690297451_10-04-11.jpg,cow_1,MmCows (UW-Madison Arlington),cam_1,1690297451,,,
train,PlayBehavior,Gallop,gallop,pb_f299bf55.jpg,TOL-2644,Tol,ch01,,Tol2_2024-06-11_PM,0137444.jpg,frames/Tol2_2024-06-11_PM/Tol2_2024-06-11_PM_video046.tar
train,PlayBehavior,Leap,leap,pb_4517b45a.jpg,TOL-2644,Tol,ch01,,Tol2_2024-06-11_PM,0137317.jpg,frames/Tol2_2024-06-11_PM/Tol2_2024-06-11_PM_video046.tar
train,PlayBehavior,Frontal pushing,frontal_pushing,pb_d29d4961.jpg,EEM-9,Eem,ch04,,Eem_2024-06-19,0089122.jpg,frames/Eem_2024-06-19/Eem_2024-06-19_video030.tar
train,PlayBehavior,Frontal pushing,frontal_pushing,pb_d7707afb.jpg,EEM-9,Eem,ch04,,Eem_2024-06-19,0089827.jpg,frames/Eem_2024-06-19/Eem_2024-06-19_video030.tar
train,MmCows,Lying,Lying,ID15+cam_1+1690331951_19-39-11.jpg,cow_15,MmCows (UW-Madison Arlington),cam_1,1690331951,,,
train,MmCows,Eating head down,Feeding head down,ID5+cam_3+1690291691_08-28-11.jpg,cow_5,MmCows (UW-Madison Arlington),cam_3,1690291691,,,
train,MmCows,Lying,Lying,ID2+cam_2+1690295351_09-29-11.jpg,cow_2,MmCows (UW-Madison Arlington),cam_2,1690295351,,,
train,MmCows,Eating head down,Feeding head down,ID10+cam_4+1690289246_07-47-26.jpg,cow_10,MmCows (UW-Madison Arlington),cam_4,1690289246,,,
train,MmCows,Walking,Walking,ID9+cam_4+1690317116_15-31-56.jpg,cow_9,MmCows (UW-Madison Arlington),cam_4,1690317116,,,
train,MmCows,Walking,Walking,ID6+cam_4+1690336271_20-51-11.jpg,cow_6,MmCows (UW-Madison Arlington),cam_4,1690336271,,,
train,MmCows,Drinking,Drinking,ID4+cam_1+1690307996_12-59-56.jpg,cow_4,MmCows (UW-Madison Arlington),cam_1,1690307996,,,
train,MmCows,Eating head down,Feeding head down,ID15+cam_3+1690298456_10-20-56.jpg,cow_15,MmCows (UW-Madison Arlington),cam_3,1690298456,,,
train,MmCows,Walking,Walking,ID9+cam_2+1690320071_16-21-11.jpg,cow_9,MmCows (UW-Madison Arlington),cam_2,1690320071,,,
train,PlayBehavior,Frontal pushing,frontal_pushing,pb_f2d6d49e.jpg,TOL-2642,Tol,ch01,,Tol2_2024-06-11_PM,0141542.jpg,frames/Tol2_2024-06-11_PM/Tol2_2024-06-11_PM_video048.tar
train,PlayBehavior,Frontal pushing,frontal_pushing,pb_2a1bc4d2.jpg,TOL-2644,Tol,ch01,,Tol2_2024-06-11_PM,0134204.jpg,frames/Tol2_2024-06-11_PM/Tol2_2024-06-11_PM_video045.tar
train,PlayBehavior,Leap,leap,pb_13f37c6b.jpg,TOL-2644,Tol,ch01,,Tol2_2024-06-11_PM,0137725.jpg,frames/Tol2_2024-06-11_PM/Tol2_2024-06-11_PM_video046.tar
train,MmCows,Drinking,Drinking,ID16+cam_1+1690299746_10-42-26.jpg,cow_16,MmCows (UW-Madison Arlington),cam_1,1690299746,,,
train,PlayBehavior,Gallop,gallop,pb_4c627db0.jpg,TOL-2642,Tol,ch01,,Tol2_2024-06-11_PM,0137407.jpg,frames/Tol2_2024-06-11_PM/Tol2_2024-06-11_PM_video046.tar
train,PlayBehavior,Frontal pushing,frontal_pushing,pb_22c96d4e.jpg,TOL-2642,Tol,ch01,,Tol2_2024-06-11_PM,0150729.jpg,frames/Tol2_2024-06-11_PM/Tol2_2024-06-11_PM_video051.tar
train,MmCows,Drinking,Drinking,ID4+cam_4+1690308101_13-01-41.jpg,cow_4,MmCows (UW-Madison Arlington),cam_4,1690308101,,,
train,MmCows,Standing,Standing,ID7+cam_1+1690281191_05-33-11.jpg,cow_7,MmCows (UW-Madison Arlington),cam_1,1690281191,,,
train,MmCows,Drinking,Drinking,ID15+cam_3+1690274936_03-48-56.jpg,cow_15,MmCows (UW-Madison Arlington),cam_3,1690274936,,,
train,PlayBehavior,Frontal pushing,frontal_pushing,pb_a2fc1456.jpg,TOL-2644,Tol,ch01,,Tol2_2024-06-11_PM,0137519.jpg,frames/Tol2_2024-06-11_PM/Tol2_2024-06-11_PM_video046.tar
train,MmCows,Standing,Standing,ID8+cam_2+1690322036_16-53-56.jpg,cow_8,MmCows (UW-Madison Arlington),cam_2,1690322036,,,
train,PlayBehavior,Gallop,gallop,pb_7d4b6d0b.jpg,TOL-2644,Tol,ch01,,Tol2_2024-06-11_PM,0137163.jpg,frames/Tol2_2024-06-11_PM/Tol2_2024-06-11_PM_video046.tar
train,MmCows,Drinking,Drinking,ID16+cam_1+1690314296_14-44-56.jpg,cow_16,MmCows (UW-Madison Arlington),cam_1,1690314296,,,
train,MmCows,Eating head up,Feeding head up,ID5+cam_4+1690271981_02-59-41.jpg,cow_5,MmCows (UW-Madison Arlington),cam_4,1690271981,,,
train,MmCows,Drinking,Drinking,ID10+cam_1+1690332401_19-46-41.jpg,cow_10,MmCows (UW-Madison Arlington),cam_1,1690332401,,,
train,PlayBehavior,Leap,leap,pb_0bd50acf.jpg,EEM-9,Eem,ch04,,Eem_2024-06-19,0088374.jpg,frames/Eem_2024-06-19/Eem_2024-06-19_video030.tar
train,MmCows,Eating head down,Feeding head down,ID15+cam_4+1690332446_19-47-26.jpg,cow_15,MmCows (UW-Madison Arlington),cam_4,1690332446,,,
train,MmCows,Standing,Standing,ID6+cam_1+1690307171_12-46-11.jpg,cow_6,MmCows (UW-Madison Arlington),cam_1,1690307171,,,
train,MmCows,Lying,Lying,ID4+cam_2+1690291406_08-23-26.jpg,cow_4,MmCows (UW-Madison Arlington),cam_2,1690291406,,,
train,MmCows,Walking,Walking,ID6+cam_3+1690276556_04-15-56.jpg,cow_6,MmCows (UW-Madison Arlington),cam_3,1690276556,,,
train,MmCows,Lying,Lying,ID10+cam_2+1690305911_12-25-11.jpg,cow_10,MmCows (UW-Madison Arlington),cam_2,1690305911,,,
train,MmCows,Walking,Walking,ID8+cam_4+1690316996_15-29-56.jpg,cow_8,MmCows (UW-Madison Arlington),cam_4,1690316996,,,
train,PlayBehavior,Frontal pushing,frontal_pushing,pb_a9719370.jpg,TOL-2644,Tol,ch01,,Tol2_2024-06-11_PM,0138767.jpg,frames/Tol2_2024-06-11_PM/Tol2_2024-06-11_PM_video047.tar
train,MmCows,Eating head up,Feeding head up,ID4+cam_4+1690326821_18-13-41.jpg,cow_4,MmCows (UW-Madison Arlington),cam_4,1690326821,,,
train,MmCows,Lying,Lying,ID13+cam_3+1690289096_07-44-56.jpg,cow_13,MmCows (UW-Madison Arlington),cam_3,1690289096,,,
train,MmCows,Walking,Walking,ID1+cam_1+1690317041_15-30-41.jpg,cow_1,MmCows (UW-Madison Arlington),cam_1,1690317041,,,
train,MmCows,Walking,Walking,ID9+cam_4+1690274981_03-49-41.jpg,cow_9,MmCows (UW-Madison Arlington),cam_4,1690274981,,,
train,PlayBehavior,Leap,leap,pb_19578194.jpg,TOL-2644,Tol,ch01,,Tol2_2024-06-11_PM,0137603.jpg,frames/Tol2_2024-06-11_PM/Tol2_2024-06-11_PM_video046.tar
train,PlayBehavior,Frontal pushing,frontal_pushing,pb_5467702c.jpg,unreleased_farm_1_calf_1,unreleased_farm_1,ch01,,,,
train,MmCows,Standing,Standing,ID13+cam_1+1690276691_04-18-11.jpg,cow_13,MmCows (UW-Madison Arlington),cam_1,1690276691,,,
train,PlayBehavior,Gallop,gallop,pb_ccc8fa51.jpg,TOL-2642,Tol,ch01,,Tol2_2024-06-11_PM,0137710.jpg,frames/Tol2_2024-06-11_PM/Tol2_2024-06-11_PM_video046.tar
train,MmCows,Lying,Lying,ID1+cam_4+1690277231_04-27-11.jpg,cow_1,MmCows (UW-Madison Arlington),cam_4,1690277231,,,
train,MmCows,Lying,Lying,ID6+cam_1+1690330421_19-13-41.jpg,cow_6,MmCows (UW-Madison Arlington),cam_1,1690330421,,,
train,MmCows,Eating head down,Feeding head down,ID2+cam_4+1690321856_16-50-56.jpg,cow_2,MmCows (UW-Madison Arlington),cam_4,1690321856,,,
train,PlayBehavior,Leap,leap,pb_38aae4b3.jpg,TOL-2644,Tol,ch01,,Tol_2024-04-24,0046804.jpg,frames/Tol_2024-04-24/Tol_2024-04-24_video016.tar
train,MmCows,Walking,Walking,ID12+cam_3+1690343501_22-51-41.jpg,cow_12,MmCows (UW-Madison Arlington),cam_3,1690343501,,,
train,PlayBehavior,Leap,leap,pb_7b733bc1.jpg,TOL-2644,Tol,ch01,,Tol2_2024-06-11_PM,0135228.jpg,frames/Tol2_2024-06-11_PM/Tol2_2024-06-11_PM_video046.tar
train,MmCows,Eating head up,Feeding head up,ID13+cam_3+1690274801_03-46-41.jpg,cow_13,MmCows (UW-Madison Arlington),cam_3,1690274801,,,
train,PlayBehavior,Gallop,gallop,pb_d5df4a9e.jpg,EEM-9,Eem,ch04,,Eem_2024-06-19,0089041.jpg,frames/Eem_2024-06-19/Eem_2024-06-19_video030.tar
train,PlayBehavior,Frontal pushing,frontal_pushing,pb_b5784dff.jpg,TOL-2644,Tol,ch01,,Tol2_2024-06-11_PM,0138769.jpg,frames/Tol2_2024-06-11_PM/Tol2_2024-06-11_PM_video047.tar
train,MmCows,Drinking,Drinking,ID2+cam_1+1690299371_10-36-11.jpg,cow_2,MmCows (UW-Madison Arlington),cam_1,1690299371,,,
train,PlayBehavior,Leap,leap,pb_4e78e1c8.jpg,EEM-9,Eem,ch04,,Eem_2024-06-19,0088322.jpg,frames/Eem_2024-06-19/Eem_2024-06-19_video030.tar
train,MmCows,Eating head up,Feeding head up,ID12+cam_3+1690342226_22-30-26.jpg,cow_12,MmCows (UW-Madison Arlington),cam_3,1690342226,,,
train,PlayBehavior,Gallop,gallop,pb_30c5424c.jpg,TOL-2644,Tol,ch01,,Tol2_2024-06-11_PM,0136470.jpg,frames/Tol2_2024-06-11_PM/Tol2_2024-06-11_PM_video046.tar
train,MmCows,Drinking,Drinking,ID16+cam_4+1690292621_08-43-41.jpg,cow_16,MmCows (UW-Madison Arlington),cam_4,1690292621,,,
train,MmCows,Drinking,Drinking,ID2+cam_1+1690311731_14-02-11.jpg,cow_2,MmCows (UW-Madison Arlington),cam_1,1690311731,,,
train,MmCows,Eating head down,Feeding head down,ID16+cam_3+1690329986_19-06-26.jpg,cow_16,MmCows (UW-Madison Arlington),cam_3,1690329986,,,
train,PlayBehavior,Leap,leap,pb_ae849bfb.jpg,TOL-2644,Tol,ch01,,Tol2_2024-06-11_PM,0137601.jpg,frames/Tol2_2024-06-11_PM/Tol2_2024-06-11_PM_video046.tar
train,MmCows,Eating head up,Feeding head up,ID16+cam_1+1690313501_14-31-41.jpg,cow_16,MmCows (UW-Madison Arlington),cam_1,1690313501,,,
train,PlayBehavior,Gallop,gallop,pb_d41a2fc5.jpg,TOL-2642,Tol,ch01,,Tol2_2024-06-11_PM,0136991.jpg,frames/Tol2_2024-06-11_PM/Tol2_2024-06-11_PM_video046.tar
train,PlayBehavior,Gallop,gallop,pb_c24a006b.jpg,EEM-9,Eem,ch04,,Eem_2024-06-19,0088422.jpg,frames/Eem_2024-06-19/Eem_2024-06-19_video030.tar
train,MmCows,Eating head down,Feeding head down,ID10+cam_4+1690288571_07-36-11.jpg,cow_10,MmCows (UW-Madison Arlington),cam_4,1690288571,,,
train,PlayBehavior,Frontal pushing,frontal_pushing,pb_a453be8e.jpg,TOL-2644,Tol,ch01,,Tol2_2024-06-11_PM,0136556.jpg,frames/Tol2_2024-06-11_PM/Tol2_2024-06-11_PM_video046.tar
train,MmCows,Drinking,Drinking,ID14+cam_3+1690327361_18-22-41.jpg,cow_14,MmCows (UW-Madison Arlington),cam_3,1690327361,,,
train,MmCows,Lying,Lying,ID8+cam_3+1690339301_21-41-41.jpg,cow_8,MmCows (UW-Madison Arlington),cam_3,1690339301,,,
train,PlayBehavior,Frontal pushing,frontal_pushing,pb_e36eee40.jpg,TOL-2644,Tol,ch01,,Tol2_2024-06-11_PM,0145123.jpg,frames/Tol2_2024-06-11_PM/Tol2_2024-06-11_PM_video049.tar
train,MmCows,Walking,Walking,ID10+cam_2+1690332611_19-50-11.jpg,cow_10,MmCows (UW-Madison Arlington),cam_2,1690332611,,,
train,MmCows,Drinking,Drinking,ID8+cam_3+1690309076_13-17-56.jpg,cow_8,MmCows (UW-Madison Arlington),cam_3,1690309076,,,
train,MmCows,Eating head down,Feeding head down,ID14+cam_4+1690307471_12-51-11.jpg,cow_14,MmCows (UW-Madison Arlington),cam_4,1690307471,,,
train,MmCows,Standing,Standing,ID10+cam_2+1690302536_11-28-56.jpg,cow_10,MmCows (UW-Madison Arlington),cam_2,1690302536,,,
train,PlayBehavior,Leap,leap,pb_57270df8.jpg,TOL-2642,Tol,ch01,,Tol2_2024-06-11_PM,0135680.jpg,frames/Tol2_2024-06-11_PM/Tol2_2024-06-11_PM_video046.tar
train,MmCows,Eating head up,Feeding head up,ID3+cam_4+1690341161_22-12-41.jpg,cow_3,MmCows (UW-Madison Arlington),cam_4,1690341161,,,
train,MmCows,Drinking,Drinking,ID6+cam_1+1690290431_08-07-11.jpg,cow_6,MmCows (UW-Madison Arlington),cam_1,1690290431,,,
train,MmCows,Eating head down,Feeding head down,ID8+cam_3+1690336271_20-51-11.jpg,cow_8,MmCows (UW-Madison Arlington),cam_3,1690336271,,,
train,MmCows,Drinking,Drinking,ID16+cam_2+1690341116_22-11-56.jpg,cow_16,MmCows (UW-Madison Arlington),cam_2,1690341116,,,
train,MmCows,Lying,Lying,ID10+cam_2+1690325171_17-46-11.jpg,cow_10,MmCows (UW-Madison Arlington),cam_2,1690325171,,,
train,PlayBehavior,Leap,leap,pb_11e69daf.jpg,EEM-9,Eem,ch04,,Eem_2024-06-19,0088375.jpg,frames/Eem_2024-06-19/Eem_2024-06-19_video030.tar
train,PlayBehavior,Leap,leap,pb_20340b6a.jpg,TOL-2642,Tol,ch01,,Tol2_2024-06-11_PM,0135225.jpg,frames/Tol2_2024-06-11_PM/Tol2_2024-06-11_PM_video046.tar
train,MmCows,Eating head up,Feeding head up,ID10+cam_4+1690275206_03-53-26.jpg,cow_10,MmCows (UW-Madison Arlington),cam_4,1690275206,,,
train,MmCows,Standing,Standing,ID16+cam_3+1690341026_22-10-26.jpg,cow_16,MmCows (UW-Madison Arlington),cam_3,1690341026,,,
train,MmCows,Standing,Standing,ID4+cam_1+1690340006_21-53-26.jpg,cow_4,MmCows (UW-Madison Arlington),cam_1,1690340006,,,
train,MmCows,Eating head up,Feeding head up,ID12+cam_4+1690342961_22-42-41.jpg,cow_12,MmCows (UW-Madison Arlington),cam_4,1690342961,,,
train,MmCows,Lying,Lying,ID11+cam_3+1690327781_18-29-41.jpg,cow_11,MmCows (UW-Madison Arlington),cam_3,1690327781,,,
train,MmCows,Walking,Walking,ID1+cam_4+1690295291_09-28-11.jpg,cow_1,MmCows (UW-Madison Arlington),cam_4,1690295291,,,
train,MmCows,Walking,Walking,ID9+cam_1+1690304516_12-01-56.jpg,cow_9,MmCows (UW-Madison Arlington),cam_1,1690304516,,,
train,MmCows,Standing,Standing,ID16+cam_3+1690277006_04-23-26.jpg,cow_16,MmCows (UW-Madison Arlington),cam_3,1690277006,,,
train,MmCows,Standing,Standing,ID13+cam_2+1690272176_03-02-56.jpg,cow_13,MmCows (UW-Madison Arlington),cam_2,1690272176,,,
train,MmCows,Eating head down,Feeding head down,ID12+cam_4+1690330196_19-09-56.jpg,cow_12,MmCows (UW-Madison Arlington),cam_4,1690330196,,,
train,PlayBehavior,Leap,leap,pb_f2ba4870.jpg,EEM-9,Eem,ch04,,Eem_2024-06-19,0088321.jpg,frames/Eem_2024-06-19/Eem_2024-06-19_video030.tar
train,PlayBehavior,Gallop,gallop,pb_3b0c3fb6.jpg,TOL-2644,Tol,ch01,,Tol2_2024-06-11_PM,0137167.jpg,frames/Tol2_2024-06-11_PM/Tol2_2024-06-11_PM_video046.tar
train,PlayBehavior,Gallop,gallop,pb_df3f26b9.jpg,TOL-2644,Tol,ch01,,Tol2_2024-06-11_PM,0134979.jpg,frames/Tol2_2024-06-11_PM/Tol2_2024-06-11_PM_video045.tar
train,MmCows,Standing,Standing,ID11+cam_2+1690275401_03-56-41.jpg,cow_11,MmCows (UW-Madison Arlington),cam_2,1690275401,,,
train,MmCows,Drinking,Drinking,ID5+cam_1+1690299806_10-43-26.jpg,cow_5,MmCows (UW-Madison Arlington),cam_1,1690299806,,,
train,PlayBehavior,Frontal pushing,frontal_pushing,pb_a5c96c90.jpg,EEM-9,Eem,ch04,,Eem_2024-06-19,0091308.jpg,frames/Eem_2024-06-19/Eem_2024-06-19_video031.tar
train,MmCows,Eating head down,Feeding head down,ID15+cam_3+1690333691_20-08-11.jpg,cow_15,MmCows (UW-Madison Arlington),cam_3,1690333691,,,
train,MmCows,Eating head down,Feeding head down,ID14+cam_3+1690295381_09-29-41.jpg,cow_14,MmCows (UW-Madison Arlington),cam_3,1690295381,,,
train,MmCows,Drinking,Drinking,ID4+cam_1+1690306691_12-38-11.jpg,cow_4,MmCows (UW-Madison Arlington),cam_1,1690306691,,,
train,MmCows,Lying,Lying,ID3+cam_2+1690313186_14-26-26.jpg,cow_3,MmCows (UW-Madison Arlington),cam_2,1690313186,,,
train,MmCows,Eating head up,Feeding head up,ID3+cam_4+1690342511_22-35-11.jpg,cow_3,MmCows (UW-Madison Arlington),cam_4,1690342511,,,
train,PlayBehavior,Gallop,gallop,pb_5e7ce450.jpg,EEM-9,Eem,ch04,,Eem_2024-06-19,0089035.jpg,frames/Eem_2024-06-19/Eem_2024-06-19_video030.tar
train,MmCows,Drinking,Drinking,ID6+cam_1+1690316666_15-24-26.jpg,cow_6,MmCows (UW-Madison Arlington),cam_1,1690316666,,,
train,PlayBehavior,Gallop,gallop,pb_444f3744.jpg,TOL-2642,Tol,ch01,,Tol2_2024-06-11_PM,0136470.jpg,frames/Tol2_2024-06-11_PM/Tol2_2024-06-11_PM_video046.tar
train,PlayBehavior,Gallop,gallop,pb_f439d92c.jpg,TOL-2642,Tol,ch01,,Tol2_2024-06-11_PM,0137433.jpg,frames/Tol2_2024-06-11_PM/Tol2_2024-06-11_PM_video046.tar
train,MmCows,Eating head down,Feeding head down,ID14+cam_3+1690295351_09-29-11.jpg,cow_14,MmCows (UW-Madison Arlington),cam_3,1690295351,,,
train,MmCows,Eating head down,Feeding head down,ID10+cam_4+1690289426_07-50-26.jpg,cow_10,MmCows (UW-Madison Arlington),cam_4,1690289426,,,
train,MmCows,Eating head up,Feeding head up,ID12+cam_3+1690332836_19-53-56.jpg,cow_12,MmCows (UW-Madison Arlington),cam_3,1690332836,,,
train,MmCows,Standing,Standing,ID3+cam_2+1690343501_22-51-41.jpg,cow_3,MmCows (UW-Madison Arlington),cam_2,1690343501,,,
train,MmCows,Eating head down,Feeding head down,ID15+cam_3+1690291121_08-18-41.jpg,cow_15,MmCows (UW-Madison Arlington),cam_3,1690291121,,,
train,MmCows,Eating head down,Feeding head down,ID13+cam_3+1690331936_19-38-56.jpg,cow_13,MmCows (UW-Madison Arlington),cam_3,1690331936,,,
train,PlayBehavior,Frontal pushing,frontal_pushing,pb_8aaabd35.jpg,TOL-2642,Tol,ch01,,Tol2_2024-06-11_PM,0138153.jpg,frames/Tol2_2024-06-11_PM/Tol2_2024-06-11_PM_video047.tar
train,PlayBehavior,Gallop,gallop,pb_0eb4fbb0.jpg,EEM-9,Eem,ch04,,Eem_2024-06-19,0089021.jpg,frames/Eem_2024-06-19/Eem_2024-06-19_video030.tar
train,PlayBehavior,Gallop,gallop,pb_e10be0b5.jpg,TOL-2642,Tol,ch01,,Tol2_2024-06-11_PM,0137008.jpg,frames/Tol2_2024-06-11_PM/Tol2_2024-06-11_PM_video046.tar
train,MmCows,Eating head up,Feeding head up,ID4+cam_3+1690343531_22-52-11.jpg,cow_4,MmCows (UW-Madison Arlington),cam_3,1690343531,,,
train,MmCows,Drinking,Drinking,ID1+cam_1+1690322471_17-01-11.jpg,cow_1,MmCows (UW-Madison Arlington),cam_1,1690322471,,,
train,PlayBehavior,Frontal pushing,frontal_pushing,pb_b1e40dde.jpg,TOL-2642,Tol,ch01,,Tol2_2024-06-11_PM,0134852.jpg,frames/Tol2_2024-06-11_PM/Tol2_2024-06-11_PM_video045.tar
train,MmCows,Eating head down,Feeding head down,ID3+cam_4+1690288211_07-30-11.jpg,cow_3,MmCows (UW-Madison Arlington),cam_4,1690288211,,,
train,PlayBehavior,Frontal pushing,frontal_pushing,pb_0023d033.jpg,TOL-2644,Tol,ch01,,Tol2_2024-06-11_PM,0136099.jpg,frames/Tol2_2024-06-11_PM/Tol2_2024-06-11_PM_video046.tar
train,MmCows,Drinking,Drinking,ID11+cam_4+1690314131_14-42-11.jpg,cow_11,MmCows (UW-Madison Arlington),cam_4,1690314131,,,
train,MmCows,Lying,Lying,ID16+cam_3+1690333511_20-05-11.jpg,cow_16,MmCows (UW-Madison Arlington),cam_3,1690333511,,,
train,PlayBehavior,Leap,leap,pb_b3d93c4c.jpg,TOL-2644,Tol,ch01,,Tol2_2024-06-11_PM,0137233.jpg,frames/Tol2_2024-06-11_PM/Tol2_2024-06-11_PM_video046.tar
train,MmCows,Walking,Walking,ID2+cam_1+1690344521_23-08-41.jpg,cow_2,MmCows (UW-Madison Arlington),cam_1,1690344521,,,
train,MmCows,Walking,Walking,ID12+cam_2+1690319726_16-15-26.jpg,cow_12,MmCows (UW-Madison Arlington),cam_2,1690319726,,,
train,MmCows,Drinking,Drinking,ID12+cam_3+1690331201_19-26-41.jpg,cow_12,MmCows (UW-Madison Arlington),cam_3,1690331201,,,
train,MmCows,Lying,Lying,ID2+cam_2+1690342481_22-34-41.jpg,cow_2,MmCows (UW-Madison Arlington),cam_2,1690342481,,,
train,PlayBehavior,Leap,leap,pb_31a73a55.jpg,TOL-2644,Tol,ch01,,Tol2_2024-06-11_PM,0137322.jpg,frames/Tol2_2024-06-11_PM/Tol2_2024-06-11_PM_video046.tar
train,MmCows,Eating head down,Feeding head down,ID9+cam_3+1690334636_20-23-56.jpg,cow_9,MmCows (UW-Madison Arlington),cam_3,1690334636,,,
train,MmCows,Eating head down,Feeding head down,ID15+cam_3+1690275641_04-00-41.jpg,cow_15,MmCows (UW-Madison Arlington),cam_3,1690275641,,,
train,PlayBehavior,Gallop,gallop,pb_60c96269.jpg,EEM-9,Eem,ch04,,Eem_2024-06-19,0088424.jpg,frames/Eem_2024-06-19/Eem_2024-06-19_video030.tar
train,MmCows,Eating head up,Feeding head up,ID4+cam_4+1690305986_12-26-26.jpg,cow_4,MmCows (UW-Madison Arlington),cam_4,1690305986,,,
train,PlayBehavior,Gallop,gallop,pb_4136e3c0.jpg,TOL-2644,Tol,ch01,,Tol2_2024-06-11_PM,0137432.jpg,frames/Tol2_2024-06-11_PM/Tol2_2024-06-11_PM_video046.tar
train,MmCows,Lying,Lying,ID14+cam_3+1690290896_08-14-56.jpg,cow_14,MmCows (UW-Madison Arlington),cam_3,1690290896,,,
train,MmCows,Eating head down,Feeding head down,ID4+cam_3+1690285946_06-52-26.jpg,cow_4,MmCows (UW-Madison Arlington),cam_3,1690285946,,,
train,MmCows,Drinking,Drinking,ID3+cam_4+1690304111_11-55-11.jpg,cow_3,MmCows (UW-Madison Arlington),cam_4,1690304111,,,
train,MmCows,Eating head up,Feeding head up,ID16+cam_4+1690313561_14-32-41.jpg,cow_16,MmCows (UW-Madison Arlington),cam_4,1690313561,,,
train,MmCows,Walking,Walking,ID9+cam_2+1690320191_16-23-11.jpg,cow_9,MmCows (UW-Madison Arlington),cam_2,1690320191,,,
train,MmCows,Eating head down,Feeding head down,ID16+cam_3+1690341506_22-18-26.jpg,cow_16,MmCows (UW-Madison Arlington),cam_3,1690341506,,,
train,MmCows,Eating head down,Feeding head down,ID6+cam_4+1690335296_20-34-56.jpg,cow_6,MmCows (UW-Madison Arlington),cam_4,1690335296,,,
train,PlayBehavior,Leap,leap,pb_db91dde4.jpg,EEM-9,Eem,ch04,,Eem_2024-06-19,0088317.jpg,frames/Eem_2024-06-19/Eem_2024-06-19_video030.tar
train,MmCows,Drinking,Drinking,ID2+cam_1+1690344566_23-09-26.jpg,cow_2,MmCows (UW-Madison Arlington),cam_1,1690344566,,,
train,PlayBehavior,Frontal pushing,frontal_pushing,pb_45c28d5e.jpg,TOL-2644,Tol,ch01,,Tol2_2024-06-11_PM,0136806.jpg,frames/Tol2_2024-06-11_PM/Tol2_2024-06-11_PM_video046.tar
train,MmCows,Lying,Lying,ID11+cam_2+1690305266_12-14-26.jpg,cow_11,MmCows (UW-Madison Arlington),cam_2,1690305266,,,
train,MmCows,Eating head up,Feeding head up,ID13+cam_3+1690312091_14-08-11.jpg,cow_13,MmCows (UW-Madison Arlington),cam_3,1690312091,,,
train,MmCows,Eating head down,Feeding head down,ID9+cam_4+1690333316_20-01-56.jpg,cow_9,MmCows (UW-Madison Arlington),cam_4,1690333316,,,
train,PlayBehavior,Leap,leap,pb_aa6dfa41.jpg,TOL-2644,Tol,ch01,,Tol_2024-04-24,0046613.jpg,frames/Tol_2024-04-24/Tol_2024-04-24_video016.tar
train,PlayBehavior,Frontal pushing,frontal_pushing,pb_93ba07c9.jpg,TOL-2642,Tol,ch01,,Tol2_2024-06-11_PM,0134028.jpg,frames/Tol2_2024-06-11_PM/Tol2_2024-06-11_PM_video045.tar
train,MmCows,Walking,Walking,ID9+cam_3+1690279406_05-03-26.jpg,cow_9,MmCows (UW-Madison Arlington),cam_3,1690279406,,,
train,PlayBehavior,Frontal pushing,frontal_pushing,pb_af93e819.jpg,EEM-9,Eem,ch04,,Eem_2024-06-19,0089574.jpg,frames/Eem_2024-06-19/Eem_2024-06-19_video030.tar
train,MmCows,Standing,Standing,ID9+cam_4+1690338701_21-31-41.jpg,cow_9,MmCows (UW-Madison Arlington),cam_4,1690338701,,,
train,MmCows,Standing,Standing,ID2+cam_2+1690299206_10-33-26.jpg,cow_2,MmCows (UW-Madison Arlington),cam_2,1690299206,,,
train,MmCows,Standing,Standing,ID2+cam_1+1690309076_13-17-56.jpg,cow_2,MmCows (UW-Madison Arlington),cam_1,1690309076,,,
train,MmCows,Drinking,Drinking,ID3+cam_3+1690326191_18-03-11.jpg,cow_3,MmCows (UW-Madison Arlington),cam_3,1690326191,,,
train,PlayBehavior,Frontal pushing,frontal_pushing,pb_84e49982.jpg,TOL-2644,Tol,ch01,,Tol2_2024-06-11_PM,0136848.jpg,frames/Tol2_2024-06-11_PM/Tol2_2024-06-11_PM_video046.tar
train,PlayBehavior,Frontal pushing,frontal_pushing,pb_aa2f1730.jpg,EEM-9,Eem,ch04,,Eem_2024-06-19,0093083.jpg,frames/Eem_2024-06-19/Eem_2024-06-19_video032.tar
train,MmCows,Walking,Walking,ID5+cam_4+1690282946_06-02-26.jpg,cow_5,MmCows (UW-Madison Arlington),cam_4,1690282946,,,
train,MmCows,Eating head down,Feeding head down,ID12+cam_4+1690328696_18-44-56.jpg,cow_12,MmCows (UW-Madison Arlington),cam_4,1690328696,,,
train,MmCows,Eating head down,Feeding head down,ID14+cam_3+1690295276_09-27-56.jpg,cow_14,MmCows (UW-Madison Arlington),cam_3,1690295276,,,
train,PlayBehavior,Gallop,gallop,pb_87b133df.jpg,TOL-2642,Tol,ch01,,Tol2_2024-06-11_PM,0137439.jpg,frames/Tol2_2024-06-11_PM/Tol2_2024-06-11_PM_video046.tar
train,PlayBehavior,Leap,leap,pb_512f3403.jpg,TOL-2644,Tol,ch01,,Tol2_2024-06-11_PM,0137732.jpg,frames/Tol2_2024-06-11_PM/Tol2_2024-06-11_PM_video046.tar
train,PlayBehavior,Frontal pushing,frontal_pushing,pb_a42d3da0.jpg,EEM-9,Eem,ch04,,Eem_2024-06-19,0093306.jpg,frames/Eem_2024-06-19/Eem_2024-06-19_video032.tar
train,MmCows,Standing,Standing,ID4+cam_4+1690273301_03-21-41.jpg,cow_4,MmCows (UW-Madison Arlington),cam_4,1690273301,,,
train,PlayBehavior,Leap,leap,pb_38fca80e.jpg,TOL-2644,Tol,ch01,,Tol2_2024-06-11_PM,0137311.jpg,frames/Tol2_2024-06-11_PM/Tol2_2024-06-11_PM_video046.tar
train,MmCows,Lying,Lying,ID2+cam_1+1690295651_09-34-11.jpg,cow_2,MmCows (UW-Madison Arlington),cam_1,1690295651,,,
train,MmCows,Drinking,Drinking,ID8+cam_3+1690335221_20-33-41.jpg,cow_8,MmCows (UW-Madison Arlington),cam_3,1690335221,,,
train,MmCows,Eating head down,Feeding head down,ID16+cam_3+1690314911_14-55-11.jpg,cow_16,MmCows (UW-Madison Arlington),cam_3,1690314911,,,
train,MmCows,Walking,Walking,ID2+cam_3+1690344896_23-14-56.jpg,cow_2,MmCows (UW-Madison Arlington),cam_3,1690344896,,,
train,MmCows,Drinking,Drinking,ID16+cam_1+1690274621_03-43-41.jpg,cow_16,MmCows (UW-Madison Arlington),cam_1,1690274621,,,
train,MmCows,Eating head up,Feeding head up,ID9+cam_4+1690274081_03-34-41.jpg,cow_9,MmCows (UW-Madison Arlington),cam_4,1690274081,,,
train,MmCows,Lying,Lying,ID10+cam_2+1690295996_09-39-56.jpg,cow_10,MmCows (UW-Madison Arlington),cam_2,1690295996,,,
train,MmCows,Walking,Walking,ID9+cam_1+1690272101_03-01-41.jpg,cow_9,MmCows (UW-Madison Arlington),cam_1,1690272101,,,
train,MmCows,Eating head up,Feeding head up,ID4+cam_1+1690286066_06-54-26.jpg,cow_4,MmCows (UW-Madison Arlington),cam_1,1690286066,,,
train,PlayBehavior,Leap,leap,pb_9949bd16.jpg,TOL-2644,Tol,ch01,,Tol2_2024-06-11_PM,0137730.jpg,frames/Tol2_2024-06-11_PM/Tol2_2024-06-11_PM_video046.tar
train,PlayBehavior,Frontal pushing,frontal_pushing,pb_d90d609d.jpg,TOL-2644,Tol,ch01,,Tol2_2024-06-11_PM,0142987.jpg,frames/Tol2_2024-06-11_PM/Tol2_2024-06-11_PM_video048.tar
train,MmCows,Eating head up,Feeding head up,ID4+cam_3+1690342871_22-41-11.jpg,cow_4,MmCows (UW-Madison Arlington),cam_3,1690342871,,,
train,MmCows,Standing,Standing,ID14+cam_4+1690283486_06-11-26.jpg,cow_14,MmCows (UW-Madison Arlington),cam_4,1690283486,,,
train,MmCows,Lying,Lying,ID8+cam_4+1690341416_22-16-56.jpg,cow_8,MmCows (UW-Madison Arlington),cam_4,1690341416,,,
train,MmCows,Walking,Walking,ID6+cam_4+1690321976_16-52-56.jpg,cow_6,MmCows (UW-Madison Arlington),cam_4,1690321976,,,
train,MmCows,Eating head up,Feeding head up,ID9+cam_3+1690335101_20-31-41.jpg,cow_9,MmCows (UW-Madison Arlington),cam_3,1690335101,,,
train,PlayBehavior,Frontal pushing,frontal_pushing,pb_eca743c3.jpg,TOL-2644,Tol,ch01,,Tol2_2024-06-11_PM,0136932.jpg,frames/Tol2_2024-06-11_PM/Tol2_2024-06-11_PM_video046.tar
train,MmCows,Standing,Standing,ID2+cam_2+1690301741_11-15-41.jpg,cow_2,MmCows (UW-Madison Arlington),cam_2,1690301741,,,
train,PlayBehavior,Leap,leap,pb_7aeb35b2.jpg,TOL-2644,Tol,ch01,,Tol2_2024-06-11_PM,0135224.jpg,frames/Tol2_2024-06-11_PM/Tol2_2024-06-11_PM_video046.tar
train,PlayBehavior,Gallop,gallop,pb_1f4fb338.jpg,TOL-2644,Tol,ch01,,Tol2_2024-06-11_PM,0137410.jpg,frames/Tol2_2024-06-11_PM/Tol2_2024-06-11_PM_video046.tar
train,PlayBehavior,Leap,leap,pb_f4cff905.jpg,TOL-2642,Tol,ch01,,Tol2_2024-06-11_PM,0137427.jpg,frames/Tol2_2024-06-11_PM/Tol2_2024-06-11_PM_video046.tar
train,MmCows,Lying,Lying,ID8+cam_3+1690292366_08-39-26.jpg,cow_8,MmCows (UW-Madison Arlington),cam_3,1690292366,,,
train,PlayBehavior,Gallop,gallop,pb_d3c3deeb.jpg,TOL-2642,Tol,ch01,,Tol2_2024-06-11_PM,0136656.jpg,frames/Tol2_2024-06-11_PM/Tol2_2024-06-11_PM_video046.tar
train,PlayBehavior,Leap,leap,pb_ad785989.jpg,EEM-9,Eem,ch04,,Eem_2024-06-19,0088381.jpg,frames/Eem_2024-06-19/Eem_2024-06-19_video030.tar
train,PlayBehavior,Frontal pushing,frontal_pushing,pb_63e2e2d6.jpg,TOL-2644,Tol,ch01,,Tol2_2024-06-11_PM,0134773.jpg,frames/Tol2_2024-06-11_PM/Tol2_2024-06-11_PM_video045.tar
train,PlayBehavior,Frontal pushing,frontal_pushing,pb_b56ca5e0.jpg,TOL-2644,Tol,ch01,,Tol2_2024-06-11_PM,0138871.jpg,frames/Tol2_2024-06-11_PM/Tol2_2024-06-11_PM_video047.tar
train,PlayBehavior,Gallop,gallop,pb_10226599.jpg,TOL-2644,Tol,ch01,,Tol2_2024-06-11_PM,0137431.jpg,frames/Tol2_2024-06-11_PM/Tol2_2024-06-11_PM_video046.tar
train,MmCows,Drinking,Drinking,ID6+cam_2+1690276871_04-21-11.jpg,cow_6,MmCows (UW-Madison Arlington),cam_2,1690276871,,,
train,MmCows,Walking,Walking,ID14+cam_1+1690305461_12-17-41.jpg,cow_14,MmCows (UW-Madison Arlington),cam_1,1690305461,,,
train,PlayBehavior,Gallop,gallop,pb_f07c9e81.jpg,TOL-2642,Tol,ch01,,Tol2_2024-06-11_PM,0137010.jpg,frames/Tol2_2024-06-11_PM/Tol2_2024-06-11_PM_video046.tar
train,PlayBehavior,Gallop,gallop,pb_0928166c.jpg,TOL-2644,Tol,ch01,,Tol2_2024-06-11_PM,0137148.jpg,frames/Tol2_2024-06-11_PM/Tol2_2024-06-11_PM_video046.tar
train,MmCows,Standing,Standing,ID16+cam_3+1690322456_17-00-56.jpg,cow_16,MmCows (UW-Madison Arlington),cam_3,1690322456,,,
train,MmCows,Lying,Lying,ID15+cam_3+1690282706_05-58-26.jpg,cow_15,MmCows (UW-Madison Arlington),cam_3,1690282706,,,
train,PlayBehavior,Frontal pushing,frontal_pushing,pb_d5fa1f6d.jpg,TOL-2644,Tol,ch01,,Tol2_2024-06-11_PM,0136371.jpg,frames/Tol2_2024-06-11_PM/Tol2_2024-06-11_PM_video046.tar
train,PlayBehavior,Gallop,gallop,pb_aeb521c0.jpg,unreleased_farm_1_calf_1,unreleased_farm_1,ch01,,,,
train,MmCows,Standing,Standing,ID12+cam_2+1690333031_19-57-11.jpg,cow_12,MmCows (UW-Madison Arlington),cam_2,1690333031,,,
train,MmCows,Drinking,Drinking,ID12+cam_2+1690272851_03-14-11.jpg,cow_12,MmCows (UW-Madison Arlington),cam_2,1690272851,,,
train,PlayBehavior,Gallop,gallop,pb_8c9896b5.jpg,EEM-9,Eem,ch04,,Eem_2024-06-19,0093774.jpg,frames/Eem_2024-06-19/Eem_2024-06-19_video032.tar
train,PlayBehavior,Frontal pushing,frontal_pushing,pb_84b0fbf1.jpg,TOL-2642,Tol,ch01,,Tol2_2024-06-11_PM,0136346.jpg,frames/Tol2_2024-06-11_PM/Tol2_2024-06-11_PM_video046.tar
train,PlayBehavior,Leap,leap,pb_21502e61.jpg,TOL-2644,Tol,ch01,,Tol2_2024-06-11_PM,0137736.jpg,frames/Tol2_2024-06-11_PM/Tol2_2024-06-11_PM_video046.tar
train,MmCows,Eating head down,Feeding head down,ID16+cam_3+1690341671_22-21-11.jpg,cow_16,MmCows (UW-Madison Arlington),cam_3,1690341671,,,
train,MmCows,Eating head down,Feeding head down,ID12+cam_3+1690273301_03-21-41.jpg,cow_12,MmCows (UW-Madison Arlington),cam_3,1690273301,,,
train,MmCows,Standing,Standing,ID4+cam_3+1690341791_22-23-11.jpg,cow_4,MmCows (UW-Madison Arlington),cam_3,1690341791,,,
train,MmCows,Drinking,Drinking,ID10+cam_3+1690332446_19-47-26.jpg,cow_10,MmCows (UW-Madison Arlington),cam_3,1690332446,,,
train,MmCows,Lying,Lying,ID4+cam_4+1690345766_23-29-26.jpg,cow_4,MmCows (UW-Madison Arlington),cam_4,1690345766,,,
train,MmCows,Lying,Lying,ID10+cam_2+1690341536_22-18-56.jpg,cow_10,MmCows (UW-Madison Arlington),cam_2,1690341536,,,
train,MmCows,Eating head up,Feeding head up,ID8+cam_4+1690310201_13-36-41.jpg,cow_8,MmCows (UW-Madison Arlington),cam_4,1690310201,,,
train,MmCows,Standing,Standing,ID13+cam_2+1690282121_05-48-41.jpg,cow_13,MmCows (UW-Madison Arlington),cam_2,1690282121,,,
train,PlayBehavior,Gallop,gallop,pb_4fcace74.jpg,TOL-2642,Tol,ch01,,Tol2_2024-06-11_PM,0136679.jpg,frames/Tol2_2024-06-11_PM/Tol2_2024-06-11_PM_video046.tar
train,MmCows,Walking,Walking,ID16+cam_4+1690339361_21-42-41.jpg,cow_16,MmCows (UW-Madison Arlington),cam_4,1690339361,,,
train,MmCows,Lying,Lying,ID12+cam_2+1690301141_11-05-41.jpg,cow_12,MmCows (UW-Madison Arlington),cam_2,1690301141,,,
train,MmCows,Lying,Lying,ID14+cam_4+1690342301_22-31-41.jpg,cow_14,MmCows (UW-Madison Arlington),cam_4,1690342301,,,
train,MmCows,Walking,Walking,ID5+cam_1+1690327991_18-33-11.jpg,cow_5,MmCows (UW-Madison Arlington),cam_1,1690327991,,,
train,PlayBehavior,Gallop,gallop,pb_554bbfe6.jpg,unreleased_farm_1_calf_1,unreleased_farm_1,ch01,,,,
train,PlayBehavior,Frontal pushing,frontal_pushing,pb_b9f21e0e.jpg,EEM-9,Eem,ch04,,Eem_2024-06-19,0089426.jpg,frames/Eem_2024-06-19/Eem_2024-06-19_video030.tar
train,MmCows,Eating head down,Feeding head down,ID9+cam_4+1690273976_03-32-56.jpg,cow_9,MmCows (UW-Madison Arlington),cam_4,1690273976,,,
train,PlayBehavior,Gallop,gallop,pb_924f1b85.jpg,EEM-9,Eem,ch04,,Eem_2024-06-19,0088931.jpg,frames/Eem_2024-06-19/Eem_2024-06-19_video030.tar
train,MmCows,Eating head up,Feeding head up,ID11+cam_4+1690331441_19-30-41.jpg,cow_11,MmCows (UW-Madison Arlington),cam_4,1690331441,,,
train,MmCows,Walking,Walking,ID9+cam_3+1690303076_11-37-56.jpg,cow_9,MmCows (UW-Madison Arlington),cam_3,1690303076,,,
train,PlayBehavior,Leap,leap,pb_b1def326.jpg,TOL-2643,Tol,ch01,,Tol_2024-04-24,0046514.jpg,frames/Tol_2024-04-24/Tol_2024-04-24_video016.tar
train,MmCows,Drinking,Drinking,ID7+cam_2+1690280381_05-19-41.jpg,cow_7,MmCows (UW-Madison Arlington),cam_2,1690280381,,,
train,PlayBehavior,Frontal pushing,frontal_pushing,pb_4d7240f4.jpg,TOL-2642,Tol,ch01,,Tol2_2024-06-11_PM,0138107.jpg,frames/Tol2_2024-06-11_PM/Tol2_2024-06-11_PM_video047.tar
train,MmCows,Standing,Standing,ID11+cam_2+1690295111_09-25-11.jpg,cow_11,MmCows (UW-Madison Arlington),cam_2,1690295111,,,
train,MmCows,Drinking,Drinking,ID3+cam_4+1690303586_11-46-26.jpg,cow_3,MmCows (UW-Madison Arlington),cam_4,1690303586,,,
train,MmCows,Drinking,Drinking,ID12+cam_1+1690312781_14-19-41.jpg,cow_12,MmCows (UW-Madison Arlington),cam_1,1690312781,,,
train,PlayBehavior,Leap,leap,pb_bc107d4a.jpg,TOL-2644,Tol,ch01,,Tol2_2024-06-11_PM,0135689.jpg,frames/Tol2_2024-06-11_PM/Tol2_2024-06-11_PM_video046.tar
train,PlayBehavior,Frontal pushing,frontal_pushing,pb_84bc6c7c.jpg,TOL-2642,Tol,ch01,,Tol2_2024-06-11_PM,0138676.jpg,frames/Tol2_2024-06-11_PM/Tol2_2024-06-11_PM_video047.tar
train,MmCows,Lying,Lying,ID16+cam_4+1690302371_11-26-11.jpg,cow_16,MmCows (UW-Madison Arlington),cam_4,1690302371,,,
train,MmCows,Eating head up,Feeding head up,ID12+cam_4+1690276706_04-18-26.jpg,cow_12,MmCows (UW-Madison Arlington),cam_4,1690276706,,,
train,PlayBehavior,Leap,leap,pb_e9a124cf.jpg,TOL-2644,Tol,ch01,,Tol2_2024-06-11_PM,0135222.jpg,frames/Tol2_2024-06-11_PM/Tol2_2024-06-11_PM_video046.tar
train,MmCows,Drinking,Drinking,ID16+cam_2+1690274636_03-43-56.jpg,cow_16,MmCows (UW-Madison Arlington),cam_2,1690274636,,,
train,PlayBehavior,Leap,leap,pb_76f2ff8c.jpg,TOL-2644,Tol,ch01,,Tol2_2024-06-11_PM,0135687.jpg,frames/Tol2_2024-06-11_PM/Tol2_2024-06-11_PM_video046.tar
train,MmCows,Drinking,Drinking,ID10+cam_4+1690275806_04-03-26.jpg,cow_10,MmCows (UW-Madison Arlington),cam_4,1690275806,,,
train,MmCows,Eating head down,Feeding head down,ID12+cam_4+1690329896_19-04-56.jpg,cow_12,MmCows (UW-Madison Arlington),cam_4,1690329896,,,
train,PlayBehavior,Frontal pushing,frontal_pushing,pb_6d64fd2e.jpg,TOL-2644,Tol,ch01,,Tol2_2024-06-11_PM,0136238.jpg,frames/Tol2_2024-06-11_PM/Tol2_2024-06-11_PM_video046.tar
train,MmCows,Eating head up,Feeding head up,ID12+cam_4+1690276826_04-20-26.jpg,cow_12,MmCows (UW-Madison Arlington),cam_4,1690276826,,,
train,MmCows,Eating head up,Feeding head up,ID7+cam_4+1690320131_16-22-11.jpg,cow_7,MmCows (UW-Madison Arlington),cam_4,1690320131,,,
train,MmCows,Eating head down,Feeding head down,ID8+cam_3+1690290176_08-02-56.jpg,cow_8,MmCows (UW-Madison Arlington),cam_3,1690290176,,,
train,MmCows,Eating head down,Feeding head down,ID11+cam_4+1690331426_19-30-26.jpg,cow_11,MmCows (UW-Madison Arlington),cam_4,1690331426,,,
train,PlayBehavior,Gallop,gallop,pb_b9d03c08.jpg,TOL-2642,Tol,ch01,,Tol2_2024-06-11_PM,0136990.jpg,frames/Tol2_2024-06-11_PM/Tol2_2024-06-11_PM_video046.tar
train,MmCows,Walking,Walking,ID5+cam_1+1690316891_15-28-11.jpg,cow_5,MmCows (UW-Madison Arlington),cam_1,1690316891,,,
train,PlayBehavior,Gallop,gallop,pb_d22b8323.jpg,TOL-2642,Tol,ch01,,Tol2_2024-06-11_PM,0136671.jpg,frames/Tol2_2024-06-11_PM/Tol2_2024-06-11_PM_video046.tar
train,MmCows,Standing,Standing,ID13+cam_1+1690343906_22-58-26.jpg,cow_13,MmCows (UW-Madison Arlington),cam_1,1690343906,,,
train,PlayBehavior,Leap,leap,pb_f64d3860.jpg,TOL-2644,Tol,ch01,,Tol2_2024-06-11_PM,0137306.jpg,frames/Tol2_2024-06-11_PM/Tol2_2024-06-11_PM_video046.tar
train,MmCows,Walking,Walking,ID2+cam_1+1690292351_08-39-11.jpg,cow_2,MmCows (UW-Madison Arlington),cam_1,1690292351,,,
train,MmCows,Walking,Walking,ID7+cam_2+1690283036_06-03-56.jpg,cow_7,MmCows (UW-Madison Arlington),cam_2,1690283036,,,
train,PlayBehavior,Gallop,gallop,pb_30919d06.jpg,TOL-2644,Tol,ch01,,Tol2_2024-06-11_PM,0136666.jpg,frames/Tol2_2024-06-11_PM/Tol2_2024-06-11_PM_video046.tar
train,MmCows,Walking,Walking,ID15+cam_4+1690276751_04-19-11.jpg,cow_15,MmCows (UW-Madison Arlington),cam_4,1690276751,,,
train,MmCows,Lying,Lying,ID8+cam_4+1690299641_10-40-41.jpg,cow_8,MmCows (UW-Madison Arlington),cam_4,1690299641,,,
train,MmCows,Eating head up,Feeding head up,ID5+cam_4+1690298921_10-28-41.jpg,cow_5,MmCows (UW-Madison Arlington),cam_4,1690298921,,,
train,MmCows,Walking,Walking,ID5+cam_2+1690292381_08-39-41.jpg,cow_5,MmCows (UW-Madison Arlington),cam_2,1690292381,,,
train,MmCows,Walking,Walking,ID3+cam_4+1690277321_04-28-41.jpg,cow_3,MmCows (UW-Madison Arlington),cam_4,1690277321,,,
train,MmCows,Walking,Walking,ID2+cam_3+1690311671_14-01-11.jpg,cow_2,MmCows (UW-Madison Arlington),cam_3,1690311671,,,
train,PlayBehavior,Leap,leap,pb_cc9e9fb5.jpg,TOL-2642,Tol,ch01,,Tol2_2024-06-11_PM,0136477.jpg,frames/Tol2_2024-06-11_PM/Tol2_2024-06-11_PM_video046.tar
train,PlayBehavior,Frontal pushing,frontal_pushing,pb_f533d64a.jpg,TOL-2644,Tol,ch01,,Tol2_2024-06-11_PM,0141551.jpg,frames/Tol2_2024-06-11_PM/Tol2_2024-06-11_PM_video048.tar
train,PlayBehavior,Gallop,gallop,pb_a603c6f6.jpg,unreleased_farm_1_calf_1,unreleased_farm_1,ch01,,,,
train,MmCows,Walking,Walking,ID9+cam_3+1690338326_21-25-26.jpg,cow_9,MmCows (UW-Madison Arlington),cam_3,1690338326,,,
train,MmCows,Walking,Walking,ID15+cam_2+1690327226_18-20-26.jpg,cow_15,MmCows (UW-Madison Arlington),cam_2,1690327226,,,
train,MmCows,Standing,Standing,ID8+cam_4+1690294421_09-13-41.jpg,cow_8,MmCows (UW-Madison Arlington),cam_4,1690294421,,,
train,PlayBehavior,Gallop,gallop,pb_5f5b5794.jpg,TOL-2642,Tol,ch01,,Tol2_2024-06-11_PM,0137011.jpg,frames/Tol2_2024-06-11_PM/Tol2_2024-06-11_PM_video046.tar
train,MmCows,Standing,Standing,ID12+cam_3+1690336616_20-56-56.jpg,cow_12,MmCows (UW-Madison Arlington),cam_3,1690336616,,,
train,MmCows,Lying,Lying,ID15+cam_1+1690329956_19-05-56.jpg,cow_15,MmCows (UW-Madison Arlington),cam_1,1690329956,,,
train,MmCows,Lying,Lying,ID2+cam_1+1690335806_20-43-26.jpg,cow_2,MmCows (UW-Madison Arlington),cam_1,1690335806,,,
train,MmCows,Eating head down,Feeding head down,ID5+cam_3+1690322546_17-02-26.jpg,cow_5,MmCows (UW-Madison Arlington),cam_3,1690322546,,,
train,MmCows,Standing,Standing,ID16+cam_3+1690323566_17-19-26.jpg,cow_16,MmCows (UW-Madison Arlington),cam_3,1690323566,,,
train,MmCows,Walking,Walking,ID7+cam_1+1690316996_15-29-56.jpg,cow_7,MmCows (UW-Madison Arlington),cam_1,1690316996,,,
train,MmCows,Walking,Walking,ID6+cam_4+1690315991_15-13-11.jpg,cow_6,MmCows (UW-Madison Arlington),cam_4,1690315991,,,
train,PlayBehavior,Leap,leap,pb_29d8f456.jpg,TOL-2642,Tol,ch01,,Tol2_2024-06-11_PM,0137583.jpg,frames/Tol2_2024-06-11_PM/Tol2_2024-06-11_PM_video046.tar
train,MmCows,Eating head down,Feeding head down,ID6+cam_4+1690340006_21-53-26.jpg,cow_6,MmCows (UW-Madison Arlington),cam_4,1690340006,,,
train,MmCows,Walking,Walking,ID9+cam_2+1690337801_21-16-41.jpg,cow_9,MmCows (UW-Madison Arlington),cam_2,1690337801,,,
train,PlayBehavior,Frontal pushing,frontal_pushing,pb_ba9eda13.jpg,TOL-2644,Tol,ch01,,Tol2_2024-06-11_PM,0136567.jpg,frames/Tol2_2024-06-11_PM/Tol2_2024-06-11_PM_video046.tar
train,MmCows,Standing,Standing,ID12+cam_4+1690280321_05-18-41.jpg,cow_12,MmCows (UW-Madison Arlington),cam_4,1690280321,,,
train,MmCows,Drinking,Drinking,ID3+cam_3+1690281656_05-40-56.jpg,cow_3,MmCows (UW-Madison Arlington),cam_3,1690281656,,,
train,MmCows,Eating head up,Feeding head up,ID4+cam_3+1690316111_15-15-11.jpg,cow_4,MmCows (UW-Madison Arlington),cam_3,1690316111,,,
train,MmCows,Lying,Lying,ID11+cam_1+1690287986_07-26-26.jpg,cow_11,MmCows (UW-Madison Arlington),cam_1,1690287986,,,
train,PlayBehavior,Frontal pushing,frontal_pushing,pb_4e447937.jpg,TOL-2644,Tol,ch01,,Tol2_2024-06-11_PM,0136617.jpg,frames/Tol2_2024-06-11_PM/Tol2_2024-06-11_PM_video046.tar
train,PlayBehavior,Frontal pushing,frontal_pushing,pb_eb341a71.jpg,TOL-2644,Tol,ch01,,Tol2_2024-06-11_PM,0136215.jpg,frames/Tol2_2024-06-11_PM/Tol2_2024-06-11_PM_video046.tar
train,MmCows,Eating head down,Feeding head down,ID13+cam_4+1690310261_13-37-41.jpg,cow_13,MmCows (UW-Madison Arlington),cam_4,1690310261,,,
train,PlayBehavior,Gallop,gallop,pb_794ae03d.jpg,TOL-2642,Tol,ch01,,Tol2_2024-06-11_PM,0136987.jpg,frames/Tol2_2024-06-11_PM/Tol2_2024-06-11_PM_video046.tar
train,MmCows,Eating head up,Feeding head up,ID5+cam_3+1690313936_14-38-56.jpg,cow_5,MmCows (UW-Madison Arlington),cam_3,1690313936,,,
train,PlayBehavior,Gallop,gallop,pb_15b95f89.jpg,EEM-9,Eem,ch04,,Eem_2024-06-19,0089061.jpg,frames/Eem_2024-06-19/Eem_2024-06-19_video030.tar
train,MmCows,Eating head up,Feeding head up,ID11+cam_4+1690311776_14-02-56.jpg,cow_11,MmCows (UW-Madison Arlington),cam_4,1690311776,,,
train,MmCows,Walking,Walking,ID2+cam_4+1690283036_06-03-56.jpg,cow_2,MmCows (UW-Madison Arlington),cam_4,1690283036,,,
train,MmCows,Eating head up,Feeding head up,ID11+cam_4+1690292651_08-44-11.jpg,cow_11,MmCows (UW-Madison Arlington),cam_4,1690292651,,,
train,MmCows,Standing,Standing,ID5+cam_4+1690346156_23-35-56.jpg,cow_5,MmCows (UW-Madison Arlington),cam_4,1690346156,,,
train,PlayBehavior,Frontal pushing,frontal_pushing,pb_b33c7293.jpg,EEM-9,Eem,ch04,,Eem_2024-06-19,0093355.jpg,frames/Eem_2024-06-19/Eem_2024-06-19_video032.tar
train,MmCows,Standing,Standing,ID6+cam_1+1690306706_12-38-26.jpg,cow_6,MmCows (UW-Madison Arlington),cam_1,1690306706,,,
train,MmCows,Drinking,Drinking,ID3+cam_2+1690335356_20-35-56.jpg,cow_3,MmCows (UW-Madison Arlington),cam_2,1690335356,,,
train,MmCows,Eating head down,Feeding head down,ID8+cam_3+1690311356_13-55-56.jpg,cow_8,MmCows (UW-Madison Arlington),cam_3,1690311356,,,
train,MmCows,Standing,Standing,ID15+cam_3+1690334216_20-16-56.jpg,cow_15,MmCows (UW-Madison Arlington),cam_3,1690334216,,,
train,MmCows,Lying,Lying,ID5+cam_2+1690310231_13-37-11.jpg,cow_5,MmCows (UW-Madison Arlington),cam_2,1690310231,,,
train,MmCows,Lying,Lying,ID15+cam_2+1690338611_21-30-11.jpg,cow_15,MmCows (UW-Madison Arlington),cam_2,1690338611,,,
train,PlayBehavior,Leap,leap,pb_cd5165d7.jpg,TOL-2642,Tol,ch01,,Tol_2024-04-24,0046804.jpg,frames/Tol_2024-04-24/Tol_2024-04-24_video016.tar
train,MmCows,Walking,Walking,ID2+cam_1+1690321106_16-38-26.jpg,cow_2,MmCows (UW-Madison Arlington),cam_1,1690321106,,,
train,MmCows,Walking,Walking,ID14+cam_3+1690290386_08-06-26.jpg,cow_14,MmCows (UW-Madison Arlington),cam_3,1690290386,,,
train,MmCows,Eating head up,Feeding head up,ID6+cam_4+1690289306_07-48-26.jpg,cow_6,MmCows (UW-Madison Arlington),cam_4,1690289306,,,
train,MmCows,Standing,Standing,ID5+cam_1+1690279736_05-08-56.jpg,cow_5,MmCows (UW-Madison Arlington),cam_1,1690279736,,,
train,PlayBehavior,Frontal pushing,frontal_pushing,pb_83c90bcc.jpg,TOL-2644,Tol,ch01,,Tol2_2024-06-11_PM,0135922.jpg,frames/Tol2_2024-06-11_PM/Tol2_2024-06-11_PM_video046.tar
train,PlayBehavior,Leap,leap,pb_d03f116b.jpg,TOL-2644,Tol,ch01,,Tol2_2024-06-11_PM,0137713.jpg,frames/Tol2_2024-06-11_PM/Tol2_2024-06-11_PM_video046.tar
train,MmCows,Eating head up,Feeding head up,ID1+cam_3+1690271936_02-58-56.jpg,cow_1,MmCows (UW-Madison Arlington),cam_3,1690271936,,,
train,PlayBehavior,Frontal pushing,frontal_pushing,pb_0344b97a.jpg,TOL-2642,Tol,ch01,,Tol2_2024-06-11_PM,0136083.jpg,frames/Tol2_2024-06-11_PM/Tol2_2024-06-11_PM_video046.tar
train,MmCows,Drinking,Drinking,ID6+cam_1+1690304561_12-02-41.jpg,cow_6,MmCows (UW-Madison Arlington),cam_1,1690304561,,,
train,MmCows,Lying,Lying,ID16+cam_3+1690304681_12-04-41.jpg,cow_16,MmCows (UW-Madison Arlington),cam_3,1690304681,,,
train,PlayBehavior,Frontal pushing,frontal_pushing,pb_40554120.jpg,TOL-2642,Tol,ch01,,Tol2_2024-06-11_PM,0141545.jpg,frames/Tol2_2024-06-11_PM/Tol2_2024-06-11_PM_video048.tar
train,MmCows,Walking,Walking,ID16+cam_4+1690277186_04-26-26.jpg,cow_16,MmCows (UW-Madison Arlington),cam_4,1690277186,,,
train,MmCows,Eating head down,Feeding head down,ID7+cam_3+1690298756_10-25-56.jpg,cow_7,MmCows (UW-Madison Arlington),cam_3,1690298756,,,
train,MmCows,Eating head up,Feeding head up,ID10+cam_4+1690313651_14-34-11.jpg,cow_10,MmCows (UW-Madison Arlington),cam_4,1690313651,,,
train,MmCows,Standing,Standing,ID12+cam_2+1690314101_14-41-41.jpg,cow_12,MmCows (UW-Madison Arlington),cam_2,1690314101,,,
train,MmCows,Eating head down,Feeding head down,ID13+cam_4+1690325696_17-54-56.jpg,cow_13,MmCows (UW-Madison Arlington),cam_4,1690325696,,,
train,PlayBehavior,Leap,leap,pb_8f968cda.jpg,TOL-2644,Tol,ch01,,Tol2_2024-06-11_PM,0137735.jpg,frames/Tol2_2024-06-11_PM/Tol2_2024-06-11_PM_video046.tar
train,MmCows,Eating head down,Feeding head down,ID15+cam_3+1690315271_15-01-11.jpg,cow_15,MmCows (UW-Madison Arlington),cam_3,1690315271,,,
train,MmCows,Walking,Walking,ID9+cam_2+1690334006_20-13-26.jpg,cow_9,MmCows (UW-Madison Arlington),cam_2,1690334006,,,
train,MmCows,Lying,Lying,ID1+cam_3+1690331321_19-28-41.jpg,cow_1,MmCows (UW-Madison Arlington),cam_3,1690331321,,,
train,MmCows,Drinking,Drinking,ID3+cam_3+1690326431_18-07-11.jpg,cow_3,MmCows (UW-Madison Arlington),cam_3,1690326431,,,
train,MmCows,Eating head down,Feeding head down,ID5+cam_4+1690291586_08-26-26.jpg,cow_5,MmCows (UW-Madison Arlington),cam_4,1690291586,,,
train,MmCows,Lying,Lying,ID4+cam_3+1690345796_23-29-56.jpg,cow_4,MmCows (UW-Madison Arlington),cam_3,1690345796,,,
train,PlayBehavior,Gallop,gallop,pb_d2d19980.jpg,TOL-2642,Tol,ch01,,Tol2_2024-06-11_PM,0137148.jpg,frames/Tol2_2024-06-11_PM/Tol2_2024-06-11_PM_video046.tar
train,MmCows,Eating head down,Feeding head down,ID16+cam_3+1690316666_15-24-26.jpg,cow_16,MmCows (UW-Madison Arlington),cam_3,1690316666,,,
train,MmCows,Eating head down,Feeding head down,ID15+cam_3+1690276571_04-16-11.jpg,cow_15,MmCows (UW-Madison Arlington),cam_3,1690276571,,,
train,MmCows,Drinking,Drinking,ID8+cam_2+1690301741_11-15-41.jpg,cow_8,MmCows (UW-Madison Arlington),cam_2,1690301741,,,
train,MmCows,Walking,Walking,ID1+cam_4+1690279496_05-04-56.jpg,cow_1,MmCows (UW-Madison Arlington),cam_4,1690279496,,,
train,PlayBehavior,Leap,leap,pb_56d581bb.jpg,EEM-9,Eem,ch04,,Eem_2024-06-19,0088828.jpg,frames/Eem_2024-06-19/Eem_2024-06-19_video030.tar
train,MmCows,Standing,Standing,ID4+cam_4+1690308251_13-04-11.jpg,cow_4,MmCows (UW-Madison Arlington),cam_4,1690308251,,,
train,MmCows,Drinking,Drinking,ID12+cam_4+1690312601_14-16-41.jpg,cow_12,MmCows (UW-Madison Arlington),cam_4,1690312601,,,
train,PlayBehavior,Frontal pushing,frontal_pushing,pb_5585d455.jpg,TOL-2642,Tol,ch01,,Tol2_2024-06-11_PM,0134674.jpg,frames/Tol2_2024-06-11_PM/Tol2_2024-06-11_PM_video045.tar
train,MmCows,Drinking,Drinking,ID10+cam_4+1690284176_06-22-56.jpg,cow_10,MmCows (UW-Madison Arlington),cam_4,1690284176,,,
train,MmCows,Eating head up,Feeding head up,ID4+cam_4+1690343786_22-56-26.jpg,cow_4,MmCows (UW-Madison Arlington),cam_4,1690343786,,,
train,MmCows,Eating head up,Feeding head up,ID5+cam_3+1690328621_18-43-41.jpg,cow_5,MmCows (UW-Madison Arlington),cam_3,1690328621,,,
train,MmCows,Lying,Lying,ID10+cam_2+1690291271_08-21-11.jpg,cow_10,MmCows (UW-Madison Arlington),cam_2,1690291271,,,
train,PlayBehavior,Frontal pushing,frontal_pushing,pb_33a2bc97.jpg,EEM-9,Eem,ch04,,Eem_2024-06-19,0089635.jpg,frames/Eem_2024-06-19/Eem_2024-06-19_video030.tar
train,PlayBehavior,Frontal pushing,frontal_pushing,pb_c69d15d8.jpg,TOL-2642,Tol,ch01,,Tol2_2024-06-11_PM,0135919.jpg,frames/Tol2_2024-06-11_PM/Tol2_2024-06-11_PM_video046.tar
train,MmCows,Eating head down,Feeding head down,ID16+cam_4+1690273286_03-21-26.jpg,cow_16,MmCows (UW-Madison Arlington),cam_4,1690273286,,,
train,MmCows,Walking,Walking,ID13+cam_1+1690328141_18-35-41.jpg,cow_13,MmCows (UW-Madison Arlington),cam_1,1690328141,,,
train,MmCows,Eating head up,Feeding head up,ID11+cam_3+1690343726_22-55-26.jpg,cow_11,MmCows (UW-Madison Arlington),cam_3,1690343726,,,
train,MmCows,Standing,Standing,ID6+cam_3+1690288376_07-32-56.jpg,cow_6,MmCows (UW-Madison Arlington),cam_3,1690288376,,,
train,PlayBehavior,Frontal pushing,frontal_pushing,pb_d9d80987.jpg,TOL-2642,Tol,ch01,,Tol2_2024-06-11_PM,0134775.jpg,frames/Tol2_2024-06-11_PM/Tol2_2024-06-11_PM_video045.tar
train,PlayBehavior,Frontal pushing,frontal_pushing,pb_bc8f05bc.jpg,TOL-2644,Tol,ch01,,Tol2_2024-06-11_PM,0137121.jpg,frames/Tol2_2024-06-11_PM/Tol2_2024-06-11_PM_video046.tar
train,PlayBehavior,Frontal pushing,frontal_pushing,pb_1e4e005e.jpg,TOL-2644,Tol,ch01,,Tol2_2024-06-11_PM,0150781.jpg,frames/Tol2_2024-06-11_PM/Tol2_2024-06-11_PM_video051.tar
train,MmCows,Eating head down,Feeding head down,ID3+cam_4+1690288826_07-40-26.jpg,cow_3,MmCows (UW-Madison Arlington),cam_4,1690288826,,,
train,MmCows,Walking,Walking,ID3+cam_3+1690281566_05-39-26.jpg,cow_3,MmCows (UW-Madison Arlington),cam_3,1690281566,,,
train,MmCows,Eating head down,Feeding head down,ID4+cam_4+1690306241_12-30-41.jpg,cow_4,MmCows (UW-Madison Arlington),cam_4,1690306241,,,
train,PlayBehavior,Gallop,gallop,pb_f85c8c5c.jpg,TOL-2644,Tol,ch01,,Tol2_2024-06-11_PM,0137702.jpg,frames/Tol2_2024-06-11_PM/Tol2_2024-06-11_PM_video046.tar
train,MmCows,Eating head up,Feeding head up,ID12+cam_4+1690312376_14-12-56.jpg,cow_12,MmCows (UW-Madison Arlington),cam_4,1690312376,,,
train,MmCows,Eating head up,Feeding head up,ID8+cam_3+1690322831_17-07-11.jpg,cow_8,MmCows (UW-Madison Arlington),cam_3,1690322831,,,
train,PlayBehavior,Gallop,gallop,pb_b2df8f3c.jpg,EEM-9,Eem,ch04,,Eem_2024-06-19,0089050.jpg,frames/Eem_2024-06-19/Eem_2024-06-19_video030.tar
train,PlayBehavior,Gallop,gallop,pb_a287e495.jpg,TOL-2642,Tol,ch01,,Tol2_2024-06-11_PM,0136686.jpg,frames/Tol2_2024-06-11_PM/Tol2_2024-06-11_PM_video046.tar
train,MmCows,Standing,Standing,ID9+cam_3+1690307021_12-43-41.jpg,cow_9,MmCows (UW-Madison Arlington),cam_3,1690307021,,,
train,PlayBehavior,Frontal pushing,frontal_pushing,pb_2ddefef0.jpg,TOL-2642,Tol,ch01,,Tol2_2024-06-11_PM,0145165.jpg,frames/Tol2_2024-06-11_PM/Tol2_2024-06-11_PM_video049.tar
train,PlayBehavior,Leap,leap,pb_569ea7bc.jpg,TOL-2644,Tol,ch01,,Tol2_2024-06-11_PM,0135043.jpg,frames/Tol2_2024-06-11_PM/Tol2_2024-06-11_PM_video046.tar
train,MmCows,Drinking,Drinking,ID3+cam_2+1690335251_20-34-11.jpg,cow_3,MmCows (UW-Madison Arlington),cam_2,1690335251,,,
train,MmCows,Eating head up,Feeding head up,ID6+cam_4+1690310561_13-42-41.jpg,cow_6,MmCows (UW-Madison Arlington),cam_4,1690310561,,,
train,PlayBehavior,Frontal pushing,frontal_pushing,pb_b48cbaaf.jpg,TOL-2642,Tol,ch01,,Tol2_2024-06-11_PM,0135573.jpg,frames/Tol2_2024-06-11_PM/Tol2_2024-06-11_PM_video046.tar
train,MmCows,Eating head up,Feeding head up,ID12+cam_4+1690273646_03-27-26.jpg,cow_12,MmCows (UW-Madison Arlington),cam_4,1690273646,,,
train,MmCows,Eating head up,Feeding head up,ID3+cam_3+1690341806_22-23-26.jpg,cow_3,MmCows (UW-Madison Arlington),cam_3,1690341806,,,
train,MmCows,Standing,Standing,ID12+cam_4+1690340411_22-00-11.jpg,cow_12,MmCows (UW-Madison Arlington),cam_4,1690340411,,,
train,MmCows,Lying,Lying,ID16+cam_3+1690286306_06-58-26.jpg,cow_16,MmCows (UW-Madison Arlington),cam_3,1690286306,,,
train,MmCows,Standing,Standing,ID16+cam_2+1690329581_18-59-41.jpg,cow_16,MmCows (UW-Madison Arlington),cam_2,1690329581,,,
train,MmCows,Drinking,Drinking,ID16+cam_4+1690274771_03-46-11.jpg,cow_16,MmCows (UW-Madison Arlington),cam_4,1690274771,,,
train,MmCows,Standing,Standing,ID9+cam_2+1690283261_06-07-41.jpg,cow_9,MmCows (UW-Madison Arlington),cam_2,1690283261,,,
train,MmCows,Eating head down,Feeding head down,ID6+cam_4+1690333826_20-10-26.jpg,cow_6,MmCows (UW-Madison Arlington),cam_4,1690333826,,,
train,PlayBehavior,Leap,leap,pb_141eed38.jpg,EEM-9,Eem,ch04,,Eem_2024-06-19,0088172.jpg,frames/Eem_2024-06-19/Eem_2024-06-19_video030.tar
train,PlayBehavior,Gallop,gallop,pb_8fc45e31.jpg,TOL-2642,Tol,ch01,,Tol2_2024-06-11_PM,0137155.jpg,frames/Tol2_2024-06-11_PM/Tol2_2024-06-11_PM_video046.tar
train,PlayBehavior,Gallop,gallop,pb_765c1973.jpg,EEM-9,Eem,ch04,,Eem_2024-06-19,0089060.jpg,frames/Eem_2024-06-19/Eem_2024-06-19_video030.tar
train,MmCows,Eating head up,Feeding head up,ID5+cam_4+1690299686_10-41-26.jpg,cow_5,MmCows (UW-Madison Arlington),cam_4,1690299686,,,
train,PlayBehavior,Leap,leap,pb_9f933995.jpg,TOL-2644,Tol,ch01,,Tol2_2024-06-11_PM,0137318.jpg,frames/Tol2_2024-06-11_PM/Tol2_2024-06-11_PM_video046.tar
train,MmCows,Eating head up,Feeding head up,ID1+cam_4+1690290146_08-02-26.jpg,cow_1,MmCows (UW-Madison Arlington),cam_4,1690290146,,,
train,MmCows,Eating head down,Feeding head down,ID2+cam_4+1690344986_23-16-26.jpg,cow_2,MmCows (UW-Madison Arlington),cam_4,1690344986,,,
train,PlayBehavior,Frontal pushing,frontal_pushing,pb_ef5ba3e5.jpg,TOL-2642,Tol,ch01,,Tol2_2024-06-11_PM,0141593.jpg,frames/Tol2_2024-06-11_PM/Tol2_2024-06-11_PM_video048.tar
train,MmCows,Walking,Walking,ID6+cam_4+1690315976_15-12-56.jpg,cow_6,MmCows (UW-Madison Arlington),cam_4,1690315976,,,
train,MmCows,Drinking,Drinking,ID15+cam_4+1690308836_13-13-56.jpg,cow_15,MmCows (UW-Madison Arlington),cam_4,1690308836,,,
train,MmCows,Lying,Lying,ID1+cam_3+1690283561_06-12-41.jpg,cow_1,MmCows (UW-Madison Arlington),cam_3,1690283561,,,
train,MmCows,Eating head up,Feeding head up,ID4+cam_3+1690288916_07-41-56.jpg,cow_4,MmCows (UW-Madison Arlington),cam_3,1690288916,,,
train,MmCows,Drinking,Drinking,ID1+cam_1+1690272821_03-13-41.jpg,cow_1,MmCows (UW-Madison Arlington),cam_1,1690272821,,,
train,MmCows,Drinking,Drinking,ID3+cam_1+1690303796_11-49-56.jpg,cow_3,MmCows (UW-Madison Arlington),cam_1,1690303796,,,
train,MmCows,Eating head up,Feeding head up,ID12+cam_4+1690276901_04-21-41.jpg,cow_12,MmCows (UW-Madison Arlington),cam_4,1690276901,,,
train,MmCows,Lying,Lying,ID7+cam_3+1690274231_03-37-11.jpg,cow_7,MmCows (UW-Madison Arlington),cam_3,1690274231,,,
train,MmCows,Standing,Standing,ID5+cam_4+1690346741_23-45-41.jpg,cow_5,MmCows (UW-Madison Arlington),cam_4,1690346741,,,
train,MmCows,Eating head up,Feeding head up,ID3+cam_4+1690288811_07-40-11.jpg,cow_3,MmCows (UW-Madison Arlington),cam_4,1690288811,,,
train,MmCows,Walking,Walking,ID13+cam_4+1690284296_06-24-56.jpg,cow_13,MmCows (UW-Madison Arlington),cam_4,1690284296,,,
train,PlayBehavior,Gallop,gallop,pb_5715b59d.jpg,TOL-2644,Tol,ch01,,Tol2_2024-06-11_PM,0137405.jpg,frames/Tol2_2024-06-11_PM/Tol2_2024-06-11_PM_video046.tar
train,MmCows,Lying,Lying,ID1+cam_4+1690344086_23-01-26.jpg,cow_1,MmCows (UW-Madison Arlington),cam_4,1690344086,,,
train,MmCows,Drinking,Drinking,ID2+cam_3+1690309481_13-24-41.jpg,cow_2,MmCows (UW-Madison Arlington),cam_3,1690309481,,,
train,MmCows,Drinking,Drinking,ID15+cam_1+1690327631_18-27-11.jpg,cow_15,MmCows (UW-Madison Arlington),cam_1,1690327631,,,
train,MmCows,Lying,Lying,ID8+cam_4+1690338311_21-25-11.jpg,cow_8,MmCows (UW-Madison Arlington),cam_4,1690338311,,,
train,PlayBehavior,Leap,leap,pb_5a6e01f6.jpg,TOL-2644,Tol,ch01,,Tol_2024-04-24,0037324.jpg,frames/Tol_2024-04-24/Tol_2024-04-24_video013.tar
train,MmCows,Eating head down,Feeding head down,ID16+cam_3+1690290821_08-13-41.jpg,cow_16,MmCows (UW-Madison Arlington),cam_3,1690290821,,,
train,MmCows,Drinking,Drinking,ID15+cam_1+1690274921_03-48-41.jpg,cow_15,MmCows (UW-Madison Arlington),cam_1,1690274921,,,
train,MmCows,Eating head up,Feeding head up,ID16+cam_3+1690315571_15-06-11.jpg,cow_16,MmCows (UW-Madison Arlington),cam_3,1690315571,,,
train,PlayBehavior,Leap,leap,pb_91952374.jpg,TOL-2642,Tol,ch01,,Tol2_2024-06-11_PM,0137612.jpg,frames/Tol2_2024-06-11_PM/Tol2_2024-06-11_PM_video046.tar
train,MmCows,Drinking,Drinking,ID6+cam_4+1690276916_04-21-56.jpg,cow_6,MmCows (UW-Madison Arlington),cam_4,1690276916,,,
train,PlayBehavior,Gallop,gallop,pb_95b32d66.jpg,TOL-2644,Tol,ch01,,Tol2_2024-06-11_PM,0137160.jpg,frames/Tol2_2024-06-11_PM/Tol2_2024-06-11_PM_video046.tar
train,PlayBehavior,Gallop,gallop,pb_d155acac.jpg,TOL-2644,Tol,ch01,,Tol2_2024-06-11_PM,0136468.jpg,frames/Tol2_2024-06-11_PM/Tol2_2024-06-11_PM_video046.tar
train,PlayBehavior,Frontal pushing,frontal_pushing,pb_ff4a607b.jpg,TOL-2644,Tol,ch01,,Tol2_2024-06-11_PM,0150741.jpg,frames/Tol2_2024-06-11_PM/Tol2_2024-06-11_PM_video051.tar
train,MmCows,Eating head up,Feeding head up,ID10+cam_4+1690276061_04-07-41.jpg,cow_10,MmCows (UW-Madison Arlington),cam_4,1690276061,,,
train,PlayBehavior,Gallop,gallop,pb_87350d71.jpg,EEM-9,Eem,ch04,,Eem_2024-06-19,0088415.jpg,frames/Eem_2024-06-19/Eem_2024-06-19_video030.tar
train,PlayBehavior,Leap,leap,pb_48b9ce5c.jpg,TOL-2644,Tol,ch01,,Tol2_2024-06-11_PM,0135040.jpg,frames/Tol2_2024-06-11_PM/Tol2_2024-06-11_PM_video046.tar
train,MmCows,Walking,Walking,ID6+cam_4+1690334111_20-15-11.jpg,cow_6,MmCows (UW-Madison Arlington),cam_4,1690334111,,,
train,PlayBehavior,Gallop,gallop,pb_350a030a.jpg,TOL-2642,Tol,ch01,,Tol2_2024-06-11_PM,0136677.jpg,frames/Tol2_2024-06-11_PM/Tol2_2024-06-11_PM_video046.tar
train,PlayBehavior,Leap,leap,pb_6aaf90e5.jpg,TOL-2642,Tol,ch01,,Tol2_2024-06-11_PM,0137428.jpg,frames/Tol2_2024-06-11_PM/Tol2_2024-06-11_PM_video046.tar
train,MmCows,Eating head up,Feeding head up,ID11+cam_4+1690311956_14-05-56.jpg,cow_11,MmCows (UW-Madison Arlington),cam_4,1690311956,,,
train,MmCows,Drinking,Drinking,ID1+cam_1+1690296731_09-52-11.jpg,cow_1,MmCows (UW-Madison Arlington),cam_1,1690296731,,,
train,MmCows,Drinking,Drinking,ID5+cam_1+1690301366_11-09-26.jpg,cow_5,MmCows (UW-Madison Arlington),cam_1,1690301366,,,
train,PlayBehavior,Frontal pushing,frontal_pushing,pb_d7d3a18d.jpg,TOL-2644,Tol,ch01,,Tol2_2024-06-11_PM,0136191.jpg,frames/Tol2_2024-06-11_PM/Tol2_2024-06-11_PM_video046.tar
train,MmCows,Standing,Standing,ID15+cam_1+1690339391_21-43-11.jpg,cow_15,MmCows (UW-Madison Arlington),cam_1,1690339391,,,
train,MmCows,Standing,Standing,ID3+cam_4+1690333601_20-06-41.jpg,cow_3,MmCows (UW-Madison Arlington),cam_4,1690333601,,,
train,MmCows,Eating head down,Feeding head down,ID3+cam_3+1690304876_12-07-56.jpg,cow_3,MmCows (UW-Madison Arlington),cam_3,1690304876,,,
train,MmCows,Walking,Walking,ID15+cam_4+1690311476_13-57-56.jpg,cow_15,MmCows (UW-Madison Arlington),cam_4,1690311476,,,
train,MmCows,Lying,Lying,ID3+cam_4+1690329581_18-59-41.jpg,cow_3,MmCows (UW-Madison Arlington),cam_4,1690329581,,,
train,MmCows,Eating head up,Feeding head up,ID2+cam_4+1690290116_08-01-56.jpg,cow_2,MmCows (UW-Madison Arlington),cam_4,1690290116,,,
train,MmCows,Walking,Walking,ID9+cam_4+1690287011_07-10-11.jpg,cow_9,MmCows (UW-Madison Arlington),cam_4,1690287011,,,
train,MmCows,Standing,Standing,ID10+cam_4+1690282946_06-02-26.jpg,cow_10,MmCows (UW-Madison Arlington),cam_4,1690282946,,,
train,MmCows,Eating head down,Feeding head down,ID13+cam_3+1690326671_18-11-11.jpg,cow_13,MmCows (UW-Madison Arlington),cam_3,1690326671,,,
train,MmCows,Standing,Standing,ID8+cam_2+1690334951_20-29-11.jpg,cow_8,MmCows (UW-Madison Arlington),cam_2,1690334951,,,
train,MmCows,Standing,Standing,ID4+cam_3+1690283171_06-06-11.jpg,cow_4,MmCows (UW-Madison Arlington),cam_3,1690283171,,,
train,MmCows,Eating head down,Feeding head down,ID6+cam_3+1690310456_13-40-56.jpg,cow_6,MmCows (UW-Madison Arlington),cam_3,1690310456,,,
train,PlayBehavior,Leap,leap,pb_65bc8a66.jpg,EEM-9,Eem,ch04,,Eem_2024-06-19,0088323.jpg,frames/Eem_2024-06-19/Eem_2024-06-19_video030.tar
train,MmCows,Walking,Walking,ID5+cam_4+1690316861_15-27-41.jpg,cow_5,MmCows (UW-Madison Arlington),cam_4,1690316861,,,
train,MmCows,Eating head up,Feeding head up,ID11+cam_4+1690294721_09-18-41.jpg,cow_11,MmCows (UW-Madison Arlington),cam_4,1690294721,,,
train,MmCows,Standing,Standing,ID5+cam_4+1690346036_23-33-56.jpg,cow_5,MmCows (UW-Madison Arlington),cam_4,1690346036,,,
train,MmCows,Lying,Lying,ID2+cam_1+1690307051_12-44-11.jpg,cow_2,MmCows (UW-Madison Arlington),cam_1,1690307051,,,
train,MmCows,Eating head down,Feeding head down,ID12+cam_3+1690289891_07-58-11.jpg,cow_12,MmCows (UW-Madison Arlington),cam_3,1690289891,,,
train,PlayBehavior,Gallop,gallop,pb_fffd0128.jpg,TOL-2644,Tol,ch01,,Tol2_2024-06-11_PM,0136681.jpg,frames/Tol2_2024-06-11_PM/Tol2_2024-06-11_PM_video046.tar
train,MmCows,Lying,Lying,ID3+cam_2+1690281416_05-36-56.jpg,cow_3,MmCows (UW-Madison Arlington),cam_2,1690281416,,,
train,MmCows,Walking,Walking,ID6+cam_4+1690306571_12-36-11.jpg,cow_6,MmCows (UW-Madison Arlington),cam_4,1690306571,,,
train,MmCows,Standing,Standing,ID12+cam_4+1690333121_19-58-41.jpg,cow_12,MmCows (UW-Madison Arlington),cam_4,1690333121,,,
train,PlayBehavior,Leap,leap,pb_133bd008.jpg,TOL-2644,Tol,ch01,,Tol2_2024-06-11_PM,0135683.jpg,frames/Tol2_2024-06-11_PM/Tol2_2024-06-11_PM_video046.tar
train,MmCows,Lying,Lying,ID1+cam_4+1690286561_07-02-41.jpg,cow_1,MmCows (UW-Madison Arlington),cam_4,1690286561,,,
train,PlayBehavior,Frontal pushing,frontal_pushing,pb_5f4931b4.jpg,EEM-9,Eem,ch04,,Eem_2024-06-19,0093939.jpg,frames/Eem_2024-06-19/Eem_2024-06-19_video032.tar
train,MmCows,Walking,Walking,ID8+cam_4+1690279871_05-11-11.jpg,cow_8,MmCows (UW-Madison Arlington),cam_4,1690279871,,,
train,PlayBehavior,Frontal pushing,frontal_pushing,pb_a1a6790d.jpg,TOL-2644,Tol,ch01,,Tol2_2024-06-11_PM,0134739.jpg,frames/Tol2_2024-06-11_PM/Tol2_2024-06-11_PM_video045.tar
train,MmCows,Walking,Walking,ID1+cam_3+1690295306_09-28-26.jpg,cow_1,MmCows (UW-Madison Arlington),cam_3,1690295306,,,
train,PlayBehavior,Gallop,gallop,pb_1ff0bf87.jpg,TOL-2644,Tol,ch01,,Tol2_2024-06-11_PM,0137004.jpg,frames/Tol2_2024-06-11_PM/Tol2_2024-06-11_PM_video046.tar
train,PlayBehavior,Gallop,gallop,pb_80fdeb05.jpg,TOL-2644,Tol,ch01,,Tol2_2024-06-11_PM,0137711.jpg,frames/Tol2_2024-06-11_PM/Tol2_2024-06-11_PM_video046.tar
train,PlayBehavior,Leap,leap,pb_4880b859.jpg,TOL-2642,Tol,ch01,,Tol2_2024-06-11_PM,0136480.jpg,frames/Tol2_2024-06-11_PM/Tol2_2024-06-11_PM_video046.tar
train,MmCows,Lying,Lying,ID2+cam_1+1690337831_21-17-11.jpg,cow_2,MmCows (UW-Madison Arlington),cam_1,1690337831,,,
train,MmCows,Standing,Standing,ID4+cam_4+1690321526_16-45-26.jpg,cow_4,MmCows (UW-Madison Arlington),cam_4,1690321526,,,
train,MmCows,Walking,Walking,ID6+cam_4+1690339196_21-39-56.jpg,cow_6,MmCows (UW-Madison Arlington),cam_4,1690339196,,,
train,MmCows,Lying,Lying,ID16+cam_3+1690344956_23-15-56.jpg,cow_16,MmCows (UW-Madison Arlington),cam_3,1690344956,,,
train,MmCows,Standing,Standing,ID4+cam_1+1690290536_08-08-56.jpg,cow_4,MmCows (UW-Madison Arlington),cam_1,1690290536,,,
train,PlayBehavior,Frontal pushing,frontal_pushing,pb_94fda855.jpg,TOL-2642,Tol,ch01,,Tol2_2024-06-11_PM,0134180.jpg,frames/Tol2_2024-06-11_PM/Tol2_2024-06-11_PM_video045.tar
train,MmCows,Lying,Lying,ID3+cam_2+1690306886_12-41-26.jpg,cow_3,MmCows (UW-Madison Arlington),cam_2,1690306886,,,
train,PlayBehavior,Gallop,gallop,pb_b5e4e600.jpg,TOL-2644,Tol,ch01,,Tol2_2024-06-11_PM,0136465.jpg,frames/Tol2_2024-06-11_PM/Tol2_2024-06-11_PM_video046.tar
train,MmCows,Eating head up,Feeding head up,ID11+cam_3+1690313006_14-23-26.jpg,cow_11,MmCows (UW-Madison Arlington),cam_3,1690313006,,,
train,MmCows,Standing,Standing,ID4+cam_4+1690321901_16-51-41.jpg,cow_4,MmCows (UW-Madison Arlington),cam_4,1690321901,,,
train,MmCows,Standing,Standing,ID10+cam_1+1690302701_11-31-41.jpg,cow_10,MmCows (UW-Madison Arlington),cam_1,1690302701,,,
train,PlayBehavior,Leap,leap,pb_ee54ee9a.jpg,EEM-9,Eem,ch04,,Eem_2024-06-19,0088830.jpg,frames/Eem_2024-06-19/Eem_2024-06-19_video030.tar
train,PlayBehavior,Frontal pushing,frontal_pushing,pb_e7188cba.jpg,TOL-2642,Tol,ch01,,Tol2_2024-06-11_PM,0138067.jpg,frames/Tol2_2024-06-11_PM/Tol2_2024-06-11_PM_video047.tar
train,PlayBehavior,Gallop,gallop,pb_dbc6f871.jpg,TOL-2644,Tol,ch01,,Tol2_2024-06-11_PM,0137720.jpg,frames/Tol2_2024-06-11_PM/Tol2_2024-06-11_PM_video046.tar
train,MmCows,Drinking,Drinking,ID10+cam_4+1690284146_06-22-26.jpg,cow_10,MmCows (UW-Madison Arlington),cam_4,1690284146,,,
train,PlayBehavior,Frontal pushing,frontal_pushing,pb_05df6841.jpg,TOL-2642,Tol,ch01,,Tol2_2024-06-11_PM,0138125.jpg,frames/Tol2_2024-06-11_PM/Tol2_2024-06-11_PM_video047.tar
train,PlayBehavior,Frontal pushing,frontal_pushing,pb_b7e19bd2.jpg,TOL-2644,Tol,ch01,,Tol2_2024-06-11_PM,0134310.jpg,frames/Tol2_2024-06-11_PM/Tol2_2024-06-11_PM_video045.tar
train,PlayBehavior,Frontal pushing,frontal_pushing,pb_9cf1dc66.jpg,TOL-2644,Tol,ch01,,Tol2_2024-06-11_PM,0136246.jpg,frames/Tol2_2024-06-11_PM/Tol2_2024-06-11_PM_video046.tar
train,PlayBehavior,Gallop,gallop,pb_37432a05.jpg,TOL-2642,Tol,ch01,,Tol2_2024-06-11_PM,0136654.jpg,frames/Tol2_2024-06-11_PM/Tol2_2024-06-11_PM_video046.tar
train,MmCows,Drinking,Drinking,ID3+cam_1+1690292966_08-49-26.jpg,cow_3,MmCows (UW-Madison Arlington),cam_1,1690292966,,,
train,MmCows,Eating head down,Feeding head down,ID6+cam_3+1690333376_20-02-56.jpg,cow_6,MmCows (UW-Madison Arlington),cam_3,1690333376,,,
train,MmCows,Eating head down,Feeding head down,ID16+cam_4+1690314866_14-54-26.jpg,cow_16,MmCows (UW-Madison Arlington),cam_4,1690314866,,,
train,MmCows,Eating head up,Feeding head up,ID6+cam_4+1690294526_09-15-26.jpg,cow_6,MmCows (UW-Madison Arlington),cam_4,1690294526,,,
train,MmCows,Eating head up,Feeding head up,ID3+cam_4+1690291466_08-24-26.jpg,cow_3,MmCows (UW-Madison Arlington),cam_4,1690291466,,,
train,PlayBehavior,Leap,leap,pb_8b957126.jpg,TOL-2644,Tol,,,Tol2_2024-06-11_AM,0074060.jpg,frames/Tol2_2024-06-11_AM/Tol2_2024-06-11_AM_video025.tar
train,PlayBehavior,Leap,leap,pb_1e10e1ba.jpg,TOL-2644,Tol,ch01,,Tol2_2024-06-11_PM,0137278.jpg,frames/Tol2_2024-06-11_PM/Tol2_2024-06-11_PM_video046.tar
train,MmCows,Standing,Standing,ID10+cam_3+1690283291_06-08-11.jpg,cow_10,MmCows (UW-Madison Arlington),cam_3,1690283291,,,
train,MmCows,Walking,Walking,ID6+cam_1+1690321736_16-48-56.jpg,cow_6,MmCows (UW-Madison Arlington),cam_1,1690321736,,,
train,PlayBehavior,Frontal pushing,frontal_pushing,pb_440c9ee5.jpg,TOL-2642,Tol,ch01,,Tol2_2024-06-11_PM,0138924.jpg,frames/Tol2_2024-06-11_PM/Tol2_2024-06-11_PM_video047.tar
train,MmCows,Walking,Walking,ID5+cam_4+1690279646_05-07-26.jpg,cow_5,MmCows (UW-Madison Arlington),cam_4,1690279646,,,
train,PlayBehavior,Gallop,gallop,pb_2c7ba790.jpg,TOL-2642,Tol,ch01,,Tol2_2024-06-11_PM,0136681.jpg,frames/Tol2_2024-06-11_PM/Tol2_2024-06-11_PM_video046.tar
train,MmCows,Eating head down,Feeding head down,ID10+cam_4+1690313741_14-35-41.jpg,cow_10,MmCows (UW-Madison Arlington),cam_4,1690313741,,,
train,MmCows,Drinking,Drinking,ID10+cam_1+1690275686_04-01-26.jpg,cow_10,MmCows (UW-Madison Arlington),cam_1,1690275686,,,
train,MmCows,Eating head up,Feeding head up,ID3+cam_3+1690320341_16-25-41.jpg,cow_3,MmCows (UW-Madison Arlington),cam_3,1690320341,,,
train,PlayBehavior,Gallop,gallop,pb_910fc5d8.jpg,EEM-9,Eem,ch04,,Eem_2024-06-19,0089032.jpg,frames/Eem_2024-06-19/Eem_2024-06-19_video030.tar
train,MmCows,Eating head up,Feeding head up,ID3+cam_3+1690320701_16-31-41.jpg,cow_3,MmCows (UW-Madison Arlington),cam_3,1690320701,,,
train,MmCows,Standing,Standing,ID3+cam_2+1690312991_14-23-11.jpg,cow_3,MmCows (UW-Madison Arlington),cam_2,1690312991,,,
train,MmCows,Lying,Lying,ID9+cam_3+1690301996_11-19-56.jpg,cow_9,MmCows (UW-Madison Arlington),cam_3,1690301996,,,
train,MmCows,Lying,Lying,ID11+cam_2+1690299506_10-38-26.jpg,cow_11,MmCows (UW-Madison Arlington),cam_2,1690299506,,,
train,MmCows,Walking,Walking,ID8+cam_2+1690290671_08-11-11.jpg,cow_8,MmCows (UW-Madison Arlington),cam_2,1690290671,,,
train,MmCows,Eating head down,Feeding head down,ID9+cam_4+1690336031_20-47-11.jpg,cow_9,MmCows (UW-Madison Arlington),cam_4,1690336031,,,
train,MmCows,Lying,Lying,ID5+cam_4+1690296281_09-44-41.jpg,cow_5,MmCows (UW-Madison Arlington),cam_4,1690296281,,,
train,MmCows,Standing,Standing,ID16+cam_1+1690339841_21-50-41.jpg,cow_16,MmCows (UW-Madison Arlington),cam_1,1690339841,,,
train,MmCows,Drinking,Drinking,ID16+cam_3+1690339226_21-40-26.jpg,cow_16,MmCows (UW-Madison Arlington),cam_3,1690339226,,,
train,MmCows,Eating head down,Feeding head down,ID15+cam_4+1690316666_15-24-26.jpg,cow_15,MmCows (UW-Madison Arlington),cam_4,1690316666,,,
train,MmCows,Standing,Standing,ID13+cam_3+1690309736_13-28-56.jpg,cow_13,MmCows (UW-Madison Arlington),cam_3,1690309736,,,
train,PlayBehavior,Leap,leap,pb_7a8138e9.jpg,EEM-9,Eem,ch04,,Eem_2024-06-19,0088930.jpg,frames/Eem_2024-06-19/Eem_2024-06-19_video030.tar
train,PlayBehavior,Gallop,gallop,pb_419297dc.jpg,TOL-2644,Tol,ch01,,Tol2_2024-06-11_PM,0137147.jpg,frames/Tol2_2024-06-11_PM/Tol2_2024-06-11_PM_video046.tar
train,MmCows,Standing,Standing,ID8+cam_1+1690331546_19-32-26.jpg,cow_8,MmCows (UW-Madison Arlington),cam_1,1690331546,,,
train,MmCows,Lying,Lying,ID12+cam_2+1690320881_16-34-41.jpg,cow_12,MmCows (UW-Madison Arlington),cam_2,1690320881,,,
train,PlayBehavior,Gallop,gallop,pb_fc183b12.jpg,TOL-2642,Tol,ch01,,Tol2_2024-06-11_PM,0137163.jpg,frames/Tol2_2024-06-11_PM/Tol2_2024-06-11_PM_video046.tar
train,MmCows,Eating head down,Feeding head down,ID11+cam_3+1690332371_19-46-11.jpg,cow_11,MmCows (UW-Madison Arlington),cam_3,1690332371,,,
train,PlayBehavior,Gallop,gallop,pb_8db1876f.jpg,TOL-2642,Tol,ch01,,Tol2_2024-06-11_PM,0136995.jpg,frames/Tol2_2024-06-11_PM/Tol2_2024-06-11_PM_video046.tar
train,MmCows,Standing,Standing,ID5+cam_4+1690281791_05-43-11.jpg,cow_5,MmCows (UW-Madison Arlington),cam_4,1690281791,,,
train,MmCows,Lying,Lying,ID12+cam_1+1690301036_11-03-56.jpg,cow_12,MmCows (UW-Madison Arlington),cam_1,1690301036,,,
train,MmCows,Standing,Standing,ID2+cam_1+1690280831_05-27-11.jpg,cow_2,MmCows (UW-Madison Arlington),cam_1,1690280831,,,
train,PlayBehavior,Gallop,gallop,pb_39e22258.jpg,TOL-2644,Tol,ch01,,Tol2_2024-06-11_PM,0137699.jpg,frames/Tol2_2024-06-11_PM/Tol2_2024-06-11_PM_video046.tar
train,MmCows,Walking,Walking,ID13+cam_4+1690282451_05-54-11.jpg,cow_13,MmCows (UW-Madison Arlington),cam_4,1690282451,,,
train,PlayBehavior,Frontal pushing,frontal_pushing,pb_34a0558f.jpg,TOL-2642,Tol,ch01,,Tol2_2024-06-11_PM,0137124.jpg,frames/Tol2_2024-06-11_PM/Tol2_2024-06-11_PM_video046.tar
train,MmCows,Standing,Standing,ID9+cam_1+1690308791_13-13-11.jpg,cow_9,MmCows (UW-Madison Arlington),cam_1,1690308791,,,
train,PlayBehavior,Leap,leap,pb_1f8cb4b7.jpg,TOL-2644,Tol,ch01,,Tol2_2024-06-11_PM,0137610.jpg,frames/Tol2_2024-06-11_PM/Tol2_2024-06-11_PM_video046.tar
train,MmCows,Eating head down,Feeding head down,ID6+cam_4+1690293881_09-04-41.jpg,cow_6,MmCows (UW-Madison Arlington),cam_4,1690293881,,,
train,MmCows,Drinking,Drinking,ID1+cam_3+1690333361_20-02-41.jpg,cow_1,MmCows (UW-Madison Arlington),cam_3,1690333361,,,
train,PlayBehavior,Leap,leap,pb_b034f1c5.jpg,TOL-2644,Tol,ch01,,Tol2_2024-06-11_PM,0137607.jpg,frames/Tol2_2024-06-11_PM/Tol2_2024-06-11_PM_video046.tar
train,PlayBehavior,Frontal pushing,frontal_pushing,pb_161bdd69.jpg,TOL-2644,Tol,ch01,,Tol2_2024-06-11_PM,0136351.jpg,frames/Tol2_2024-06-11_PM/Tol2_2024-06-11_PM_video046.tar
train,PlayBehavior,Leap,leap,pb_2882e66c.jpg,TOL-2642,Tol,ch01,,Tol2_2024-06-11_PM,0136970.jpg,frames/Tol2_2024-06-11_PM/Tol2_2024-06-11_PM_video046.tar
train,MmCows,Standing,Standing,ID12+cam_2+1690327736_18-28-56.jpg,cow_12,MmCows (UW-Madison Arlington),cam_2,1690327736,,,
train,MmCows,Drinking,Drinking,ID10+cam_4+1690314536_14-48-56.jpg,cow_10,MmCows (UW-Madison Arlington),cam_4,1690314536,,,
train,PlayBehavior,Leap,leap,pb_c4b0f673.jpg,TOL-2643,Tol,ch01,,Tol_2024-04-24,0046512.jpg,frames/Tol_2024-04-24/Tol_2024-04-24_video016.tar
train,MmCows,Standing,Standing,ID15+cam_1+1690309286_13-21-26.jpg,cow_15,MmCows (UW-Madison Arlington),cam_1,1690309286,,,
train,MmCows,Standing,Standing,ID4+cam_1+1690339736_21-48-56.jpg,cow_4,MmCows (UW-Madison Arlington),cam_1,1690339736,,,
train,PlayBehavior,Gallop,gallop,pb_7dad5455.jpg,EEM-9,Eem,ch04,,Eem_2024-06-19,0093767.jpg,frames/Eem_2024-06-19/Eem_2024-06-19_video032.tar
train,MmCows,Standing,Standing,ID12+cam_2+1690298981_10-29-41.jpg,cow_12,MmCows (UW-Madison Arlington),cam_2,1690298981,,,
train,PlayBehavior,Frontal pushing,frontal_pushing,pb_6349ddd5.jpg,TOL-2642,Tol,ch01,,Tol2_2024-06-11_PM,0135305.jpg,frames/Tol2_2024-06-11_PM/Tol2_2024-06-11_PM_video046.tar
train,MmCows,Walking,Walking,ID13+cam_3+1690312151_14-09-11.jpg,cow_13,MmCows (UW-Madison Arlington),cam_3,1690312151,,,
train,MmCows,Drinking,Drinking,ID2+cam_4+1690279496_05-04-56.jpg,cow_2,MmCows (UW-Madison Arlington),cam_4,1690279496,,,
train,MmCows,Lying,Lying,ID7+cam_1+1690331501_19-31-41.jpg,cow_7,MmCows (UW-Madison Arlington),cam_1,1690331501,,,
train,MmCows,Standing,Standing,ID5+cam_1+1690319591_16-13-11.jpg,cow_5,MmCows (UW-Madison Arlington),cam_1,1690319591,,,
train,MmCows,Lying,Lying,ID14+cam_1+1690274306_03-38-26.jpg,cow_14,MmCows (UW-Madison Arlington),cam_1,1690274306,,,
train,MmCows,Eating head down,Feeding head down,ID5+cam_4+1690298771_10-26-11.jpg,cow_5,MmCows (UW-Madison Arlington),cam_4,1690298771,,,
train,MmCows,Lying,Lying,ID12+cam_2+1690326146_18-02-26.jpg,cow_12,MmCows (UW-Madison Arlington),cam_2,1690326146,,,
train,MmCows,Eating head down,Feeding head down,ID6+cam_4+1690321136_16-38-56.jpg,cow_6,MmCows (UW-Madison Arlington),cam_4,1690321136,,,
train,MmCows,Lying,Lying,ID5+cam_2+1690333256_20-00-56.jpg,cow_5,MmCows (UW-Madison Arlington),cam_2,1690333256,,,
train,MmCows,Standing,Standing,ID16+cam_2+1690275311_03-55-11.jpg,cow_16,MmCows (UW-Madison Arlington),cam_2,1690275311,,,
train,PlayBehavior,Leap,leap,pb_e95d63af.jpg,TOL-2642,Tol,ch01,,Tol2_2024-06-11_PM,0135423.jpg,frames/Tol2_2024-06-11_PM/Tol2_2024-06-11_PM_video046.tar
train,PlayBehavior,Frontal pushing,frontal_pushing,pb_ca026bcf.jpg,TOL-2644,Tol,ch01,,Tol2_2024-06-11_PM,0138913.jpg,frames/Tol2_2024-06-11_PM/Tol2_2024-06-11_PM_video047.tar
train,MmCows,Lying,Lying,ID8+cam_4+1690306166_12-29-26.jpg,cow_8,MmCows (UW-Madison Arlington),cam_4,1690306166,,,
train,MmCows,Eating head down,Feeding head down,ID5+cam_3+1690329296_18-54-56.jpg,cow_5,MmCows (UW-Madison Arlington),cam_3,1690329296,,,
train,PlayBehavior,Gallop,gallop,pb_85d5f686.jpg,TOL-2644,Tol,ch01,,Tol2_2024-06-11_PM,0137001.jpg,frames/Tol2_2024-06-11_PM/Tol2_2024-06-11_PM_video046.tar
train,MmCows,Drinking,Drinking,ID15+cam_4+1690289921_07-58-41.jpg,cow_15,MmCows (UW-Madison Arlington),cam_4,1690289921,,,
train,MmCows,Drinking,Drinking,ID9+cam_1+1690303151_11-39-11.jpg,cow_9,MmCows (UW-Madison Arlington),cam_1,1690303151,,,
train,PlayBehavior,Frontal pushing,frontal_pushing,pb_3e823524.jpg,TOL-2644,Tol,ch01,,Tol2_2024-06-11_PM,0137123.jpg,frames/Tol2_2024-06-11_PM/Tol2_2024-06-11_PM_video046.tar
train,PlayBehavior,Frontal pushing,frontal_pushing,pb_103802a4.jpg,TOL-2642,Tol,ch01,,Tol2_2024-06-11_PM,0134918.jpg,frames/Tol2_2024-06-11_PM/Tol2_2024-06-11_PM_video045.tar
train,MmCows,Eating head down,Feeding head down,ID4+cam_3+1690316126_15-15-26.jpg,cow_4,MmCows (UW-Madison Arlington),cam_3,1690316126,,,
train,PlayBehavior,Frontal pushing,frontal_pushing,pb_41113874.jpg,TOL-2644,Tol,ch01,,Tol2_2024-06-11_PM,0141589.jpg,frames/Tol2_2024-06-11_PM/Tol2_2024-06-11_PM_video048.tar
train,PlayBehavior,Leap,leap,pb_c57b3aa1.jpg,TOL-2644,Tol,ch01,,Tol2_2024-06-11_PM,0135420.jpg,frames/Tol2_2024-06-11_PM/Tol2_2024-06-11_PM_video046.tar
train,PlayBehavior,Frontal pushing,frontal_pushing,pb_bae37920.jpg,EEM-9,Eem,ch04,,Eem_2024-06-19,0089435.jpg,frames/Eem_2024-06-19/Eem_2024-06-19_video030.tar
train,PlayBehavior,Frontal pushing,frontal_pushing,pb_dc2e3789.jpg,EEM-9,Eem,ch04,,Eem_2024-06-19,0093146.jpg,frames/Eem_2024-06-19/Eem_2024-06-19_video032.tar
train,PlayBehavior,Gallop,gallop,pb_184a6bbe.jpg,EEM-9,Eem,ch04,,Eem_2024-06-19,0089064.jpg,frames/Eem_2024-06-19/Eem_2024-06-19_video030.tar
train,MmCows,Eating head down,Feeding head down,ID15+cam_4+1690299116_10-31-56.jpg,cow_15,MmCows (UW-Madison Arlington),cam_4,1690299116,,,
train,MmCows,Standing,Standing,ID16+cam_4+1690293176_08-52-56.jpg,cow_16,MmCows (UW-Madison Arlington),cam_4,1690293176,,,
train,PlayBehavior,Gallop,gallop,pb_4c8c565e.jpg,TOL-2644,Tol,ch01,,Tol2_2024-06-11_PM,0137439.jpg,frames/Tol2_2024-06-11_PM/Tol2_2024-06-11_PM_video046.tar
train,MmCows,Drinking,Drinking,ID6+cam_1+1690279766_05-09-26.jpg,cow_6,MmCows (UW-Madison Arlington),cam_1,1690279766,,,
train,MmCows,Walking,Walking,ID4+cam_3+1690306571_12-36-11.jpg,cow_4,MmCows (UW-Madison Arlington),cam_3,1690306571,,,
train,PlayBehavior,Gallop,gallop,pb_707492a6.jpg,TOL-2644,Tol,ch01,,Tol2_2024-06-11_PM,0136989.jpg,frames/Tol2_2024-06-11_PM/Tol2_2024-06-11_PM_video046.tar
train,PlayBehavior,Leap,leap,pb_f85b5eb5.jpg,TOL-2642,Tol,ch01,,Tol_2024-04-24,0046441.jpg,frames/Tol_2024-04-24/Tol_2024-04-24_video016.tar
train,MmCows,Eating head down,Feeding head down,ID7+cam_1+1690299641_10-40-41.jpg,cow_7,MmCows (UW-Madison Arlington),cam_1,1690299641,,,
train,MmCows,Walking,Walking,ID13+cam_4+1690333046_19-57-26.jpg,cow_13,MmCows (UW-Madison Arlington),cam_4,1690333046,,,
train,MmCows,Lying,Lying,ID11+cam_4+1690321826_16-50-26.jpg,cow_11,MmCows (UW-Madison Arlington),cam_4,1690321826,,,
train,PlayBehavior,Gallop,gallop,pb_f3d9cafd.jpg,unreleased_farm_1_calf_1,unreleased_farm_1,ch01,,,,
train,MmCows,Eating head up,Feeding head up,ID10+cam_3+1690300406_10-53-26.jpg,cow_10,MmCows (UW-Madison Arlington),cam_3,1690300406,,,
train,MmCows,Walking,Walking,ID1+cam_4+1690281026_05-30-26.jpg,cow_1,MmCows (UW-Madison Arlington),cam_4,1690281026,,,
train,PlayBehavior,Leap,leap,pb_60bcdf90.jpg,TOL-2642,Tol,ch01,,Tol2_2024-06-11_PM,0137318.jpg,frames/Tol2_2024-06-11_PM/Tol2_2024-06-11_PM_video046.tar
train,MmCows,Eating head down,Feeding head down,ID16+cam_4+1690313231_14-27-11.jpg,cow_16,MmCows (UW-Madison Arlington),cam_4,1690313231,,,
train,PlayBehavior,Frontal pushing,frontal_pushing,pb_91cdbce7.jpg,TOL-2642,Tol,ch01,,Tol2_2024-06-11_PM,0141584.jpg,frames/Tol2_2024-06-11_PM/Tol2_2024-06-11_PM_video048.tar
train,PlayBehavior,Frontal pushing,frontal_pushing,pb_07f99070.jpg,TOL-2642,Tol,ch01,,Tol2_2024-06-11_PM,0136545.jpg,frames/Tol2_2024-06-11_PM/Tol2_2024-06-11_PM_video046.tar
train,MmCows,Standing,Standing,ID8+cam_2+1690309316_13-21-56.jpg,cow_8,MmCows (UW-Madison Arlington),cam_2,1690309316,,,
train,PlayBehavior,Leap,leap,pb_b8eb53b4.jpg,TOL-2642,Tol,ch01,,Tol2_2024-06-11_PM,0135426.jpg,frames/Tol2_2024-06-11_PM/Tol2_2024-06-11_PM_video046.tar
train,MmCows,Eating head up,Feeding head up,ID16+cam_4+1690315541_15-05-41.jpg,cow_16,MmCows (UW-Madison Arlington),cam_4,1690315541,,,
train,MmCows,Drinking,Drinking,ID15+cam_1+1690308806_13-13-26.jpg,cow_15,MmCows (UW-Madison Arlington),cam_1,1690308806,,,
train,MmCows,Walking,Walking,ID6+cam_1+1690310516_13-41-56.jpg,cow_6,MmCows (UW-Madison Arlington),cam_1,1690310516,,,
train,PlayBehavior,Frontal pushing,frontal_pushing,pb_7549fd48.jpg,TOL-2642,Tol,ch01,,Tol2_2024-06-11_PM,0135600.jpg,frames/Tol2_2024-06-11_PM/Tol2_2024-06-11_PM_video046.tar
train,MmCows,Drinking,Drinking,ID2+cam_1+1690299431_10-37-11.jpg,cow_2,MmCows (UW-Madison Arlington),cam_1,1690299431,,,
train,PlayBehavior,Frontal pushing,frontal_pushing,pb_76b26f24.jpg,TOL-2644,Tol,ch01,,Tol2_2024-06-11_PM,0136603.jpg,frames/Tol2_2024-06-11_PM/Tol2_2024-06-11_PM_video046.tar
train,PlayBehavior,Frontal pushing,frontal_pushing,pb_a1d6cb1a.jpg,TOL-2644,Tol,ch01,,Tol2_2024-06-11_PM,0134971.jpg,frames/Tol2_2024-06-11_PM/Tol2_2024-06-11_PM_video045.tar
train,MmCows,Eating head up,Feeding head up,ID16+cam_4+1690301456_11-10-56.jpg,cow_16,MmCows (UW-Madison Arlington),cam_4,1690301456,,,
train,MmCows,Walking,Walking,ID12+cam_3+1690336811_21-00-11.jpg,cow_12,MmCows (UW-Madison Arlington),cam_3,1690336811,,,
train,MmCows,Drinking,Drinking,ID12+cam_1+1690309826_13-30-26.jpg,cow_12,MmCows (UW-Madison Arlington),cam_1,1690309826,,,
train,MmCows,Lying,Lying,ID8+cam_2+1690326851_18-14-11.jpg,cow_8,MmCows (UW-Madison Arlington),cam_2,1690326851,,,
train,MmCows,Eating head down,Feeding head down,ID13+cam_3+1690275386_03-56-26.jpg,cow_13,MmCows (UW-Madison Arlington),cam_3,1690275386,,,
train,PlayBehavior,Leap,leap,pb_80cff130.jpg,TOL-2644,Tol,ch01,,Tol2_2024-06-11_PM,0135686.jpg,frames/Tol2_2024-06-11_PM/Tol2_2024-06-11_PM_video046.tar
train,MmCows,Standing,Standing,ID2+cam_1+1690312001_14-06-41.jpg,cow_2,MmCows (UW-Madison Arlington),cam_1,1690312001,,,
train,MmCows,Drinking,Drinking,ID15+cam_2+1690274906_03-48-26.jpg,cow_15,MmCows (UW-Madison Arlington),cam_2,1690274906,,,
train,MmCows,Eating head up,Feeding head up,ID3+cam_4+1690287866_07-24-26.jpg,cow_3,MmCows (UW-Madison Arlington),cam_4,1690287866,,,
train,PlayBehavior,Frontal pushing,frontal_pushing,pb_32ea6885.jpg,EEM-9,Eem,ch04,,Eem_2024-06-19,0092998.jpg,frames/Eem_2024-06-19/Eem_2024-06-19_video031.tar
train,MmCows,Walking,Walking,ID15+cam_1+1690319306_16-08-26.jpg,cow_15,MmCows (UW-Madison Arlington),cam_1,1690319306,,,
train,PlayBehavior,Frontal pushing,frontal_pushing,pb_0355c94f.jpg,TOL-2644,Tol,ch01,,Tol2_2024-06-11_PM,0136381.jpg,frames/Tol2_2024-06-11_PM/Tol2_2024-06-11_PM_video046.tar
train,PlayBehavior,Gallop,gallop,pb_4fb0d770.jpg,TOL-2642,Tol,ch01,,Tol2_2024-06-11_PM,0137004.jpg,frames/Tol2_2024-06-11_PM/Tol2_2024-06-11_PM_video046.tar
train,PlayBehavior,Gallop,gallop,pb_998118b7.jpg,EEM-9,Eem,ch04,,Eem_2024-06-19,0093772.jpg,frames/Eem_2024-06-19/Eem_2024-06-19_video032.tar
train,PlayBehavior,Leap,leap,pb_4ae2e41c.jpg,EEM-9,Eem,ch04,,Eem_2024-06-19,0088655.jpg,frames/Eem_2024-06-19/Eem_2024-06-19_video030.tar
train,MmCows,Eating head up,Feeding head up,ID4+cam_3+1690342736_22-38-56.jpg,cow_4,MmCows (UW-Madison Arlington),cam_3,1690342736,,,
train,PlayBehavior,Leap,leap,pb_10f84686.jpg,TOL-2644,Tol,ch01,,Tol2_2024-06-11_PM,0137310.jpg,frames/Tol2_2024-06-11_PM/Tol2_2024-06-11_PM_video046.tar
train,PlayBehavior,Frontal pushing,frontal_pushing,pb_0453caa7.jpg,TOL-2644,Tol,ch01,,Tol2_2024-06-11_PM,0138252.jpg,frames/Tol2_2024-06-11_PM/Tol2_2024-06-11_PM_video047.tar
train,MmCows,Standing,Standing,ID4+cam_4+1690280516_05-21-56.jpg,cow_4,MmCows (UW-Madison Arlington),cam_4,1690280516,,,
train,MmCows,Eating head up,Feeding head up,ID9+cam_3+1690335011_20-30-11.jpg,cow_9,MmCows (UW-Madison Arlington),cam_3,1690335011,,,
train,MmCows,Eating head down,Feeding head down,ID2+cam_3+1690291691_08-28-11.jpg,cow_2,MmCows (UW-Madison Arlington),cam_3,1690291691,,,
train,PlayBehavior,Gallop,gallop,pb_eb710204.jpg,TOL-2642,Tol,ch01,,Tol2_2024-06-11_PM,0136458.jpg,frames/Tol2_2024-06-11_PM/Tol2_2024-06-11_PM_video046.tar
train,MmCows,Standing,Standing,ID8+cam_3+1690315526_15-05-26.jpg,cow_8,MmCows (UW-Madison Arlington),cam_3,1690315526,,,
train,MmCows,Walking,Walking,ID8+cam_1+1690276901_04-21-41.jpg,cow_8,MmCows (UW-Madison Arlington),cam_1,1690276901,,,
train,PlayBehavior,Gallop,gallop,pb_4c8796f4.jpg,TOL-2644,Tol,ch01,,Tol2_2024-06-11_PM,0134988.jpg,frames/Tol2_2024-06-11_PM/Tol2_2024-06-11_PM_video045.tar
train,MmCows,Walking,Walking,ID2+cam_1+1690321076_16-37-56.jpg,cow_2,MmCows (UW-Madison Arlington),cam_1,1690321076,,,
train,PlayBehavior,Gallop,gallop,pb_d48acd71.jpg,TOL-2644,Tol,ch01,,Tol2_2024-06-11_PM,0137703.jpg,frames/Tol2_2024-06-11_PM/Tol2_2024-06-11_PM_video046.tar
train,MmCows,Lying,Lying,ID16+cam_4+1690304786_12-06-26.jpg,cow_16,MmCows (UW-Madison Arlington),cam_4,1690304786,,,
train,MmCows,Walking,Walking,ID8+cam_2+1690279811_05-10-11.jpg,cow_8,MmCows (UW-Madison Arlington),cam_2,1690279811,,,
train,MmCows,Eating head down,Feeding head down,ID10+cam_3+1690313696_14-34-56.jpg,cow_10,MmCows (UW-Madison Arlington),cam_3,1690313696,,,
train,MmCows,Lying,Lying,ID16+cam_3+1690303151_11-39-11.jpg,cow_16,MmCows (UW-Madison Arlington),cam_3,1690303151,,,
train,MmCows,Drinking,Drinking,ID15+cam_4+1690297766_10-09-26.jpg,cow_15,MmCows (UW-Madison Arlington),cam_4,1690297766,,,
train,MmCows,Eating head up,Feeding head up,ID10+cam_3+1690331816_19-36-56.jpg,cow_10,MmCows (UW-Madison Arlington),cam_3,1690331816,,,
train,MmCows,Standing,Standing,ID16+cam_4+1690295411_09-30-11.jpg,cow_16,MmCows (UW-Madison Arlington),cam_4,1690295411,,,
train,PlayBehavior,Leap,leap,pb_465f0880.jpg,TOL-2644,Tol,ch01,,Tol2_2024-06-11_PM,0137282.jpg,frames/Tol2_2024-06-11_PM/Tol2_2024-06-11_PM_video046.tar
train,MmCows,Walking,Walking,ID7+cam_3+1690344896_23-14-56.jpg,cow_7,MmCows (UW-Madison Arlington),cam_3,1690344896,,,
train,PlayBehavior,Leap,leap,pb_f8f8c170.jpg,TOL-2644,Tol,ch01,,Tol2_2024-06-11_PM,0137596.jpg,frames/Tol2_2024-06-11_PM/Tol2_2024-06-11_PM_video046.tar
train,PlayBehavior,Gallop,gallop,pb_9fb4cd84.jpg,EEM-9,Eem,ch04,,Eem_2024-06-19,0089070.jpg,frames/Eem_2024-06-19/Eem_2024-06-19_video030.tar
train,PlayBehavior,Leap,leap,pb_5a1fea12.jpg,EEM-9,Eem,ch04,,Eem_2024-06-19,0088373.jpg,frames/Eem_2024-06-19/Eem_2024-06-19_video030.tar
train,MmCows,Drinking,Drinking,ID3+cam_2+1690326176_18-02-56.jpg,cow_3,MmCows (UW-Madison Arlington),cam_2,1690326176,,,
train,MmCows,Standing,Standing,ID9+cam_1+1690274651_03-44-11.jpg,cow_9,MmCows (UW-Madison Arlington),cam_1,1690274651,,,
train,MmCows,Eating head up,Feeding head up,ID2+cam_3+1690300676_10-57-56.jpg,cow_2,MmCows (UW-Madison Arlington),cam_3,1690300676,,,
train,MmCows,Lying,Lying,ID11+cam_1+1690288901_07-41-41.jpg,cow_11,MmCows (UW-Madison Arlington),cam_1,1690288901,,,
train,PlayBehavior,Frontal pushing,frontal_pushing,pb_eb12e47c.jpg,TOL-2644,Tol,ch01,,Tol2_2024-06-11_PM,0141592.jpg,frames/Tol2_2024-06-11_PM/Tol2_2024-06-11_PM_video048.tar
train,MmCows,Eating head up,Feeding head up,ID4+cam_3+1690343501_22-51-41.jpg,cow_4,MmCows (UW-Madison Arlington),cam_3,1690343501,,,
train,PlayBehavior,Leap,leap,pb_04ea578e.jpg,TOL-2644,Tol,ch01,,Tol2_2024-06-11_PM,0137733.jpg,frames/Tol2_2024-06-11_PM/Tol2_2024-06-11_PM_video046.tar
train,PlayBehavior,Gallop,gallop,pb_721c6064.jpg,unreleased_farm_1_calf_1,unreleased_farm_1,ch01,,,,
train,MmCows,Walking,Walking,ID7+cam_4+1690279511_05-05-11.jpg,cow_7,MmCows (UW-Madison Arlington),cam_4,1690279511,,,
train,PlayBehavior,Gallop,gallop,pb_0dec1b7b.jpg,TOL-2644,Tol,ch01,,Tol2_2024-06-11_PM,0136679.jpg,frames/Tol2_2024-06-11_PM/Tol2_2024-06-11_PM_video046.tar
train,PlayBehavior,Leap,leap,pb_f21f95d6.jpg,TOL-2644,Tol,ch01,,Tol_2024-04-24,0046798.jpg,frames/Tol_2024-04-24/Tol_2024-04-24_video016.tar
train,PlayBehavior,Leap,leap,pb_16c636a1.jpg,TOL-2644,Tol,ch01,,Tol2_2024-06-11_PM,0137728.jpg,frames/Tol2_2024-06-11_PM/Tol2_2024-06-11_PM_video046.tar
train,MmCows,Standing,Standing,ID4+cam_4+1690313201_14-26-41.jpg,cow_4,MmCows (UW-Madison Arlington),cam_4,1690313201,,,
train,PlayBehavior,Leap,leap,pb_ced9fc94.jpg,TOL-2644,Tol,ch01,,Tol2_2024-06-11_PM,0134702.jpg,frames/Tol2_2024-06-11_PM/Tol2_2024-06-11_PM_video045.tar
train,MmCows,Lying,Lying,ID13+cam_2+1690296986_09-56-26.jpg,cow_13,MmCows (UW-Madison Arlington),cam_2,1690296986,,,
train,PlayBehavior,Leap,leap,pb_7c192e42.jpg,TOL-2644,Tol,ch01,,Tol_2024-04-24,0036935.jpg,frames/Tol_2024-04-24/Tol_2024-04-24_video013.tar
train,PlayBehavior,Gallop,gallop,pb_a0e3a2fe.jpg,TOL-2644,Tol,ch01,,Tol2_2024-06-11_PM,0137706.jpg,frames/Tol2_2024-06-11_PM/Tol2_2024-06-11_PM_video046.tar
train,PlayBehavior,Frontal pushing,frontal_pushing,pb_6a56f80b.jpg,TOL-2642,Tol,ch01,,Tol2_2024-06-11_PM,0138089.jpg,frames/Tol2_2024-06-11_PM/Tol2_2024-06-11_PM_video047.tar
train,MmCows,Eating head up,Feeding head up,ID2+cam_4+1690288301_07-31-41.jpg,cow_2,MmCows (UW-Madison Arlington),cam_4,1690288301,,,
train,MmCows,Drinking,Drinking,ID6+cam_4+1690279736_05-08-56.jpg,cow_6,MmCows (UW-Madison Arlington),cam_4,1690279736,,,
train,MmCows,Lying,Lying,ID8+cam_2+1690321541_16-45-41.jpg,cow_8,MmCows (UW-Madison Arlington),cam_2,1690321541,,,
train,MmCows,Standing,Standing,ID16+cam_3+1690339856_21-50-56.jpg,cow_16,MmCows (UW-Madison Arlington),cam_3,1690339856,,,
train,PlayBehavior,Gallop,gallop,pb_69fed96a.jpg,EEM-9,Eem,ch04,,Eem_2024-06-19,0093785.jpg,frames/Eem_2024-06-19/Eem_2024-06-19_video032.tar
train,MmCows,Standing,Standing,ID12+cam_1+1690291781_08-29-41.jpg,cow_12,MmCows (UW-Madison Arlington),cam_1,1690291781,,,
train,MmCows,Walking,Walking,ID15+cam_2+1690320131_16-22-11.jpg,cow_15,MmCows (UW-Madison Arlington),cam_2,1690320131,,,
train,PlayBehavior,Leap,leap,pb_43c38f51.jpg,TOL-2643,Tol,ch01,,Tol_2024-04-24,0046790.jpg,frames/Tol_2024-04-24/Tol_2024-04-24_video016.tar
train,PlayBehavior,Gallop,gallop,pb_9c237193.jpg,unreleased_farm_1_calf_1,unreleased_farm_1,ch01,,,,
train,MmCows,Walking,Walking,ID16+cam_2+1690330391_19-13-11.jpg,cow_16,MmCows (UW-Madison Arlington),cam_2,1690330391,,,
train,MmCows,Eating head down,Feeding head down,ID9+cam_4+1690272836_03-13-56.jpg,cow_9,MmCows (UW-Madison Arlington),cam_4,1690272836,,,
train,MmCows,Standing,Standing,ID16+cam_4+1690292531_08-42-11.jpg,cow_16,MmCows (UW-Madison Arlington),cam_4,1690292531,,,
train,MmCows,Eating head down,Feeding head down,ID2+cam_3+1690346576_23-42-56.jpg,cow_2,MmCows (UW-Madison Arlington),cam_3,1690346576,,,
train,PlayBehavior,Leap,leap,pb_bb4d79de.jpg,EEM-9,Eem,ch04,,Eem_2024-06-19,0088841.jpg,frames/Eem_2024-06-19/Eem_2024-06-19_video030.tar
train,MmCows,Standing,Standing,ID4+cam_3+1690309001_13-16-41.jpg,cow_4,MmCows (UW-Madison Arlington),cam_3,1690309001,,,
train,MmCows,Drinking,Drinking,ID2+cam_2+1690328276_18-37-56.jpg,cow_2,MmCows (UW-Madison Arlington),cam_2,1690328276,,,
train,PlayBehavior,Gallop,gallop,pb_09a9511f.jpg,TOL-2644,Tol,ch01,,Tol2_2024-06-11_PM,0136466.jpg,frames/Tol2_2024-06-11_PM/Tol2_2024-06-11_PM_video046.tar
train,PlayBehavior,Leap,leap,pb_12cdb73c.jpg,TOL-2644,Tol,ch01,,Tol_2024-04-24,0046512.jpg,frames/Tol_2024-04-24/Tol_2024-04-24_video016.tar
train,MmCows,Eating head up,Feeding head up,ID7+cam_4+1690284866_06-34-26.jpg,cow_7,MmCows (UW-Madison Arlington),cam_4,1690284866,,,
train,MmCows,Eating head up,Feeding head up,ID11+cam_4+1690311311_13-55-11.jpg,cow_11,MmCows (UW-Madison Arlington),cam_4,1690311311,,,
train,MmCows,Walking,Walking,ID9+cam_2+1690309661_13-27-41.jpg,cow_9,MmCows (UW-Madison Arlington),cam_2,1690309661,,,
train,PlayBehavior,Leap,leap,pb_ba18e5f7.jpg,TOL-2644,Tol,ch01,,Tol2_2024-06-11_PM,0137664.jpg,frames/Tol2_2024-06-11_PM/Tol2_2024-06-11_PM_video046.tar
train,MmCows,Standing,Standing,ID11+cam_2+1690277216_04-26-56.jpg,cow_11,MmCows (UW-Madison Arlington),cam_2,1690277216,,,
train,PlayBehavior,Leap,leap,pb_e1f3218a.jpg,TOL-2644,Tol,ch01,,Tol2_2024-06-11_PM,0137143.jpg,frames/Tol2_2024-06-11_PM/Tol2_2024-06-11_PM_video046.tar
train,PlayBehavior,Gallop,gallop,pb_2e28bda9.jpg,unreleased_farm_1_calf_1,unreleased_farm_1,ch01,,,,
train,MmCows,Walking,Walking,ID11+cam_3+1690282871_06-01-11.jpg,cow_11,MmCows (UW-Madison Arlington),cam_3,1690282871,,,
train,MmCows,Walking,Walking,ID16+cam_4+1690274426_03-40-26.jpg,cow_16,MmCows (UW-Madison Arlington),cam_4,1690274426,,,
train,MmCows,Drinking,Drinking,ID13+cam_2+1690319336_16-08-56.jpg,cow_13,MmCows (UW-Madison Arlington),cam_2,1690319336,,,
train,MmCows,Standing,Standing,ID4+cam_3+1690273031_03-17-11.jpg,cow_4,MmCows (UW-Madison Arlington),cam_3,1690273031,,,
train,PlayBehavior,Gallop,gallop,pb_8cdf61f7.jpg,TOL-2644,Tol,ch01,,Tol2_2024-06-11_PM,0137168.jpg,frames/Tol2_2024-06-11_PM/Tol2_2024-06-11_PM_video046.tar
train,MmCows,Eating head up,Feeding head up,ID13+cam_4+1690292081_08-34-41.jpg,cow_13,MmCows (UW-Madison Arlington),cam_4,1690292081,,,
train,PlayBehavior,Leap,leap,pb_4922e3af.jpg,TOL-2644,Tol,ch01,,Tol2_2024-06-11_PM,0137279.jpg,frames/Tol2_2024-06-11_PM/Tol2_2024-06-11_PM_video046.tar
train,MmCows,Standing,Standing,ID15+cam_4+1690290626_08-10-26.jpg,cow_15,MmCows (UW-Madison Arlington),cam_4,1690290626,,,
train,MmCows,Walking,Walking,ID12+cam_2+1690331396_19-29-56.jpg,cow_12,MmCows (UW-Madison Arlington),cam_2,1690331396,,,
train,MmCows,Lying,Lying,ID16+cam_3+1690285001_06-36-41.jpg,cow_16,MmCows (UW-Madison Arlington),cam_3,1690285001,,,
train,MmCows,Standing,Standing,ID16+cam_2+1690311536_13-58-56.jpg,cow_16,MmCows (UW-Madison Arlington),cam_2,1690311536,,,
train,MmCows,Lying,Lying,ID14+cam_4+1690341926_22-25-26.jpg,cow_14,MmCows (UW-Madison Arlington),cam_4,1690341926,,,
train,PlayBehavior,Gallop,gallop,pb_51a976d1.jpg,TOL-2644,Tol,ch01,,Tol2_2024-06-11_PM,0137152.jpg,frames/Tol2_2024-06-11_PM/Tol2_2024-06-11_PM_video046.tar
train,MmCows,Walking,Walking,ID4+cam_4+1690315091_14-58-11.jpg,cow_4,MmCows (UW-Madison Arlington),cam_4,1690315091,,,
train,MmCows,Lying,Lying,ID13+cam_2+1690315766_15-09-26.jpg,cow_13,MmCows (UW-Madison Arlington),cam_2,1690315766,,,
train,MmCows,Eating head down,Feeding head down,ID16+cam_3+1690322051_16-54-11.jpg,cow_16,MmCows (UW-Madison Arlington),cam_3,1690322051,,,
train,MmCows,Drinking,Drinking,ID1+cam_2+1690322516_17-01-56.jpg,cow_1,MmCows (UW-Madison Arlington),cam_2,1690322516,,,
train,MmCows,Eating head down,Feeding head down,ID12+cam_3+1690311071_13-51-11.jpg,cow_12,MmCows (UW-Madison Arlington),cam_3,1690311071,,,
train,MmCows,Standing,Standing,ID11+cam_4+1690319336_16-08-56.jpg,cow_11,MmCows (UW-Madison Arlington),cam_4,1690319336,,,
train,PlayBehavior,Leap,leap,pb_9348e0fa.jpg,TOL-2644,Tol,ch01,,Tol_2024-04-24,0057841.jpg,frames/Tol_2024-04-24/Tol_2024-04-24_video020.tar
train,MmCows,Lying,Lying,ID3+cam_2+1690285196_06-39-56.jpg,cow_3,MmCows (UW-Madison Arlington),cam_2,1690285196,,,
train,PlayBehavior,Frontal pushing,frontal_pushing,pb_40552c23.jpg,TOL-2642,Tol,ch01,,Tol2_2024-06-11_PM,0134329.jpg,frames/Tol2_2024-06-11_PM/Tol2_2024-06-11_PM_video045.tar
train,MmCows,Lying,Lying,ID3+cam_3+1690286261_06-57-41.jpg,cow_3,MmCows (UW-Madison Arlington),cam_3,1690286261,,,
train,PlayBehavior,Gallop,gallop,pb_fd00d435.jpg,unreleased_farm_1_calf_1,unreleased_farm_1,ch01,,,,
train,PlayBehavior,Gallop,gallop,pb_34e0b047.jpg,TOL-2642,Tol,ch01,,Tol2_2024-06-11_PM,0136469.jpg,frames/Tol2_2024-06-11_PM/Tol2_2024-06-11_PM_video046.tar
train,PlayBehavior,Gallop,gallop,pb_b86ed859.jpg,TOL-2642,Tol,ch01,,Tol2_2024-06-11_PM,0137432.jpg,frames/Tol2_2024-06-11_PM/Tol2_2024-06-11_PM_video046.tar
train,PlayBehavior,Gallop,gallop,pb_4aa19577.jpg,TOL-2644,Tol,ch01,,Tol2_2024-06-11_PM,0137007.jpg,frames/Tol2_2024-06-11_PM/Tol2_2024-06-11_PM_video046.tar
train,PlayBehavior,Frontal pushing,frontal_pushing,pb_971a2b81.jpg,TOL-2642,Tol,ch01,,Tol2_2024-06-11_PM,0136530.jpg,frames/Tol2_2024-06-11_PM/Tol2_2024-06-11_PM_video046.tar
train,PlayBehavior,Leap,leap,pb_9bd1f089.jpg,TOL-2642,Tol,ch01,,Tol_2024-04-24,0047405.jpg,frames/Tol_2024-04-24/Tol_2024-04-24_video016.tar
train,MmCows,Eating head down,Feeding head down,ID4+cam_4+1690326581_18-09-41.jpg,cow_4,MmCows (UW-Madison Arlington),cam_4,1690326581,,,
train,MmCows,Eating head up,Feeding head up,ID4+cam_3+1690342901_22-41-41.jpg,cow_4,MmCows (UW-Madison Arlington),cam_3,1690342901,,,
train,PlayBehavior,Leap,leap,pb_b69f90a7.jpg,TOL-2644,Tol,ch01,,Tol_2024-04-24,0048533.jpg,frames/Tol_2024-04-24/Tol_2024-04-24_video017.tar
train,MmCows,Standing,Standing,ID9+cam_4+1690324781_17-39-41.jpg,cow_9,MmCows (UW-Madison Arlington),cam_4,1690324781,,,
train,MmCows,Standing,Standing,ID6+cam_3+1690312136_14-08-56.jpg,cow_6,MmCows (UW-Madison Arlington),cam_3,1690312136,,,
train,PlayBehavior,Gallop,gallop,pb_64fbf7cf.jpg,TOL-2642,Tol,ch01,,Tol2_2024-06-11_PM,0136675.jpg,frames/Tol2_2024-06-11_PM/Tol2_2024-06-11_PM_video046.tar
train,MmCows,Walking,Walking,ID6+cam_4+1690335716_20-41-56.jpg,cow_6,MmCows (UW-Madison Arlington),cam_4,1690335716,,,
train,MmCows,Standing,Standing,ID12+cam_2+1690315076_14-57-56.jpg,cow_12,MmCows (UW-Madison Arlington),cam_2,1690315076,,,
train,MmCows,Drinking,Drinking,ID3+cam_1+1690303706_11-48-26.jpg,cow_3,MmCows (UW-Madison Arlington),cam_1,1690303706,,,
train,PlayBehavior,Leap,leap,pb_f09dbf5e.jpg,EEM-9,Eem,ch04,,Eem_2024-06-19,0088184.jpg,frames/Eem_2024-06-19/Eem_2024-06-19_video030.tar
train,PlayBehavior,Gallop,gallop,pb_3304f375.jpg,TOL-2642,Tol,ch01,,Tol2_2024-06-11_PM,0137134.jpg,frames/Tol2_2024-06-11_PM/Tol2_2024-06-11_PM_video046.tar
train,MmCows,Drinking,Drinking,ID6+cam_2+1690293221_08-53-41.jpg,cow_6,MmCows (UW-Madison Arlington),cam_2,1690293221,,,
train,MmCows,Drinking,Drinking,ID2+cam_3+1690344551_23-09-11.jpg,cow_2,MmCows (UW-Madison Arlington),cam_3,1690344551,,,
train,MmCows,Lying,Lying,ID7+cam_2+1690333391_20-03-11.jpg,cow_7,MmCows (UW-Madison Arlington),cam_2,1690333391,,,
train,MmCows,Eating head down,Feeding head down,ID14+cam_3+1690347416_23-56-56.jpg,cow_14,MmCows (UW-Madison Arlington),cam_3,1690347416,,,
train,PlayBehavior,Gallop,gallop,pb_755f0b9b.jpg,TOL-2644,Tol,ch01,,Tol2_2024-06-11_PM,0136983.jpg,frames/Tol2_2024-06-11_PM/Tol2_2024-06-11_PM_video046.tar
train,MmCows,Lying,Lying,ID13+cam_2+1690290206_08-03-26.jpg,cow_13,MmCows (UW-Madison Arlington),cam_2,1690290206,,,
train,PlayBehavior,Gallop,gallop,pb_1869bfec.jpg,EEM-9,Eem,ch04,,Eem_2024-06-19,0089161.jpg,frames/Eem_2024-06-19/Eem_2024-06-19_video030.tar
train,PlayBehavior,Leap,leap,pb_7215c9d9.jpg,TOL-2642,Tol,ch01,,Tol2_2024-06-11_PM,0136474.jpg,frames/Tol2_2024-06-11_PM/Tol2_2024-06-11_PM_video046.tar
train,PlayBehavior,Gallop,gallop,pb_4baa3aa1.jpg,TOL-2644,Tol,ch01,,Tol2_2024-06-11_PM,0137132.jpg,frames/Tol2_2024-06-11_PM/Tol2_2024-06-11_PM_video046.tar
train,PlayBehavior,Gallop,gallop,pb_c3455c9e.jpg,EEM-9,Eem,ch04,,Eem_2024-06-19,0088409.jpg,frames/Eem_2024-06-19/Eem_2024-06-19_video030.tar
train,MmCows,Drinking,Drinking,ID3+cam_1+1690320011_16-20-11.jpg,cow_3,MmCows (UW-Madison Arlington),cam_1,1690320011,,,
train,MmCows,Walking,Walking,ID13+cam_1+1690328051_18-34-11.jpg,cow_13,MmCows (UW-Madison Arlington),cam_1,1690328051,,,
train,MmCows,Drinking,Drinking,ID16+cam_4+1690292561_08-42-41.jpg,cow_16,MmCows (UW-Madison Arlington),cam_4,1690292561,,,
train,PlayBehavior,Frontal pushing,frontal_pushing,pb_2986814c.jpg,TOL-2644,Tol,ch01,,Tol2_2024-06-11_PM,0136378.jpg,frames/Tol2_2024-06-11_PM/Tol2_2024-06-11_PM_video046.tar
train,PlayBehavior,Leap,leap,pb_762a82fb.jpg,TOL-2644,Tol,ch01,,Tol2_2024-06-11_PM,0137600.jpg,frames/Tol2_2024-06-11_PM/Tol2_2024-06-11_PM_video046.tar
train,MmCows,Eating head down,Feeding head down,ID5+cam_4+1690273076_03-17-56.jpg,cow_5,MmCows (UW-Madison Arlington),cam_4,1690273076,,,
train,MmCows,Lying,Lying,ID6+cam_2+1690340906_22-08-26.jpg,cow_6,MmCows (UW-Madison Arlington),cam_2,1690340906,,,
train,MmCows,Drinking,Drinking,ID8+cam_3+1690309106_13-18-26.jpg,cow_8,MmCows (UW-Madison Arlington),cam_3,1690309106,,,
train,PlayBehavior,Leap,leap,pb_0d7c92bd.jpg,TOL-2643,Tol,ch01,,Tol_2024-04-24,0046455.jpg,frames/Tol_2024-04-24/Tol_2024-04-24_video016.tar
train,MmCows,Walking,Walking,ID16+cam_1+1690330346_19-12-26.jpg,cow_16,MmCows (UW-Madison Arlington),cam_1,1690330346,,,
train,MmCows,Eating head down,Feeding head down,ID14+cam_4+1690295396_09-29-56.jpg,cow_14,MmCows (UW-Madison Arlington),cam_4,1690295396,,,
train,MmCows,Eating head down,Feeding head down,ID5+cam_4+1690314701_14-51-41.jpg,cow_5,MmCows (UW-Madison Arlington),cam_4,1690314701,,,
train,MmCows,Standing,Standing,ID9+cam_4+1690340216_21-56-56.jpg,cow_9,MmCows (UW-Madison Arlington),cam_4,1690340216,,,
train,MmCows,Eating head up,Feeding head up,ID10+cam_4+1690275536_03-58-56.jpg,cow_10,MmCows (UW-Madison Arlington),cam_4,1690275536,,,
train,PlayBehavior,Leap,leap,pb_c14409a0.jpg,TOL-2644,Tol,ch01,,Tol_2024-04-24,0046440.jpg,frames/Tol_2024-04-24/Tol_2024-04-24_video016.tar
train,MmCows,Eating head down,Feeding head down,ID5+cam_3+1690329806_19-03-26.jpg,cow_5,MmCows (UW-Madison Arlington),cam_3,1690329806,,,
train,PlayBehavior,Frontal pushing,frontal_pushing,pb_f59addf9.jpg,TOL-2644,Tol,ch01,,Tol2_2024-06-11_PM,0136344.jpg,frames/Tol2_2024-06-11_PM/Tol2_2024-06-11_PM_video046.tar
train,PlayBehavior,Gallop,gallop,pb_18f8a2cb.jpg,EEM-9,Eem,ch04,,Eem_2024-06-19,0088874.jpg,frames/Eem_2024-06-19/Eem_2024-06-19_video030.tar
train,MmCows,Lying,Lying,ID8+cam_4+1690307456_12-50-56.jpg,cow_8,MmCows (UW-Madison Arlington),cam_4,1690307456,,,
train,PlayBehavior,Leap,leap,pb_326fa194.jpg,TOL-2644,Tol,ch01,,Tol2_2024-06-11_PM,0137229.jpg,frames/Tol2_2024-06-11_PM/Tol2_2024-06-11_PM_video046.tar
train,MmCows,Walking,Walking,ID6+cam_1+1690336376_20-52-56.jpg,cow_6,MmCows (UW-Madison Arlington),cam_1,1690336376,,,
train,MmCows,Standing,Standing,ID5+cam_4+1690297076_09-57-56.jpg,cow_5,MmCows (UW-Madison Arlington),cam_4,1690297076,,,
train,PlayBehavior,Frontal pushing,frontal_pushing,pb_f00c4689.jpg,TOL-2642,Tol,ch01,,Tol2_2024-06-11_PM,0141585.jpg,frames/Tol2_2024-06-11_PM/Tol2_2024-06-11_PM_video048.tar
train,MmCows,Walking,Walking,ID1+cam_4+1690272596_03-09-56.jpg,cow_1,MmCows (UW-Madison Arlington),cam_4,1690272596,,,
train,PlayBehavior,Gallop,gallop,pb_49d6efd8.jpg,unreleased_farm_1_calf_1,unreleased_farm_1,ch01,,,,
train,MmCows,Walking,Walking,ID16+cam_3+1690321121_16-38-41.jpg,cow_16,MmCows (UW-Madison Arlington),cam_3,1690321121,,,
train,MmCows,Eating head down,Feeding head down,ID4+cam_4+1690304396_11-59-56.jpg,cow_4,MmCows (UW-Madison Arlington),cam_4,1690304396,,,
train,MmCows,Eating head up,Feeding head up,ID13+cam_4+1690332716_19-51-56.jpg,cow_13,MmCows (UW-Madison Arlington),cam_4,1690332716,,,
train,PlayBehavior,Frontal pushing,frontal_pushing,pb_05a65460.jpg,TOL-2644,Tol,ch01,,Tol2_2024-06-11_PM,0138096.jpg,frames/Tol2_2024-06-11_PM/Tol2_2024-06-11_PM_video047.tar
train,PlayBehavior,Frontal pushing,frontal_pushing,pb_9f026825.jpg,EEM-9,Eem,ch04,,Eem_2024-06-19,0089129.jpg,frames/Eem_2024-06-19/Eem_2024-06-19_video030.tar
train,MmCows,Eating head down,Feeding head down,ID14+cam_3+1690328786_18-46-26.jpg,cow_14,MmCows (UW-Madison Arlington),cam_3,1690328786,,,
train,MmCows,Drinking,Drinking,ID6+cam_3+1690293206_08-53-26.jpg,cow_6,MmCows (UW-Madison Arlington),cam_3,1690293206,,,
train,MmCows,Standing,Standing,ID14+cam_4+1690283456_06-10-56.jpg,cow_14,MmCows (UW-Madison Arlington),cam_4,1690283456,,,
train,MmCows,Lying,Lying,ID4+cam_1+1690329776_19-02-56.jpg,cow_4,MmCows (UW-Madison Arlington),cam_1,1690329776,,,
train,MmCows,Walking,Walking,ID16+cam_4+1690317011_15-30-11.jpg,cow_16,MmCows (UW-Madison Arlington),cam_4,1690317011,,,
train,PlayBehavior,Leap,leap,pb_704773a0.jpg,TOL-2642,Tol,ch01,,Tol_2024-04-24,0046791.jpg,frames/Tol_2024-04-24/Tol_2024-04-24_video016.tar
train,PlayBehavior,Frontal pushing,frontal_pushing,pb_97be98be.jpg,TOL-2642,Tol,ch01,,Tol2_2024-06-11_PM,0142029.jpg,frames/Tol2_2024-06-11_PM/Tol2_2024-06-11_PM_video048.tar
train,MmCows,Walking,Walking,ID4+cam_4+1690336886_21-01-26.jpg,cow_4,MmCows (UW-Madison Arlington),cam_4,1690336886,,,
train,MmCows,Lying,Lying,ID10+cam_1+1690327961_18-32-41.jpg,cow_10,MmCows (UW-Madison Arlington),cam_1,1690327961,,,
train,MmCows,Eating head down,Feeding head down,ID9+cam_4+1690306286_12-31-26.jpg,cow_9,MmCows (UW-Madison Arlington),cam_4,1690306286,,,
train,MmCows,Walking,Walking,ID14+cam_2+1690327541_18-25-41.jpg,cow_14,MmCows (UW-Madison Arlington),cam_2,1690327541,,,
train,MmCows,Drinking,Drinking,ID5+cam_4+1690301381_11-09-41.jpg,cow_5,MmCows (UW-Madison Arlington),cam_4,1690301381,,,
train,MmCows,Lying,Lying,ID8+cam_3+1690333001_19-56-41.jpg,cow_8,MmCows (UW-Madison Arlington),cam_3,1690333001,,,
train,MmCows,Eating head down,Feeding head down,ID3+cam_3+1690321256_16-40-56.jpg,cow_3,MmCows (UW-Madison Arlington),cam_3,1690321256,,,
train,MmCows,Walking,Walking,ID1+cam_4+1690317026_15-30-26.jpg,cow_1,MmCows (UW-Madison Arlington),cam_4,1690317026,,,
train,PlayBehavior,Leap,leap,pb_bd3a5be2.jpg,TOL-2642,Tol,ch01,,Tol2_2024-06-11_PM,0136971.jpg,frames/Tol2_2024-06-11_PM/Tol2_2024-06-11_PM_video046.tar
train,PlayBehavior,Leap,leap,pb_7929cdd4.jpg,EEM-9,Eem,ch04,,Eem_2024-06-19,0088653.jpg,frames/Eem_2024-06-19/Eem_2024-06-19_video030.tar
train,PlayBehavior,Frontal pushing,frontal_pushing,pb_41144d1a.jpg,TOL-2644,Tol,ch01,,Tol2_2024-06-11_PM,0134951.jpg,frames/Tol2_2024-06-11_PM/Tol2_2024-06-11_PM_video045.tar
train,PlayBehavior,Leap,leap,pb_a47ec194.jpg,TOL-2644,Tol,ch01,,Tol2_2024-06-11_PM,0137586.jpg,frames/Tol2_2024-06-11_PM/Tol2_2024-06-11_PM_video046.tar
train,MmCows,Eating head up,Feeding head up,ID3+cam_3+1690324406_17-33-26.jpg,cow_3,MmCows (UW-Madison Arlington),cam_3,1690324406,,,
train,PlayBehavior,Gallop,gallop,pb_b69d9c94.jpg,TOL-2644,Tol,ch01,,Tol2_2024-06-11_PM,0136676.jpg,frames/Tol2_2024-06-11_PM/Tol2_2024-06-11_PM_video046.tar
train,MmCows,Eating head down,Feeding head down,ID16+cam_4+1690315271_15-01-11.jpg,cow_16,MmCows (UW-Madison Arlington),cam_4,1690315271,,,
train,MmCows,Drinking,Drinking,ID5+cam_4+1690336256_20-50-56.jpg,cow_5,MmCows (UW-Madison Arlington),cam_4,1690336256,,,
train,PlayBehavior,Gallop,gallop,pb_ffe0102b.jpg,EEM-9,Eem,ch04,,Eem_2024-06-19,0088943.jpg,frames/Eem_2024-06-19/Eem_2024-06-19_video030.tar
train,PlayBehavior,Frontal pushing,frontal_pushing,pb_17920a23.jpg,TOL-2642,Tol,ch01,,Tol2_2024-06-11_PM,0135397.jpg,frames/Tol2_2024-06-11_PM/Tol2_2024-06-11_PM_video046.tar
train,MmCows,Lying,Lying,ID8+cam_4+1690305386_12-16-26.jpg,cow_8,MmCows (UW-Madison Arlington),cam_4,1690305386,,,
train,MmCows,Standing,Standing,ID4+cam_3+1690321856_16-50-56.jpg,cow_4,MmCows (UW-Madison Arlington),cam_3,1690321856,,,
train,MmCows,Standing,Standing,ID13+cam_4+1690346891_23-48-11.jpg,cow_13,MmCows (UW-Madison Arlington),cam_4,1690346891,,,
train,MmCows,Drinking,Drinking,ID4+cam_2+1690288286_07-31-26.jpg,cow_4,MmCows (UW-Madison Arlington),cam_2,1690288286,,,
train,PlayBehavior,Gallop,gallop,pb_eee6afba.jpg,TOL-2644,Tol,ch01,,Tol2_2024-06-11_PM,0137155.jpg,frames/Tol2_2024-06-11_PM/Tol2_2024-06-11_PM_video046.tar
train,MmCows,Walking,Walking,ID5+cam_3+1690282961_06-02-41.jpg,cow_5,MmCows (UW-Madison Arlington),cam_3,1690282961,,,
train,MmCows,Standing,Standing,ID12+cam_1+1690313306_14-28-26.jpg,cow_12,MmCows (UW-Madison Arlington),cam_1,1690313306,,,
train,MmCows,Drinking,Drinking,ID6+cam_2+1690309526_13-25-26.jpg,cow_6,MmCows (UW-Madison Arlington),cam_2,1690309526,,,
train,MmCows,Eating head down,Feeding head down,ID9+cam_3+1690336136_20-48-56.jpg,cow_9,MmCows (UW-Madison Arlington),cam_3,1690336136,,,
train,PlayBehavior,Frontal pushing,frontal_pushing,pb_2a0600ae.jpg,TOL-2644,Tol,ch01,,Tol2_2024-06-11_PM,0134877.jpg,frames/Tol2_2024-06-11_PM/Tol2_2024-06-11_PM_video045.tar
train,PlayBehavior,Leap,leap,pb_07750520.jpg,TOL-2644,Tol,ch01,,Tol2_2024-06-11_PM,0135229.jpg,frames/Tol2_2024-06-11_PM/Tol2_2024-06-11_PM_video046.tar
train,PlayBehavior,Frontal pushing,frontal_pushing,pb_952783cd.jpg,TOL-2642,Tol,ch01,,Tol2_2024-06-11_PM,0138134.jpg,frames/Tol2_2024-06-11_PM/Tol2_2024-06-11_PM_video047.tar
train,MmCows,Standing,Standing,ID3+cam_1+1690317041_15-30-41.jpg,cow_3,MmCows (UW-Madison Arlington),cam_1,1690317041,,,
train,PlayBehavior,Frontal pushing,frontal_pushing,pb_9c09c3ad.jpg,TOL-2644,Tol,ch01,,Tol2_2024-06-11_PM,0150771.jpg,frames/Tol2_2024-06-11_PM/Tol2_2024-06-11_PM_video051.tar
train,PlayBehavior,Leap,leap,pb_3770e936.jpg,EEM-9,Eem,ch04,,Eem_2024-06-19,0088860.jpg,frames/Eem_2024-06-19/Eem_2024-06-19_video030.tar
train,PlayBehavior,Leap,leap,pb_7c72cdff.jpg,TOL-2642,Tol,ch01,,Tol_2024-04-24,0046612.jpg,frames/Tol_2024-04-24/Tol_2024-04-24_video016.tar
train,PlayBehavior,Leap,leap,pb_6ab202ec.jpg,TOL-2644,Tol,,,Tol2_2024-06-11_AM,0074055.jpg,frames/Tol2_2024-06-11_AM/Tol2_2024-06-11_AM_video025.tar
train,MmCows,Walking,Walking,ID14+cam_1+1690328921_18-48-41.jpg,cow_14,MmCows (UW-Madison Arlington),cam_1,1690328921,,,
train,MmCows,Lying,Lying,ID15+cam_2+1690343651_22-54-11.jpg,cow_15,MmCows (UW-Madison Arlington),cam_2,1690343651,,,
train,MmCows,Drinking,Drinking,ID6+cam_2+1690293236_08-53-56.jpg,cow_6,MmCows (UW-Madison Arlington),cam_2,1690293236,,,
train,PlayBehavior,Frontal pushing,frontal_pushing,pb_626a81ae.jpg,EEM-9,Eem,ch04,,Eem_2024-06-19,0092548.jpg,frames/Eem_2024-06-19/Eem_2024-06-19_video031.tar
train,PlayBehavior,Frontal pushing,frontal_pushing,pb_78794367.jpg,TOL-2642,Tol,ch01,,Tol2_2024-06-11_PM,0136208.jpg,frames/Tol2_2024-06-11_PM/Tol2_2024-06-11_PM_video046.tar
train,MmCows,Eating head up,Feeding head up,ID5+cam_3+1690315061_14-57-41.jpg,cow_5,MmCows (UW-Madison Arlington),cam_3,1690315061,,,
train,MmCows,Walking,Walking,ID13+cam_4+1690279991_05-13-11.jpg,cow_13,MmCows (UW-Madison Arlington),cam_4,1690279991,,,
train,MmCows,Walking,Walking,ID4+cam_4+1690317056_15-30-56.jpg,cow_4,MmCows (UW-Madison Arlington),cam_4,1690317056,,,
train,PlayBehavior,Gallop,gallop,pb_06436777.jpg,TOL-2644,Tol,ch01,,Tol2_2024-06-11_PM,0136999.jpg,frames/Tol2_2024-06-11_PM/Tol2_2024-06-11_PM_video046.tar
train,MmCows,Walking,Walking,ID5+cam_4+1690276361_04-12-41.jpg,cow_5,MmCows (UW-Madison Arlington),cam_4,1690276361,,,
train,MmCows,Drinking,Drinking,ID8+cam_2+1690280081_05-14-41.jpg,cow_8,MmCows (UW-Madison Arlington),cam_2,1690280081,,,
train,MmCows,Eating head down,Feeding head down,ID5+cam_4+1690337801_21-16-41.jpg,cow_5,MmCows (UW-Madison Arlington),cam_4,1690337801,,,
train,PlayBehavior,Frontal pushing,frontal_pushing,pb_15efc5d4.jpg,TOL-2644,Tol,ch01,,Tol2_2024-06-11_PM,0134895.jpg,frames/Tol2_2024-06-11_PM/Tol2_2024-06-11_PM_video045.tar
train,MmCows,Standing,Standing,ID6+cam_4+1690283486_06-11-26.jpg,cow_6,MmCows (UW-Madison Arlington),cam_4,1690283486,,,
train,MmCows,Eating head down,Feeding head down,ID8+cam_4+1690310516_13-41-56.jpg,cow_8,MmCows (UW-Madison Arlington),cam_4,1690310516,,,
train,MmCows,Eating head down,Feeding head down,ID1+cam_3+1690334951_20-29-11.jpg,cow_1,MmCows (UW-Madison Arlington),cam_3,1690334951,,,
train,PlayBehavior,Leap,leap,pb_2c943773.jpg,TOL-2642,Tol,ch01,,Tol_2024-04-24,0048531.jpg,frames/Tol_2024-04-24/Tol_2024-04-24_video017.tar
train,PlayBehavior,Gallop,gallop,pb_8ed86523.jpg,TOL-2644,Tol,ch01,,Tol2_2024-06-11_PM,0136683.jpg,frames/Tol2_2024-06-11_PM/Tol2_2024-06-11_PM_video046.tar
train,PlayBehavior,Leap,leap,pb_c3333d03.jpg,TOL-2644,Tol,ch01,,Tol2_2024-06-11_PM,0137611.jpg,frames/Tol2_2024-06-11_PM/Tol2_2024-06-11_PM_video046.tar
train,MmCows,Eating head up,Feeding head up,ID1+cam_3+1690295951_09-39-11.jpg,cow_1,MmCows (UW-Madison Arlington),cam_3,1690295951,,,
train,PlayBehavior,Gallop,gallop,pb_d587ff91.jpg,TOL-2644,Tol,ch01,,Tol_2024-04-24,0061670.jpg,frames/Tol_2024-04-24/Tol_2024-04-24_video021.tar
train,PlayBehavior,Frontal pushing,frontal_pushing,pb_18331d2d.jpg,TOL-2642,Tol,ch01,,Tol2_2024-06-11_PM,0136637.jpg,frames/Tol2_2024-06-11_PM/Tol2_2024-06-11_PM_video046.tar
train,MmCows,Lying,Lying,ID15+cam_4+1690287686_07-21-26.jpg,cow_15,MmCows (UW-Madison Arlington),cam_4,1690287686,,,
train,PlayBehavior,Gallop,gallop,pb_9afdc2e3.jpg,TOL-2644,Tol,ch01,,Tol2_2024-06-11_PM,0137403.jpg,frames/Tol2_2024-06-11_PM/Tol2_2024-06-11_PM_video046.tar
train,MmCows,Eating head up,Feeding head up,ID11+cam_3+1690331231_19-27-11.jpg,cow_11,MmCows (UW-Madison Arlington),cam_3,1690331231,,,
train,PlayBehavior,Leap,leap,pb_31737636.jpg,TOL-2642,Tol,ch01,,Tol2_2024-06-11_PM,0137596.jpg,frames/Tol2_2024-06-11_PM/Tol2_2024-06-11_PM_video046.tar
train,MmCows,Eating head up,Feeding head up,ID13+cam_3+1690319951_16-19-11.jpg,cow_13,MmCows (UW-Madison Arlington),cam_3,1690319951,,,
train,PlayBehavior,Gallop,gallop,pb_72c459d7.jpg,EEM-9,Eem,ch04,,Eem_2024-06-19,0093780.jpg,frames/Eem_2024-06-19/Eem_2024-06-19_video032.tar
train,MmCows,Lying,Lying,ID2+cam_2+1690340741_22-05-41.jpg,cow_2,MmCows (UW-Madison Arlington),cam_2,1690340741,,,
train,MmCows,Walking,Walking,ID6+cam_1+1690305851_12-24-11.jpg,cow_6,MmCows (UW-Madison Arlington),cam_1,1690305851,,,
train,MmCows,Eating head down,Feeding head down,ID9+cam_3+1690310606_13-43-26.jpg,cow_9,MmCows (UW-Madison Arlington),cam_3,1690310606,,,
train,MmCows,Drinking,Drinking,ID11+cam_4+1690282991_06-03-11.jpg,cow_11,MmCows (UW-Madison Arlington),cam_4,1690282991,,,
train,MmCows,Drinking,Drinking,ID3+cam_4+1690326326_18-05-26.jpg,cow_3,MmCows (UW-Madison Arlington),cam_4,1690326326,,,
train,MmCows,Lying,Lying,ID11+cam_2+1690325666_17-54-26.jpg,cow_11,MmCows (UW-Madison Arlington),cam_2,1690325666,,,
train,PlayBehavior,Gallop,gallop,pb_9af068ba.jpg,TOL-2644,Tol,ch01,,Tol2_2024-06-11_PM,0134983.jpg,frames/Tol2_2024-06-11_PM/Tol2_2024-06-11_PM_video045.tar
train,MmCows,Eating head up,Feeding head up,ID8+cam_1+1690323506_17-18-26.jpg,cow_8,MmCows (UW-Madison Arlington),cam_1,1690323506,,,
train,MmCows,Walking,Walking,ID1+cam_3+1690323116_17-11-56.jpg,cow_1,MmCows (UW-Madison Arlington),cam_3,1690323116,,,
train,PlayBehavior,Leap,leap,pb_d0d69c7b.jpg,TOL-2644,Tol,ch01,,Tol2_2024-06-11_PM,0137296.jpg,frames/Tol2_2024-06-11_PM/Tol2_2024-06-11_PM_video046.tar
train,PlayBehavior,Leap,leap,pb_9d1e008a.jpg,TOL-2644,Tol,ch01,,Tol_2024-04-24,0046808.jpg,frames/Tol_2024-04-24/Tol_2024-04-24_video016.tar
train,MmCows,Standing,Standing,ID16+cam_4+1690288826_07-40-26.jpg,cow_16,MmCows (UW-Madison Arlington),cam_4,1690288826,,,
train,PlayBehavior,Gallop,gallop,pb_1be45181.jpg,EEM-9,Eem,ch04,,Eem_2024-06-19,0088944.jpg,frames/Eem_2024-06-19/Eem_2024-06-19_video030.tar
train,MmCows,Eating head down,Feeding head down,ID15+cam_3+1690275491_03-58-11.jpg,cow_15,MmCows (UW-Madison Arlington),cam_3,1690275491,,,
train,PlayBehavior,Gallop,gallop,pb_b0855473.jpg,TOL-2642,Tol,ch01,,Tol2_2024-06-11_PM,0136674.jpg,frames/Tol2_2024-06-11_PM/Tol2_2024-06-11_PM_video046.tar
train,PlayBehavior,Leap,leap,pb_6a2fea08.jpg,TOL-2644,Tol,ch01,,Tol2_2024-06-11_PM,0136972.jpg,frames/Tol2_2024-06-11_PM/Tol2_2024-06-11_PM_video046.tar
train,MmCows,Eating head down,Feeding head down,ID1+cam_3+1690274006_03-33-26.jpg,cow_1,MmCows (UW-Madison Arlington),cam_3,1690274006,,,
train,MmCows,Eating head up,Feeding head up,ID2+cam_3+1690292096_08-34-56.jpg,cow_2,MmCows (UW-Madison Arlington),cam_3,1690292096,,,
train,PlayBehavior,Gallop,gallop,pb_2307240d.jpg,TOL-2644,Tol,ch01,,Tol2_2024-06-11_PM,0136657.jpg,frames/Tol2_2024-06-11_PM/Tol2_2024-06-11_PM_video046.tar
train,PlayBehavior,Frontal pushing,frontal_pushing,pb_a257e9e1.jpg,TOL-2642,Tol,ch01,,Tol2_2024-06-11_PM,0134781.jpg,frames/Tol2_2024-06-11_PM/Tol2_2024-06-11_PM_video045.tar
train,MmCows,Lying,Lying,ID4+cam_2+1690302371_11-26-11.jpg,cow_4,MmCows (UW-Madison Arlington),cam_2,1690302371,,,
train,MmCows,Lying,Lying,ID10+cam_3+1690319666_16-14-26.jpg,cow_10,MmCows (UW-Madison Arlington),cam_3,1690319666,,,
train,MmCows,Eating head down,Feeding head down,ID2+cam_3+1690329116_18-51-56.jpg,cow_2,MmCows (UW-Madison Arlington),cam_3,1690329116,,,
train,MmCows,Standing,Standing,ID11+cam_3+1690342121_22-28-41.jpg,cow_11,MmCows (UW-Madison Arlington),cam_3,1690342121,,,
train,MmCows,Walking,Walking,ID4+cam_2+1690290311_08-05-11.jpg,cow_4,MmCows (UW-Madison Arlington),cam_2,1690290311,,,
train,PlayBehavior,Frontal pushing,frontal_pushing,pb_5094b367.jpg,TOL-2642,Tol,ch01,,Tol2_2024-06-11_PM,0136776.jpg,frames/Tol2_2024-06-11_PM/Tol2_2024-06-11_PM_video046.tar
train,MmCows,Lying,Lying,ID10+cam_1+1690298261_10-17-41.jpg,cow_10,MmCows (UW-Madison Arlington),cam_1,1690298261,,,
train,MmCows,Standing,Standing,ID13+cam_1+1690343936_22-58-56.jpg,cow_13,MmCows (UW-Madison Arlington),cam_1,1690343936,,,
train,MmCows,Eating head up,Feeding head up,ID1+cam_4+1690296386_09-46-26.jpg,cow_1,MmCows (UW-Madison Arlington),cam_4,1690296386,,,
train,PlayBehavior,Frontal pushing,frontal_pushing,pb_e3920be1.jpg,TOL-2644,Tol,ch01,,Tol2_2024-06-11_PM,0141614.jpg,frames/Tol2_2024-06-11_PM/Tol2_2024-06-11_PM_video048.tar
train,MmCows,Walking,Walking,ID3+cam_4+1690319321_16-08-41.jpg,cow_3,MmCows (UW-Madison Arlington),cam_4,1690319321,,,
train,PlayBehavior,Gallop,gallop,pb_2a63d423.jpg,EEM-9,Eem,ch04,,Eem_2024-06-19,0094195.jpg,frames/Eem_2024-06-19/Eem_2024-06-19_video032.tar
train,MmCows,Drinking,Drinking,ID4+cam_4+1690328141_18-35-41.jpg,cow_4,MmCows (UW-Madison Arlington),cam_4,1690328141,,,
train,PlayBehavior,Frontal pushing,frontal_pushing,pb_2ad2f828.jpg,TOL-2644,Tol,ch01,,Tol2_2024-06-11_PM,0135341.jpg,frames/Tol2_2024-06-11_PM/Tol2_2024-06-11_PM_video046.tar
train,PlayBehavior,Leap,leap,pb_6966ed04.jpg,TOL-2642,Tol,ch01,,Tol_2024-04-24,0047404.jpg,frames/Tol_2024-04-24/Tol_2024-04-24_video016.tar
train,MmCows,Walking,Walking,ID10+cam_4+1690300091_10-48-11.jpg,cow_10,MmCows (UW-Madison Arlington),cam_4,1690300091,,,
train,PlayBehavior,Leap,leap,pb_0f471b7d.jpg,TOL-2642,Tol,ch01,,Tol2_2024-06-11_PM,0137320.jpg,frames/Tol2_2024-06-11_PM/Tol2_2024-06-11_PM_video046.tar
train,PlayBehavior,Leap,leap,pb_4f28cd83.jpg,EEM-9,Eem,ch04,,Eem_2024-06-19,0088182.jpg,frames/Eem_2024-06-19/Eem_2024-06-19_video030.tar
train,PlayBehavior,Gallop,gallop,pb_42337ad3.jpg,TOL-2644,Tol,ch01,,Tol2_2024-06-11_PM,0136674.jpg,frames/Tol2_2024-06-11_PM/Tol2_2024-06-11_PM_video046.tar
train,MmCows,Lying,Lying,ID8+cam_3+1690307981_12-59-41.jpg,cow_8,MmCows (UW-Madison Arlington),cam_3,1690307981,,,
train,MmCows,Eating head down,Feeding head down,ID2+cam_4+1690329131_18-52-11.jpg,cow_2,MmCows (UW-Madison Arlington),cam_4,1690329131,,,
train,MmCows,Eating head up,Feeding head up,ID4+cam_4+1690328696_18-44-56.jpg,cow_4,MmCows (UW-Madison Arlington),cam_4,1690328696,,,
train,MmCows,Walking,Walking,ID16+cam_4+1690317041_15-30-41.jpg,cow_16,MmCows (UW-Madison Arlington),cam_4,1690317041,,,
train,MmCows,Drinking,Drinking,ID5+cam_4+1690321076_16-37-56.jpg,cow_5,MmCows (UW-Madison Arlington),cam_4,1690321076,,,
train,MmCows,Standing,Standing,ID1+cam_1+1690323326_17-15-26.jpg,cow_1,MmCows (UW-Madison Arlington),cam_1,1690323326,,,
train,PlayBehavior,Leap,leap,pb_376241a7.jpg,TOL-2644,Tol,ch01,,Tol2_2024-06-11_PM,0137748.jpg,frames/Tol2_2024-06-11_PM/Tol2_2024-06-11_PM_video046.tar
train,MmCows,Drinking,Drinking,ID1+cam_4+1690296536_09-48-56.jpg,cow_1,MmCows (UW-Madison Arlington),cam_4,1690296536,,,
train,MmCows,Walking,Walking,ID14+cam_2+1690328021_18-33-41.jpg,cow_14,MmCows (UW-Madison Arlington),cam_2,1690328021,,,
train,MmCows,Lying,Lying,ID11+cam_4+1690330256_19-10-56.jpg,cow_11,MmCows (UW-Madison Arlington),cam_4,1690330256,,,
train,PlayBehavior,Leap,leap,pb_724b2c3c.jpg,TOL-2642,Tol,ch01,,Tol_2024-04-24,0047296.jpg,frames/Tol_2024-04-24/Tol_2024-04-24_video016.tar
train,PlayBehavior,Frontal pushing,frontal_pushing,pb_55525d13.jpg,TOL-2644,Tol,ch01,,Tol2_2024-06-11_PM,0136110.jpg,frames/Tol2_2024-06-11_PM/Tol2_2024-06-11_PM_video046.tar
train,MmCows,Eating head down,Feeding head down,ID6+cam_4+1690311131_13-52-11.jpg,cow_6,MmCows (UW-Madison Arlington),cam_4,1690311131,,,
train,MmCows,Standing,Standing,ID4+cam_1+1690306856_12-40-56.jpg,cow_4,MmCows (UW-Madison Arlington),cam_1,1690306856,,,
train,PlayBehavior,Leap,leap,pb_15744482.jpg,TOL-2642,Tol,ch01,,Tol2_2024-06-11_PM,0137311.jpg,frames/Tol2_2024-06-11_PM/Tol2_2024-06-11_PM_video046.tar
train,MmCows,Lying,Lying,ID2+cam_2+1690341236_22-13-56.jpg,cow_2,MmCows (UW-Madison Arlington),cam_2,1690341236,,,
train,PlayBehavior,Gallop,gallop,pb_3c0b6fa9.jpg,TOL-2642,Tol,ch01,,Tol2_2024-06-11_PM,0136462.jpg,frames/Tol2_2024-06-11_PM/Tol2_2024-06-11_PM_video046.tar
train,PlayBehavior,Frontal pushing,frontal_pushing,pb_8cab217a.jpg,TOL-2644,Tol,ch01,,Tol2_2024-06-11_PM,0135357.jpg,frames/Tol2_2024-06-11_PM/Tol2_2024-06-11_PM_video046.tar
train,MmCows,Eating head up,Feeding head up,ID8+cam_4+1690323101_17-11-41.jpg,cow_8,MmCows (UW-Madison Arlington),cam_4,1690323101,,,
train,MmCows,Lying,Lying,ID12+cam_2+1690302821_11-33-41.jpg,cow_12,MmCows (UW-Madison Arlington),cam_2,1690302821,,,
train,MmCows,Walking,Walking,ID1+cam_3+1690338356_21-25-56.jpg,cow_1,MmCows (UW-Madison Arlington),cam_3,1690338356,,,
train,MmCows,Drinking,Drinking,ID12+cam_1+1690272791_03-13-11.jpg,cow_12,MmCows (UW-Madison Arlington),cam_1,1690272791,,,
train,MmCows,Eating head down,Feeding head down,ID8+cam_3+1690289351_07-49-11.jpg,cow_8,MmCows (UW-Madison Arlington),cam_3,1690289351,,,
train,MmCows,Walking,Walking,ID16+cam_4+1690274396_03-39-56.jpg,cow_16,MmCows (UW-Madison Arlington),cam_4,1690274396,,,
train,PlayBehavior,Leap,leap,pb_59cdaf6b.jpg,TOL-2642,Tol,ch01,,Tol2_2024-06-11_PM,0135430.jpg,frames/Tol2_2024-06-11_PM/Tol2_2024-06-11_PM_video046.tar
train,MmCows,Eating head down,Feeding head down,ID3+cam_4+1690319756_16-15-56.jpg,cow_3,MmCows (UW-Madison Arlington),cam_4,1690319756,,,
train,PlayBehavior,Leap,leap,pb_bbeef168.jpg,TOL-2644,Tol,ch01,,Tol2_2024-06-11_PM,0137292.jpg,frames/Tol2_2024-06-11_PM/Tol2_2024-06-11_PM_video046.tar
train,MmCows,Eating head down,Feeding head down,ID13+cam_4+1690310741_13-45-41.jpg,cow_13,MmCows (UW-Madison Arlington),cam_4,1690310741,,,
train,PlayBehavior,Leap,leap,pb_82cfa5c3.jpg,TOL-2643,Tol,ch01,,Tol_2024-04-24,0046387.jpg,frames/Tol_2024-04-24/Tol_2024-04-24_video016.tar
train,MmCows,Lying,Lying,ID1+cam_3+1690283756_06-15-56.jpg,cow_1,MmCows (UW-Madison Arlington),cam_3,1690283756,,,
train,MmCows,Lying,Lying,ID9+cam_4+1690302056_11-20-56.jpg,cow_9,MmCows (UW-Madison Arlington),cam_4,1690302056,,,
train,MmCows,Eating head down,Feeding head down,ID7+cam_3+1690298726_10-25-26.jpg,cow_7,MmCows (UW-Madison Arlington),cam_3,1690298726,,,
train,MmCows,Eating head up,Feeding head up,ID10+cam_4+1690289561_07-52-41.jpg,cow_10,MmCows (UW-Madison Arlington),cam_4,1690289561,,,
train,MmCows,Standing,Standing,ID10+cam_1+1690333781_20-09-41.jpg,cow_10,MmCows (UW-Madison Arlington),cam_1,1690333781,,,
train,MmCows,Walking,Walking,ID4+cam_1+1690317011_15-30-11.jpg,cow_4,MmCows (UW-Madison Arlington),cam_1,1690317011,,,
train,PlayBehavior,Frontal pushing,frontal_pushing,pb_172cc372.jpg,TOL-2644,Tol,ch01,,Tol2_2024-06-11_PM,0141579.jpg,frames/Tol2_2024-06-11_PM/Tol2_2024-06-11_PM_video048.tar
train,PlayBehavior,Gallop,gallop,pb_2e3d7b2b.jpg,EEM-9,Eem,ch04,,Eem_2024-06-19,0088935.jpg,frames/Eem_2024-06-19/Eem_2024-06-19_video030.tar
train,MmCows,Drinking,Drinking,ID8+cam_3+1690343186_22-46-26.jpg,cow_8,MmCows (UW-Madison Arlington),cam_3,1690343186,,,
train,PlayBehavior,Leap,leap,pb_47b78cdd.jpg,TOL-2644,Tol,ch01,,Tol2_2024-06-11_PM,0135685.jpg,frames/Tol2_2024-06-11_PM/Tol2_2024-06-11_PM_video046.tar
train,PlayBehavior,Gallop,gallop,pb_361d262c.jpg,unreleased_farm_1_calf_1,unreleased_farm_1,ch01,,,,
train,MmCows,Eating head up,Feeding head up,ID4+cam_3+1690305086_12-11-26.jpg,cow_4,MmCows (UW-Madison Arlington),cam_3,1690305086,,,
train,MmCows,Lying,Lying,ID3+cam_3+1690286036_06-53-56.jpg,cow_3,MmCows (UW-Madison Arlington),cam_3,1690286036,,,
train,PlayBehavior,Frontal pushing,frontal_pushing,pb_3bfc7e18.jpg,TOL-2644,Tol,ch01,,Tol2_2024-06-11_PM,0135925.jpg,frames/Tol2_2024-06-11_PM/Tol2_2024-06-11_PM_video046.tar
train,MmCows,Walking,Walking,ID9+cam_4+1690335371_20-36-11.jpg,cow_9,MmCows (UW-Madison Arlington),cam_4,1690335371,,,
train,PlayBehavior,Gallop,gallop,pb_3a6412ab.jpg,TOL-2644,Tol,ch01,,Tol2_2024-06-11_PM,0136984.jpg,frames/Tol2_2024-06-11_PM/Tol2_2024-06-11_PM_video046.tar
train,PlayBehavior,Gallop,gallop,pb_037c5431.jpg,EEM-9,Eem,ch04,,Eem_2024-06-19,0092899.jpg,frames/Eem_2024-06-19/Eem_2024-06-19_video031.tar
train,MmCows,Lying,Lying,ID10+cam_1+1690291061_08-17-41.jpg,cow_10,MmCows (UW-Madison Arlington),cam_1,1690291061,,,
train,MmCows,Lying,Lying,ID11+cam_2+1690308191_13-03-11.jpg,cow_11,MmCows (UW-Madison Arlington),cam_2,1690308191,,,
train,MmCows,Drinking,Drinking,ID3+cam_1+1690303556_11-45-56.jpg,cow_3,MmCows (UW-Madison Arlington),cam_1,1690303556,,,
train,MmCows,Eating head down,Feeding head down,ID10+cam_4+1690274801_03-46-41.jpg,cow_10,MmCows (UW-Madison Arlington),cam_4,1690274801,,,
train,PlayBehavior,Frontal pushing,frontal_pushing,pb_4b9563b8.jpg,TOL-2642,Tol,ch01,,Tol2_2024-06-11_PM,0136930.jpg,frames/Tol2_2024-06-11_PM/Tol2_2024-06-11_PM_video046.tar
train,MmCows,Eating head down,Feeding head down,ID8+cam_4+1690310681_13-44-41.jpg,cow_8,MmCows (UW-Madison Arlington),cam_4,1690310681,,,
train,MmCows,Walking,Walking,ID1+cam_4+1690290896_08-14-56.jpg,cow_1,MmCows (UW-Madison Arlington),cam_4,1690290896,,,
train,PlayBehavior,Frontal pushing,frontal_pushing,pb_0ef35108.jpg,TOL-2642,Tol,ch01,,Tol2_2024-06-11_PM,0134268.jpg,frames/Tol2_2024-06-11_PM/Tol2_2024-06-11_PM_video045.tar
train,PlayBehavior,Gallop,gallop,pb_ae3bcb6e.jpg,EEM-9,Eem,ch04,,Eem_2024-06-19,0094196.jpg,frames/Eem_2024-06-19/Eem_2024-06-19_video032.tar
train,MmCows,Lying,Lying,ID5+cam_3+1690295501_09-31-41.jpg,cow_5,MmCows (UW-Madison Arlington),cam_3,1690295501,,,
train,MmCows,Eating head down,Feeding head down,ID15+cam_4+1690326821_18-13-41.jpg,cow_15,MmCows (UW-Madison Arlington),cam_4,1690326821,,,
train,MmCows,Lying,Lying,ID8+cam_4+1690332746_19-52-26.jpg,cow_8,MmCows (UW-Madison Arlington),cam_4,1690332746,,,
train,PlayBehavior,Leap,leap,pb_abd4369e.jpg,EEM-9,Eem,ch04,,Eem_2024-06-19,0088325.jpg,frames/Eem_2024-06-19/Eem_2024-06-19_video030.tar
train,PlayBehavior,Leap,leap,pb_cb338753.jpg,TOL-2643,Tol,ch01,,Tol_2024-04-24,0055654.jpg,frames/Tol_2024-04-24/Tol_2024-04-24_video019.tar
train,MmCows,Walking,Walking,ID1+cam_3+1690333181_19-59-41.jpg,cow_1,MmCows (UW-Madison Arlington),cam_3,1690333181,,,
train,MmCows,Standing,Standing,ID1+cam_3+1690300706_10-58-26.jpg,cow_1,MmCows (UW-Madison Arlington),cam_3,1690300706,,,
train,PlayBehavior,Frontal pushing,frontal_pushing,pb_1c702287.jpg,EEM-9,Eem,ch04,,Eem_2024-06-19,0093704.jpg,frames/Eem_2024-06-19/Eem_2024-06-19_video032.tar
train,MmCows,Walking,Walking,ID15+cam_2+1690341161_22-12-41.jpg,cow_15,MmCows (UW-Madison Arlington),cam_2,1690341161,,,
train,MmCows,Lying,Lying,ID13+cam_3+1690306046_12-27-26.jpg,cow_13,MmCows (UW-Madison Arlington),cam_3,1690306046,,,
train,MmCows,Eating head down,Feeding head down,ID9+cam_4+1690336511_20-55-11.jpg,cow_9,MmCows (UW-Madison Arlington),cam_4,1690336511,,,
train,PlayBehavior,Leap,leap,pb_2d431d23.jpg,TOL-2642,Tol,ch01,,Tol2_2024-06-11_PM,0137299.jpg,frames/Tol2_2024-06-11_PM/Tol2_2024-06-11_PM_video046.tar
train,MmCows,Drinking,Drinking,ID4+cam_1+1690306961_12-42-41.jpg,cow_4,MmCows (UW-Madison Arlington),cam_1,1690306961,,,
train,PlayBehavior,Frontal pushing,frontal_pushing,pb_93fa5ff7.jpg,TOL-2642,Tol,ch01,,Tol2_2024-06-11_PM,0134215.jpg,frames/Tol2_2024-06-11_PM/Tol2_2024-06-11_PM_video045.tar
train,MmCows,Lying,Lying,ID14+cam_4+1690324196_17-29-56.jpg,cow_14,MmCows (UW-Madison Arlington),cam_4,1690324196,,,
train,MmCows,Eating head up,Feeding head up,ID12+cam_4+1690343186_22-46-26.jpg,cow_12,MmCows (UW-Madison Arlington),cam_4,1690343186,,,
train,MmCows,Drinking,Drinking,ID1+cam_4+1690322546_17-02-26.jpg,cow_1,MmCows (UW-Madison Arlington),cam_4,1690322546,,,
train,MmCows,Walking,Walking,ID9+cam_3+1690286996_07-09-56.jpg,cow_9,MmCows (UW-Madison Arlington),cam_3,1690286996,,,
train,MmCows,Lying,Lying,ID10+cam_4+1690342301_22-31-41.jpg,cow_10,MmCows (UW-Madison Arlington),cam_4,1690342301,,,
train,MmCows,Eating head up,Feeding head up,ID1+cam_4+1690290131_08-02-11.jpg,cow_1,MmCows (UW-Madison Arlington),cam_4,1690290131,,,
train,MmCows,Eating head down,Feeding head down,ID9+cam_4+1690274036_03-33-56.jpg,cow_9,MmCows (UW-Madison Arlington),cam_4,1690274036,,,
train,PlayBehavior,Frontal pushing,frontal_pushing,pb_f99db2dc.jpg,EEM-9,Eem,ch04,,Eem_2024-06-19,0089256.jpg,frames/Eem_2024-06-19/Eem_2024-06-19_video030.tar
train,MmCows,Drinking,Drinking,ID1+cam_2+1690333451_20-04-11.jpg,cow_1,MmCows (UW-Madison Arlington),cam_2,1690333451,,,
train,MmCows,Drinking,Drinking,ID12+cam_1+1690312736_14-18-56.jpg,cow_12,MmCows (UW-Madison Arlington),cam_1,1690312736,,,
train,MmCows,Eating head up,Feeding head up,ID12+cam_2+1690310771_13-46-11.jpg,cow_12,MmCows (UW-Madison Arlington),cam_2,1690310771,,,
train,PlayBehavior,Frontal pushing,frontal_pushing,pb_015d3de3.jpg,TOL-2644,Tol,ch01,,Tol2_2024-06-11_PM,0135923.jpg,frames/Tol2_2024-06-11_PM/Tol2_2024-06-11_PM_video046.tar
train,PlayBehavior,Gallop,gallop,pb_f8517025.jpg,EEM-9,Eem,ch04,,Eem_2024-06-19,0089067.jpg,frames/Eem_2024-06-19/Eem_2024-06-19_video030.tar
train,MmCows,Drinking,Drinking,ID13+cam_3+1690331741_19-35-41.jpg,cow_13,MmCows (UW-Madison Arlington),cam_3,1690331741,,,
train,PlayBehavior,Leap,leap,pb_720160db.jpg,TOL-2644,Tol,ch01,,Tol2_2024-06-11_PM,0137290.jpg,frames/Tol2_2024-06-11_PM/Tol2_2024-06-11_PM_video046.tar
train,MmCows,Eating head up,Feeding head up,ID13+cam_3+1690274726_03-45-26.jpg,cow_13,MmCows (UW-Madison Arlington),cam_3,1690274726,,,
train,PlayBehavior,Gallop,gallop,pb_41911ae7.jpg,TOL-2644,Tol,ch01,,Tol2_2024-06-11_PM,0136996.jpg,frames/Tol2_2024-06-11_PM/Tol2_2024-06-11_PM_video046.tar
train,MmCows,Drinking,Drinking,ID6+cam_4+1690334261_20-17-41.jpg,cow_6,MmCows (UW-Madison Arlington),cam_4,1690334261,,,
train,MmCows,Eating head up,Feeding head up,ID6+cam_4+1690277306_04-28-26.jpg,cow_6,MmCows (UW-Madison Arlington),cam_4,1690277306,,,
train,MmCows,Eating head up,Feeding head up,ID5+cam_4+1690272761_03-12-41.jpg,cow_5,MmCows (UW-Madison Arlington),cam_4,1690272761,,,
train,PlayBehavior,Gallop,gallop,pb_359f74b5.jpg,EEM-9,Eem,ch04,,Eem_2024-06-19,0089025.jpg,frames/Eem_2024-06-19/Eem_2024-06-19_video030.tar
train,MmCows,Drinking,Drinking,ID13+cam_4+1690327301_18-21-41.jpg,cow_13,MmCows (UW-Madison Arlington),cam_4,1690327301,,,
train,PlayBehavior,Frontal pushing,frontal_pushing,pb_e41b8349.jpg,TOL-2644,Tol,ch01,,Tol2_2024-06-11_PM,0136800.jpg,frames/Tol2_2024-06-11_PM/Tol2_2024-06-11_PM_video046.tar
train,MmCows,Eating head down,Feeding head down,ID10+cam_3+1690329236_18-53-56.jpg,cow_10,MmCows (UW-Madison Arlington),cam_3,1690329236,,,
train,MmCows,Eating head down,Feeding head down,ID1+cam_3+1690319531_16-12-11.jpg,cow_1,MmCows (UW-Madison Arlington),cam_3,1690319531,,,
train,PlayBehavior,Frontal pushing,frontal_pushing,pb_bc8430c8.jpg,EEM-9,Eem,ch04,,Eem_2024-06-19,0089437.jpg,frames/Eem_2024-06-19/Eem_2024-06-19_video030.tar
train,PlayBehavior,Frontal pushing,frontal_pushing,pb_c0bec200.jpg,TOL-2644,Tol,ch01,,Tol2_2024-06-11_PM,0145159.jpg,frames/Tol2_2024-06-11_PM/Tol2_2024-06-11_PM_video049.tar
train,MmCows,Eating head down,Feeding head down,ID14+cam_3+1690288481_07-34-41.jpg,cow_14,MmCows (UW-Madison Arlington),cam_3,1690288481,,,
train,MmCows,Walking,Walking,ID11+cam_2+1690293356_08-55-56.jpg,cow_11,MmCows (UW-Madison Arlington),cam_2,1690293356,,,
train,MmCows,Standing,Standing,ID9+cam_1+1690290626_08-10-26.jpg,cow_9,MmCows (UW-Madison Arlington),cam_1,1690290626,,,
train,MmCows,Standing,Standing,ID1+cam_1+1690274261_03-37-41.jpg,cow_1,MmCows (UW-Madison Arlington),cam_1,1690274261,,,
train,MmCows,Eating head down,Feeding head down,ID3+cam_4+1690319726_16-15-26.jpg,cow_3,MmCows (UW-Madison Arlington),cam_4,1690319726,,,
train,MmCows,Lying,Lying,ID12+cam_2+1690301501_11-11-41.jpg,cow_12,MmCows (UW-Madison Arlington),cam_2,1690301501,,,
train,MmCows,Eating head up,Feeding head up,ID3+cam_4+1690289636_07-53-56.jpg,cow_3,MmCows (UW-Madison Arlington),cam_4,1690289636,,,
train,MmCows,Standing,Standing,ID8+cam_1+1690288451_07-34-11.jpg,cow_8,MmCows (UW-Madison Arlington),cam_1,1690288451,,,
train,PlayBehavior,Frontal pushing,frontal_pushing,pb_84ec4d80.jpg,TOL-2642,Tol,ch01,,Tol2_2024-06-11_PM,0134776.jpg,frames/Tol2_2024-06-11_PM/Tol2_2024-06-11_PM_video045.tar
train,MmCows,Walking,Walking,ID2+cam_3+1690290386_08-06-26.jpg,cow_2,MmCows (UW-Madison Arlington),cam_3,1690290386,,,
train,PlayBehavior,Frontal pushing,frontal_pushing,pb_0241d4b0.jpg,TOL-2644,Tol,ch01,,Tol2_2024-06-11_PM,0138927.jpg,frames/Tol2_2024-06-11_PM/Tol2_2024-06-11_PM_video047.tar
train,MmCows,Walking,Walking,ID6+cam_3+1690319381_16-09-41.jpg,cow_6,MmCows (UW-Madison Arlington),cam_3,1690319381,,,
train,PlayBehavior,Gallop,gallop,pb_65369866.jpg,TOL-2642,Tol,ch01,,Tol2_2024-06-11_PM,0136655.jpg,frames/Tol2_2024-06-11_PM/Tol2_2024-06-11_PM_video046.tar
train,MmCows,Walking,Walking,ID11+cam_2+1690295651_09-34-11.jpg,cow_11,MmCows (UW-Madison Arlington),cam_2,1690295651,,,
train,MmCows,Walking,Walking,ID4+cam_3+1690290326_08-05-26.jpg,cow_4,MmCows (UW-Madison Arlington),cam_3,1690290326,,,
train,MmCows,Walking,Walking,ID16+cam_4+1690289006_07-43-26.jpg,cow_16,MmCows (UW-Madison Arlington),cam_4,1690289006,,,
train,MmCows,Eating head up,Feeding head up,ID3+cam_3+1690290656_08-10-56.jpg,cow_3,MmCows (UW-Madison Arlington),cam_3,1690290656,,,
train,PlayBehavior,Frontal pushing,frontal_pushing,pb_7aed90ae.jpg,TOL-2644,Tol,ch01,,Tol2_2024-06-11_PM,0145173.jpg,frames/Tol2_2024-06-11_PM/Tol2_2024-06-11_PM_video049.tar
train,PlayBehavior,Frontal pushing,frontal_pushing,pb_f47c0266.jpg,TOL-2644,Tol,ch01,,Tol2_2024-06-11_PM,0135312.jpg,frames/Tol2_2024-06-11_PM/Tol2_2024-06-11_PM_video046.tar
train,MmCows,Eating head up,Feeding head up,ID10+cam_3+1690331966_19-39-26.jpg,cow_10,MmCows (UW-Madison Arlington),cam_3,1690331966,,,
train,PlayBehavior,Frontal pushing,frontal_pushing,pb_404b9bdd.jpg,TOL-2642,Tol,ch01,,Tol2_2024-06-11_PM,0135320.jpg,frames/Tol2_2024-06-11_PM/Tol2_2024-06-11_PM_video046.tar
train,PlayBehavior,Leap,leap,pb_5e4616a8.jpg,TOL-2644,Tol,ch01,,Tol2_2024-06-11_PM,0135220.jpg,frames/Tol2_2024-06-11_PM/Tol2_2024-06-11_PM_video046.tar
train,MmCows,Standing,Standing,ID9+cam_4+1690339916_21-51-56.jpg,cow_9,MmCows (UW-Madison Arlington),cam_4,1690339916,,,
train,PlayBehavior,Leap,leap,pb_9de82f1e.jpg,TOL-2642,Tol,ch01,,Tol2_2024-06-11_PM,0134704.jpg,frames/Tol2_2024-06-11_PM/Tol2_2024-06-11_PM_video045.tar
train,PlayBehavior,Leap,leap,pb_a6dbbe40.jpg,TOL-2644,Tol,ch01,,Tol2_2024-06-11_PM,0137298.jpg,frames/Tol2_2024-06-11_PM/Tol2_2024-06-11_PM_video046.tar
train,PlayBehavior,Leap,leap,pb_3305d116.jpg,TOL-2644,Tol,ch01,,Tol2_2024-06-11_PM,0137270.jpg,frames/Tol2_2024-06-11_PM/Tol2_2024-06-11_PM_video046.tar
train,MmCows,Standing,Standing,ID4+cam_4+1690321121_16-38-41.jpg,cow_4,MmCows (UW-Madison Arlington),cam_4,1690321121,,,
train,MmCows,Eating head down,Feeding head down,ID12+cam_3+1690330076_19-07-56.jpg,cow_12,MmCows (UW-Madison Arlington),cam_3,1690330076,,,
train,PlayBehavior,Gallop,gallop,pb_94897de3.jpg,TOL-2644,Tol,ch01,,Tol2_2024-06-11_PM,0137436.jpg,frames/Tol2_2024-06-11_PM/Tol2_2024-06-11_PM_video046.tar
train,MmCows,Eating head up,Feeding head up,ID4+cam_4+1690305701_12-21-41.jpg,cow_4,MmCows (UW-Madison Arlington),cam_4,1690305701,,,
train,MmCows,Walking,Walking,ID12+cam_3+1690341041_22-10-41.jpg,cow_12,MmCows (UW-Madison Arlington),cam_3,1690341041,,,
train,MmCows,Standing,Standing,ID12+cam_3+1690287701_07-21-41.jpg,cow_12,MmCows (UW-Madison Arlington),cam_3,1690287701,,,
train,PlayBehavior,Frontal pushing,frontal_pushing,pb_592efa3f.jpg,TOL-2642,Tol,ch01,,Tol2_2024-06-11_PM,0138099.jpg,frames/Tol2_2024-06-11_PM/Tol2_2024-06-11_PM_video047.tar
train,PlayBehavior,Leap,leap,pb_abc775d9.jpg,TOL-2644,Tol,ch01,,Tol2_2024-06-11_PM,0135684.jpg,frames/Tol2_2024-06-11_PM/Tol2_2024-06-11_PM_video046.tar
train,PlayBehavior,Gallop,gallop,pb_cf83dbe3.jpg,TOL-2644,Tol,ch01,,Tol_2024-04-24,0061673.jpg,frames/Tol_2024-04-24/Tol_2024-04-24_video021.tar
train,PlayBehavior,Frontal pushing,frontal_pushing,pb_2760272e.jpg,TOL-2644,Tol,ch01,,Tol2_2024-06-11_PM,0138263.jpg,frames/Tol2_2024-06-11_PM/Tol2_2024-06-11_PM_video047.tar
train,MmCows,Eating head up,Feeding head up,ID6+cam_4+1690287206_07-13-26.jpg,cow_6,MmCows (UW-Madison Arlington),cam_4,1690287206,,,
train,MmCows,Standing,Standing,ID10+cam_3+1690301741_11-15-41.jpg,cow_10,MmCows (UW-Madison Arlington),cam_3,1690301741,,,
train,MmCows,Drinking,Drinking,ID2+cam_4+1690311701_14-01-41.jpg,cow_2,MmCows (UW-Madison Arlington),cam_4,1690311701,,,
train,PlayBehavior,Gallop,gallop,pb_daf4d11b.jpg,TOL-2642,Tol,ch01,,Tol2_2024-06-11_PM,0136467.jpg,frames/Tol2_2024-06-11_PM/Tol2_2024-06-11_PM_video046.tar
train,MmCows,Drinking,Drinking,ID12+cam_2+1690309871_13-31-11.jpg,cow_12,MmCows (UW-Madison Arlington),cam_2,1690309871,,,
train,MmCows,Eating head down,Feeding head down,ID6+cam_4+1690332776_19-52-56.jpg,cow_6,MmCows (UW-Madison Arlington),cam_4,1690332776,,,
train,PlayBehavior,Leap,leap,pb_1dcfdb35.jpg,TOL-2644,Tol,ch01,,Tol2_2024-06-11_PM,0137604.jpg,frames/Tol2_2024-06-11_PM/Tol2_2024-06-11_PM_video046.tar
train,MmCows,Lying,Lying,ID2+cam_2+1690338416_21-26-56.jpg,cow_2,MmCows (UW-Madison Arlington),cam_2,1690338416,,,
train,MmCows,Walking,Walking,ID1+cam_1+1690321631_16-47-11.jpg,cow_1,MmCows (UW-Madison Arlington),cam_1,1690321631,,,
train,PlayBehavior,Gallop,gallop,pb_deb6d4c6.jpg,TOL-2642,Tol,ch01,,Tol2_2024-06-11_PM,0137418.jpg,frames/Tol2_2024-06-11_PM/Tol2_2024-06-11_PM_video046.tar
train,MmCows,Drinking,Drinking,ID1+cam_1+1690272671_03-11-11.jpg,cow_1,MmCows (UW-Madison Arlington),cam_1,1690272671,,,
train,MmCows,Lying,Lying,ID6+cam_2+1690331336_19-28-56.jpg,cow_6,MmCows (UW-Madison Arlington),cam_2,1690331336,,,
train,MmCows,Walking,Walking,ID15+cam_3+1690274981_03-49-41.jpg,cow_15,MmCows (UW-Madison Arlington),cam_3,1690274981,,,
train,MmCows,Eating head up,Feeding head up,ID3+cam_4+1690291601_08-26-41.jpg,cow_3,MmCows (UW-Madison Arlington),cam_4,1690291601,,,
train,MmCows,Eating head down,Feeding head down,ID1+cam_4+1690273901_03-31-41.jpg,cow_1,MmCows (UW-Madison Arlington),cam_4,1690273901,,,
train,PlayBehavior,Gallop,gallop,pb_436268d2.jpg,unreleased_farm_1_calf_1,unreleased_farm_1,ch01,,,,
train,MmCows,Eating head down,Feeding head down,ID6+cam_4+1690285661_06-47-41.jpg,cow_6,MmCows (UW-Madison Arlington),cam_4,1690285661,,,
train,MmCows,Eating head down,Feeding head down,ID15+cam_4+1690299041_10-30-41.jpg,cow_15,MmCows (UW-Madison Arlington),cam_4,1690299041,,,
train,PlayBehavior,Leap,leap,pb_3a24cbeb.jpg,TOL-2644,Tol,ch01,,Tol2_2024-06-11_PM,0137726.jpg,frames/Tol2_2024-06-11_PM/Tol2_2024-06-11_PM_video046.tar
train,MmCows,Eating head up,Feeding head up,ID2+cam_3+1690311086_13-51-26.jpg,cow_2,MmCows (UW-Madison Arlington),cam_3,1690311086,,,
train,PlayBehavior,Frontal pushing,frontal_pushing,pb_54dbc95d.jpg,TOL-2644,Tol,ch01,,Tol2_2024-06-11_PM,0137399.jpg,frames/Tol2_2024-06-11_PM/Tol2_2024-06-11_PM_video046.tar
train,MmCows,Lying,Lying,ID11+cam_1+1690314296_14-44-56.jpg,cow_11,MmCows (UW-Madison Arlington),cam_1,1690314296,,,
train,MmCows,Standing,Standing,ID11+cam_4+1690322591_17-03-11.jpg,cow_11,MmCows (UW-Madison Arlington),cam_4,1690322591,,,
train,MmCows,Eating head down,Feeding head down,ID4+cam_4+1690285691_06-48-11.jpg,cow_4,MmCows (UW-Madison Arlington),cam_4,1690285691,,,
train,PlayBehavior,Leap,leap,pb_c1dd4e59.jpg,TOL-2644,Tol,ch01,,Tol2_2024-06-11_PM,0137287.jpg,frames/Tol2_2024-06-11_PM/Tol2_2024-06-11_PM_video046.tar
train,PlayBehavior,Gallop,gallop,pb_7fb76fc5.jpg,TOL-2642,Tol,ch01,,Tol2_2024-06-11_PM,0136672.jpg,frames/Tol2_2024-06-11_PM/Tol2_2024-06-11_PM_video046.tar
train,MmCows,Lying,Lying,ID9+cam_4+1690284881_06-34-41.jpg,cow_9,MmCows (UW-Madison Arlington),cam_4,1690284881,,,
train,PlayBehavior,Frontal pushing,frontal_pushing,pb_55bdd9b8.jpg,TOL-2642,Tol,ch01,,Tol2_2024-06-11_PM,0139130.jpg,frames/Tol2_2024-06-11_PM/Tol2_2024-06-11_PM_video047.tar
train,MmCows,Eating head up,Feeding head up,ID5+cam_4+1690321751_16-49-11.jpg,cow_5,MmCows (UW-Madison Arlington),cam_4,1690321751,,,
train,MmCows,Walking,Walking,ID15+cam_1+1690281086_05-31-26.jpg,cow_15,MmCows (UW-Madison Arlington),cam_1,1690281086,,,
train,PlayBehavior,Frontal pushing,frontal_pushing,pb_ebe26b66.jpg,TOL-2644,Tol,ch01,,Tol2_2024-06-11_PM,0141618.jpg,frames/Tol2_2024-06-11_PM/Tol2_2024-06-11_PM_video048.tar
train,MmCows,Lying,Lying,ID14+cam_4+1690346681_23-44-41.jpg,cow_14,MmCows (UW-Madison Arlington),cam_4,1690346681,,,
train,MmCows,Standing,Standing,ID6+cam_4+1690292411_08-40-11.jpg,cow_6,MmCows (UW-Madison Arlington),cam_4,1690292411,,,
train,MmCows,Standing,Standing,ID9+cam_4+1690325561_17-52-41.jpg,cow_9,MmCows (UW-Madison Arlington),cam_4,1690325561,,,
train,MmCows,Walking,Walking,ID1+cam_2+1690338326_21-25-26.jpg,cow_1,MmCows (UW-Madison Arlington),cam_2,1690338326,,,
train,MmCows,Drinking,Drinking,ID12+cam_4+1690312691_14-18-11.jpg,cow_12,MmCows (UW-Madison Arlington),cam_4,1690312691,,,
train,MmCows,Standing,Standing,ID5+cam_1+1690337171_21-06-11.jpg,cow_5,MmCows (UW-Madison Arlington),cam_1,1690337171,,,
train,MmCows,Eating head down,Feeding head down,ID2+cam_4+1690322141_16-55-41.jpg,cow_2,MmCows (UW-Madison Arlington),cam_4,1690322141,,,
train,MmCows,Walking,Walking,ID13+cam_2+1690309331_13-22-11.jpg,cow_13,MmCows (UW-Madison Arlington),cam_2,1690309331,,,
train,PlayBehavior,Leap,leap,pb_c253327e.jpg,EEM-9,Eem,ch04,,Eem_2024-06-19,0088928.jpg,frames/Eem_2024-06-19/Eem_2024-06-19_video030.tar
train,MmCows,Lying,Lying,ID16+cam_3+1690306136_12-28-56.jpg,cow_16,MmCows (UW-Madison Arlington),cam_3,1690306136,,,
train,MmCows,Lying,Lying,ID2+cam_3+1690325021_17-43-41.jpg,cow_2,MmCows (UW-Madison Arlington),cam_3,1690325021,,,
train,PlayBehavior,Frontal pushing,frontal_pushing,pb_2ecc4f8f.jpg,EEM-9,Eem,ch04,,Eem_2024-06-19,0089241.jpg,frames/Eem_2024-06-19/Eem_2024-06-19_video030.tar
train,MmCows,Drinking,Drinking,ID4+cam_4+1690308086_13-01-26.jpg,cow_4,MmCows (UW-Madison Arlington),cam_4,1690308086,,,
train,MmCows,Eating head up,Feeding head up,ID3+cam_3+1690343141_22-45-41.jpg,cow_3,MmCows (UW-Madison Arlington),cam_3,1690343141,,,
train,MmCows,Eating head up,Feeding head up,ID1+cam_4+1690289981_07-59-41.jpg,cow_1,MmCows (UW-Madison Arlington),cam_4,1690289981,,,
train,MmCows,Drinking,Drinking,ID13+cam_1+1690273616_03-26-56.jpg,cow_13,MmCows (UW-Madison Arlington),cam_1,1690273616,,,
train,PlayBehavior,Leap,leap,pb_13956192.jpg,TOL-2644,Tol,ch01,,Tol2_2024-06-11_PM,0137319.jpg,frames/Tol2_2024-06-11_PM/Tol2_2024-06-11_PM_video046.tar
train,MmCows,Lying,Lying,ID12+cam_2+1690284266_06-24-26.jpg,cow_12,MmCows (UW-Madison Arlington),cam_2,1690284266,,,
train,MmCows,Eating head down,Feeding head down,ID16+cam_4+1690332266_19-44-26.jpg,cow_16,MmCows (UW-Madison Arlington),cam_4,1690332266,,,
train,MmCows,Eating head down,Feeding head down,ID7+cam_3+1690329251_18-54-11.jpg,cow_7,MmCows (UW-Madison Arlington),cam_3,1690329251,,,
train,MmCows,Eating head up,Feeding head up,ID3+cam_4+1690325021_17-43-41.jpg,cow_3,MmCows (UW-Madison Arlington),cam_4,1690325021,,,
train,PlayBehavior,Frontal pushing,frontal_pushing,pb_8298cd1d.jpg,TOL-2642,Tol,ch01,,Tol2_2024-06-11_PM,0135922.jpg,frames/Tol2_2024-06-11_PM/Tol2_2024-06-11_PM_video046.tar
train,PlayBehavior,Frontal pushing,frontal_pushing,pb_79aea930.jpg,EEM-9,Eem,ch04,,Eem_2024-06-19,0093093.jpg,frames/Eem_2024-06-19/Eem_2024-06-19_video032.tar
train,PlayBehavior,Gallop,gallop,pb_03494b94.jpg,TOL-2644,Tol,ch01,,Tol2_2024-06-11_PM,0137443.jpg,frames/Tol2_2024-06-11_PM/Tol2_2024-06-11_PM_video046.tar
train,PlayBehavior,Frontal pushing,frontal_pushing,pb_a68881c2.jpg,TOL-2642,Tol,ch01,,Tol2_2024-06-11_PM,0137519.jpg,frames/Tol2_2024-06-11_PM/Tol2_2024-06-11_PM_video046.tar
train,MmCows,Eating head up,Feeding head up,ID3+cam_4+1690342601_22-36-41.jpg,cow_3,MmCows (UW-Madison Arlington),cam_4,1690342601,,,
train,MmCows,Lying,Lying,ID13+cam_2+1690298336_10-18-56.jpg,cow_13,MmCows (UW-Madison Arlington),cam_2,1690298336,,,
train,MmCows,Eating head up,Feeding head up,ID13+cam_3+1690328006_18-33-26.jpg,cow_13,MmCows (UW-Madison Arlington),cam_3,1690328006,,,
train,MmCows,Eating head up,Feeding head up,ID14+cam_3+1690290101_08-01-41.jpg,cow_14,MmCows (UW-Madison Arlington),cam_3,1690290101,,,
train,MmCows,Drinking,Drinking,ID4+cam_1+1690306766_12-39-26.jpg,cow_4,MmCows (UW-Madison Arlington),cam_1,1690306766,,,
train,MmCows,Eating head up,Feeding head up,ID16+cam_4+1690332296_19-44-56.jpg,cow_16,MmCows (UW-Madison Arlington),cam_4,1690332296,,,
train,MmCows,Eating head up,Feeding head up,ID3+cam_3+1690334771_20-26-11.jpg,cow_3,MmCows (UW-Madison Arlington),cam_3,1690334771,,,
train,MmCows,Lying,Lying,ID8+cam_4+1690328876_18-47-56.jpg,cow_8,MmCows (UW-Madison Arlington),cam_4,1690328876,,,
train,PlayBehavior,Leap,leap,pb_3610f557.jpg,TOL-2644,Tol,ch01,,Tol_2024-04-24,0047409.jpg,frames/Tol_2024-04-24/Tol_2024-04-24_video016.tar
train,PlayBehavior,Frontal pushing,frontal_pushing,pb_5ef3856d.jpg,EEM-9,Eem,ch04,,Eem_2024-06-19,0095338.jpg,frames/Eem_2024-06-19/Eem_2024-06-19_video032.tar
train,PlayBehavior,Frontal pushing,frontal_pushing,pb_0f9c1ae1.jpg,TOL-2642,Tol,ch01,,Tol2_2024-06-11_PM,0135403.jpg,frames/Tol2_2024-06-11_PM/Tol2_2024-06-11_PM_video046.tar
train,MmCows,Eating head down,Feeding head down,ID15+cam_3+1690327001_18-16-41.jpg,cow_15,MmCows (UW-Madison Arlington),cam_3,1690327001,,,
train,MmCows,Drinking,Drinking,ID1+cam_3+1690319921_16-18-41.jpg,cow_1,MmCows (UW-Madison Arlington),cam_3,1690319921,,,
train,MmCows,Walking,Walking,ID12+cam_3+1690290236_08-03-56.jpg,cow_12,MmCows (UW-Madison Arlington),cam_3,1690290236,,,
train,PlayBehavior,Gallop,gallop,pb_dfbfd91b.jpg,TOL-2642,Tol,ch01,,Tol2_2024-06-11_PM,0136997.jpg,frames/Tol2_2024-06-11_PM/Tol2_2024-06-11_PM_video046.tar
train,MmCows,Standing,Standing,ID2+cam_4+1690280246_05-17-26.jpg,cow_2,MmCows (UW-Madison Arlington),cam_4,1690280246,,,
train,MmCows,Drinking,Drinking,ID4+cam_1+1690306721_12-38-41.jpg,cow_4,MmCows (UW-Madison Arlington),cam_1,1690306721,,,
train,MmCows,Walking,Walking,ID2+cam_2+1690291346_08-22-26.jpg,cow_2,MmCows (UW-Madison Arlington),cam_2,1690291346,,,
train,MmCows,Lying,Lying,ID7+cam_1+1690296431_09-47-11.jpg,cow_7,MmCows (UW-Madison Arlington),cam_1,1690296431,,,
train,MmCows,Eating head down,Feeding head down,ID12+cam_3+1690329386_18-56-26.jpg,cow_12,MmCows (UW-Madison Arlington),cam_3,1690329386,,,
train,MmCows,Eating head up,Feeding head up,ID2+cam_4+1690309811_13-30-11.jpg,cow_2,MmCows (UW-Madison Arlington),cam_4,1690309811,,,
train,MmCows,Walking,Walking,ID2+cam_2+1690309646_13-27-26.jpg,cow_2,MmCows (UW-Madison Arlington),cam_2,1690309646,,,
train,MmCows,Eating head down,Feeding head down,ID9+cam_4+1690304711_12-05-11.jpg,cow_9,MmCows (UW-Madison Arlington),cam_4,1690304711,,,
train,PlayBehavior,Frontal pushing,frontal_pushing,pb_d49819b4.jpg,EEM-9,Eem,ch04,,Eem_2024-06-19,0093313.jpg,frames/Eem_2024-06-19/Eem_2024-06-19_video032.tar
train,MmCows,Walking,Walking,ID9+cam_4+1690282271_05-51-11.jpg,cow_9,MmCows (UW-Madison Arlington),cam_4,1690282271,,,
train,MmCows,Lying,Lying,ID14+cam_2+1690292321_08-38-41.jpg,cow_14,MmCows (UW-Madison Arlington),cam_2,1690292321,,,
train,PlayBehavior,Frontal pushing,frontal_pushing,pb_fb29c178.jpg,TOL-2644,Tol,ch01,,Tol2_2024-06-11_PM,0136195.jpg,frames/Tol2_2024-06-11_PM/Tol2_2024-06-11_PM_video046.tar
train,PlayBehavior,Leap,leap,pb_18938d5c.jpg,TOL-2644,Tol,ch01,,Tol2_2024-06-11_PM,0137605.jpg,frames/Tol2_2024-06-11_PM/Tol2_2024-06-11_PM_video046.tar
train,PlayBehavior,Gallop,gallop,pb_f6217265.jpg,TOL-2644,Tol,ch01,,Tol2_2024-06-11_PM,0136469.jpg,frames/Tol2_2024-06-11_PM/Tol2_2024-06-11_PM_video046.tar
train,MmCows,Eating head up,Feeding head up,ID5+cam_3+1690274246_03-37-26.jpg,cow_5,MmCows (UW-Madison Arlington),cam_3,1690274246,,,
train,MmCows,Walking,Walking,ID7+cam_4+1690330781_19-19-41.jpg,cow_7,MmCows (UW-Madison Arlington),cam_4,1690330781,,,
train,MmCows,Drinking,Drinking,ID14+cam_2+1690290221_08-03-41.jpg,cow_14,MmCows (UW-Madison Arlington),cam_2,1690290221,,,
train,MmCows,Eating head down,Feeding head down,ID2+cam_3+1690299596_10-39-56.jpg,cow_2,MmCows (UW-Madison Arlington),cam_3,1690299596,,,
train,MmCows,Eating head up,Feeding head up,ID5+cam_4+1690321991_16-53-11.jpg,cow_5,MmCows (UW-Madison Arlington),cam_4,1690321991,,,
train,PlayBehavior,Frontal pushing,frontal_pushing,pb_a6163e6d.jpg,TOL-2642,Tol,ch01,,Tol2_2024-06-11_PM,0136639.jpg,frames/Tol2_2024-06-11_PM/Tol2_2024-06-11_PM_video046.tar
train,MmCows,Drinking,Drinking,ID4+cam_4+1690315316_15-01-56.jpg,cow_4,MmCows (UW-Madison Arlington),cam_4,1690315316,,,
train,MmCows,Eating head up,Feeding head up,ID3+cam_4+1690342916_22-41-56.jpg,cow_3,MmCows (UW-Madison Arlington),cam_4,1690342916,,,
train,MmCows,Lying,Lying,ID11+cam_2+1690302926_11-35-26.jpg,cow_11,MmCows (UW-Madison Arlington),cam_2,1690302926,,,
train,MmCows,Standing,Standing,ID1+cam_3+1690279691_05-08-11.jpg,cow_1,MmCows (UW-Madison Arlington),cam_3,1690279691,,,
train,MmCows,Drinking,Drinking,ID4+cam_2+1690290461_08-07-41.jpg,cow_4,MmCows (UW-Madison Arlington),cam_2,1690290461,,,
train,MmCows,Drinking,Drinking,ID7+cam_3+1690328696_18-44-56.jpg,cow_7,MmCows (UW-Madison Arlington),cam_3,1690328696,,,
train,PlayBehavior,Gallop,gallop,pb_0ab8ad99.jpg,TOL-2644,Tol,ch01,,Tol2_2024-06-11_PM,0137704.jpg,frames/Tol2_2024-06-11_PM/Tol2_2024-06-11_PM_video046.tar
train,MmCows,Drinking,Drinking,ID3+cam_4+1690304126_11-55-26.jpg,cow_3,MmCows (UW-Madison Arlington),cam_4,1690304126,,,
train,MmCows,Eating head down,Feeding head down,ID16+cam_4+1690272821_03-13-41.jpg,cow_16,MmCows (UW-Madison Arlington),cam_4,1690272821,,,
train,PlayBehavior,Leap,leap,pb_b9b5ab4c.jpg,TOL-2642,Tol,ch01,,Tol_2024-04-24,0048530.jpg,frames/Tol_2024-04-24/Tol_2024-04-24_video017.tar
train,PlayBehavior,Gallop,gallop,pb_41eff929.jpg,unreleased_farm_1_calf_1,unreleased_farm_1,ch01,,,,
train,MmCows,Eating head down,Feeding head down,ID12+cam_4+1690330496_19-14-56.jpg,cow_12,MmCows (UW-Madison Arlington),cam_4,1690330496,,,
train,MmCows,Lying,Lying,ID12+cam_2+1690302506_11-28-26.jpg,cow_12,MmCows (UW-Madison Arlington),cam_2,1690302506,,,
train,MmCows,Eating head up,Feeding head up,ID11+cam_3+1690294916_09-21-56.jpg,cow_11,MmCows (UW-Madison Arlington),cam_3,1690294916,,,
train,PlayBehavior,Leap,leap,pb_0eda47b1.jpg,EEM-9,Eem,ch04,,Eem_2024-06-19,0088859.jpg,frames/Eem_2024-06-19/Eem_2024-06-19_video030.tar
train,MmCows,Eating head down,Feeding head down,ID3+cam_4+1690305116_12-11-56.jpg,cow_3,MmCows (UW-Madison Arlington),cam_4,1690305116,,,
train,MmCows,Lying,Lying,ID10+cam_4+1690292921_08-48-41.jpg,cow_10,MmCows (UW-Madison Arlington),cam_4,1690292921,,,
train,MmCows,Lying,Lying,ID8+cam_2+1690333301_20-01-41.jpg,cow_8,MmCows (UW-Madison Arlington),cam_2,1690333301,,,
train,PlayBehavior,Leap,leap,pb_20c2fa4f.jpg,TOL-2644,Tol,ch01,,Tol2_2024-06-11_PM,0137595.jpg,frames/Tol2_2024-06-11_PM/Tol2_2024-06-11_PM_video046.tar
train,MmCows,Lying,Lying,ID8+cam_2+1690272296_03-04-56.jpg,cow_8,MmCows (UW-Madison Arlington),cam_2,1690272296,,,
train,MmCows,Lying,Lying,ID14+cam_2+1690272386_03-06-26.jpg,cow_14,MmCows (UW-Madison Arlington),cam_2,1690272386,,,
train,PlayBehavior,Frontal pushing,frontal_pushing,pb_e8e83ac6.jpg,TOL-2642,Tol,ch01,,Tol2_2024-06-11_PM,0136856.jpg,frames/Tol2_2024-06-11_PM/Tol2_2024-06-11_PM_video046.tar
train,MmCows,Eating head up,Feeding head up,ID7+cam_3+1690315841_15-10-41.jpg,cow_7,MmCows (UW-Madison Arlington),cam_3,1690315841,,,
train,PlayBehavior,Leap,leap,pb_972a91f9.jpg,TOL-2644,Tol,ch01,,Tol2_2024-06-11_PM,0137297.jpg,frames/Tol2_2024-06-11_PM/Tol2_2024-06-11_PM_video046.tar
train,MmCows,Eating head down,Feeding head down,ID15+cam_4+1690298756_10-25-56.jpg,cow_15,MmCows (UW-Madison Arlington),cam_4,1690298756,,,
train,PlayBehavior,Gallop,gallop,pb_e9c46a61.jpg,EEM-9,Eem,ch04,,Eem_2024-06-19,0089055.jpg,frames/Eem_2024-06-19/Eem_2024-06-19_video030.tar
train,PlayBehavior,Leap,leap,pb_338c90f4.jpg,TOL-2644,Tol,ch01,,Tol2_2024-06-11_PM,0137320.jpg,frames/Tol2_2024-06-11_PM/Tol2_2024-06-11_PM_video046.tar
train,MmCows,Standing,Standing,ID3+cam_1+1690281866_05-44-26.jpg,cow_3,MmCows (UW-Madison Arlington),cam_1,1690281866,,,
train,MmCows,Eating head down,Feeding head down,ID4+cam_3+1690314401_14-46-41.jpg,cow_4,MmCows (UW-Madison Arlington),cam_3,1690314401,,,
train,MmCows,Lying,Lying,ID2+cam_1+1690303361_11-42-41.jpg,cow_2,MmCows (UW-Madison Arlington),cam_1,1690303361,,,
train,MmCows,Standing,Standing,ID10+cam_1+1690294721_09-18-41.jpg,cow_10,MmCows (UW-Madison Arlington),cam_1,1690294721,,,
train,PlayBehavior,Leap,leap,pb_2b52a915.jpg,TOL-2644,Tol,ch01,,Tol2_2024-06-11_PM,0135680.jpg,frames/Tol2_2024-06-11_PM/Tol2_2024-06-11_PM_video046.tar
train,MmCows,Eating head down,Feeding head down,ID8+cam_3+1690302776_11-32-56.jpg,cow_8,MmCows (UW-Madison Arlington),cam_3,1690302776,,,
train,PlayBehavior,Gallop,gallop,pb_62bb66d6.jpg,EEM-9,Eem,ch04,,Eem_2024-06-19,0088942.jpg,frames/Eem_2024-06-19/Eem_2024-06-19_video030.tar
train,PlayBehavior,Leap,leap,pb_1af4ef56.jpg,TOL-2644,Tol,ch01,,Tol2_2024-06-11_PM,0136478.jpg,frames/Tol2_2024-06-11_PM/Tol2_2024-06-11_PM_video046.tar
train,MmCows,Drinking,Drinking,ID12+cam_1+1690309811_13-30-11.jpg,cow_12,MmCows (UW-Madison Arlington),cam_1,1690309811,,,
train,MmCows,Eating head up,Feeding head up,ID3+cam_4+1690292141_08-35-41.jpg,cow_3,MmCows (UW-Madison Arlington),cam_4,1690292141,,,
train,PlayBehavior,Gallop,gallop,pb_9dec4d97.jpg,TOL-2642,Tol,ch01,,Tol2_2024-06-11_PM,0134979.jpg,frames/Tol2_2024-06-11_PM/Tol2_2024-06-11_PM_video045.tar
train,PlayBehavior,Gallop,gallop,pb_c3f8e638.jpg,TOL-2642,Tol,ch01,,Tol2_2024-06-11_PM,0136984.jpg,frames/Tol2_2024-06-11_PM/Tol2_2024-06-11_PM_video046.tar
train,MmCows,Standing,Standing,ID2+cam_4+1690292921_08-48-41.jpg,cow_2,MmCows (UW-Madison Arlington),cam_4,1690292921,,,
train,PlayBehavior,Frontal pushing,frontal_pushing,pb_78aabdde.jpg,TOL-2644,Tol,ch01,,Tol2_2024-06-11_PM,0138858.jpg,frames/Tol2_2024-06-11_PM/Tol2_2024-06-11_PM_video047.tar
train,MmCows,Drinking,Drinking,ID10+cam_4+1690314521_14-48-41.jpg,cow_10,MmCows (UW-Madison Arlington),cam_4,1690314521,,,
train,MmCows,Walking,Walking,ID12+cam_3+1690331141_19-25-41.jpg,cow_12,MmCows (UW-Madison Arlington),cam_3,1690331141,,,
train,PlayBehavior,Leap,leap,pb_25ab9bc8.jpg,EEM-9,Eem,ch04,,Eem_2024-06-19,0088186.jpg,frames/Eem_2024-06-19/Eem_2024-06-19_video030.tar
train,MmCows,Drinking,Drinking,ID8+cam_3+1690316336_15-18-56.jpg,cow_8,MmCows (UW-Madison Arlington),cam_3,1690316336,,,
train,MmCows,Walking,Walking,ID15+cam_4+1690309796_13-29-56.jpg,cow_15,MmCows (UW-Madison Arlington),cam_4,1690309796,,,
train,MmCows,Standing,Standing,ID8+cam_3+1690341506_22-18-26.jpg,cow_8,MmCows (UW-Madison Arlington),cam_3,1690341506,,,
train,PlayBehavior,Gallop,gallop,pb_c3b648cf.jpg,TOL-2644,Tol,ch01,,Tol2_2024-06-11_PM,0136680.jpg,frames/Tol2_2024-06-11_PM/Tol2_2024-06-11_PM_video046.tar
train,PlayBehavior,Leap,leap,pb_3ff3b344.jpg,TOL-2643,Tol,ch01,,Tol_2024-04-24,0055647.jpg,frames/Tol_2024-04-24/Tol_2024-04-24_video019.tar
train,PlayBehavior,Leap,leap,pb_e7ace6ec.jpg,EEM-9,Eem,ch04,,Eem_2024-06-19,0088181.jpg,frames/Eem_2024-06-19/Eem_2024-06-19_video030.tar
train,MmCows,Standing,Standing,ID5+cam_1+1690347281_23-54-41.jpg,cow_5,MmCows (UW-Madison Arlington),cam_1,1690347281,,,
train,MmCows,Walking,Walking,ID7+cam_1+1690330901_19-21-41.jpg,cow_7,MmCows (UW-Madison Arlington),cam_1,1690330901,,,
train,PlayBehavior,Gallop,gallop,pb_91961f67.jpg,TOL-2644,Tol,ch01,,Tol2_2024-06-11_PM,0136998.jpg,frames/Tol2_2024-06-11_PM/Tol2_2024-06-11_PM_video046.tar
train,MmCows,Lying,Lying,ID13+cam_3+1690295861_09-37-41.jpg,cow_13,MmCows (UW-Madison Arlington),cam_3,1690295861,,,
train,MmCows,Eating head down,Feeding head down,ID14+cam_3+1690328756_18-45-56.jpg,cow_14,MmCows (UW-Madison Arlington),cam_3,1690328756,,,
train,MmCows,Walking,Walking,ID7+cam_3+1690346246_23-37-26.jpg,cow_7,MmCows (UW-Madison Arlington),cam_3,1690346246,,,
train,MmCows,Lying,Lying,ID10+cam_1+1690292156_08-35-56.jpg,cow_10,MmCows (UW-Madison Arlington),cam_1,1690292156,,,
train,PlayBehavior,Frontal pushing,frontal_pushing,pb_32a6b66e.jpg,TOL-2642,Tol,ch01,,Tol2_2024-06-11_PM,0134631.jpg,frames/Tol2_2024-06-11_PM/Tol2_2024-06-11_PM_video045.tar
train,MmCows,Walking,Walking,ID1+cam_1+1690322906_17-08-26.jpg,cow_1,MmCows (UW-Madison Arlington),cam_1,1690322906,,,
train,MmCows,Walking,Walking,ID3+cam_4+1690290431_08-07-11.jpg,cow_3,MmCows (UW-Madison Arlington),cam_4,1690290431,,,
train,PlayBehavior,Frontal pushing,frontal_pushing,pb_70957cf5.jpg,TOL-2644,Tol,ch01,,Tol2_2024-06-11_PM,0136643.jpg,frames/Tol2_2024-06-11_PM/Tol2_2024-06-11_PM_video046.tar
train,MmCows,Drinking,Drinking,ID6+cam_1+1690316681_15-24-41.jpg,cow_6,MmCows (UW-Madison Arlington),cam_1,1690316681,,,
train,MmCows,Eating head up,Feeding head up,ID3+cam_4+1690319501_16-11-41.jpg,cow_3,MmCows (UW-Madison Arlington),cam_4,1690319501,,,
train,PlayBehavior,Frontal pushing,frontal_pushing,pb_b0bba54a.jpg,EEM-9,Eem,ch04,,Eem_2024-06-19,0092060.jpg,frames/Eem_2024-06-19/Eem_2024-06-19_video031.tar
train,PlayBehavior,Frontal pushing,frontal_pushing,pb_50cbe78c.jpg,EEM-9,Eem,ch04,,Eem_2024-06-19,0089404.jpg,frames/Eem_2024-06-19/Eem_2024-06-19_video030.tar
train,MmCows,Walking,Walking,ID13+cam_1+1690293521_08-58-41.jpg,cow_13,MmCows (UW-Madison Arlington),cam_1,1690293521,,,
train,MmCows,Eating head down,Feeding head down,ID15+cam_4+1690326596_18-09-56.jpg,cow_15,MmCows (UW-Madison Arlington),cam_4,1690326596,,,
train,PlayBehavior,Frontal pushing,frontal_pushing,pb_a2cc0053.jpg,TOL-2642,Tol,ch01,,Tol2_2024-06-11_PM,0145184.jpg,frames/Tol2_2024-06-11_PM/Tol2_2024-06-11_PM_video049.tar
train,PlayBehavior,Frontal pushing,frontal_pushing,pb_7c42b4e5.jpg,TOL-2642,Tol,ch01,,Tol2_2024-06-11_PM,0138189.jpg,frames/Tol2_2024-06-11_PM/Tol2_2024-06-11_PM_video047.tar
train,MmCows,Eating head up,Feeding head up,ID4+cam_4+1690287146_07-12-26.jpg,cow_4,MmCows (UW-Madison Arlington),cam_4,1690287146,,,
train,PlayBehavior,Leap,leap,pb_194411f4.jpg,EEM-9,Eem,ch04,,Eem_2024-06-19,0088654.jpg,frames/Eem_2024-06-19/Eem_2024-06-19_video030.tar
train,MmCows,Eating head up,Feeding head up,ID10+cam_2+1690300421_10-53-41.jpg,cow_10,MmCows (UW-Madison Arlington),cam_2,1690300421,,,
train,MmCows,Standing,Standing,ID16+cam_2+1690310276_13-37-56.jpg,cow_16,MmCows (UW-Madison Arlington),cam_2,1690310276,,,
train,MmCows,Walking,Walking,ID2+cam_1+1690323251_17-14-11.jpg,cow_2,MmCows (UW-Madison Arlington),cam_1,1690323251,,,
train,PlayBehavior,Gallop,gallop,pb_7c2756cf.jpg,TOL-2642,Tol,ch01,,Tol2_2024-06-11_PM,0137151.jpg,frames/Tol2_2024-06-11_PM/Tol2_2024-06-11_PM_video046.tar
train,MmCows,Lying,Lying,ID3+cam_4+1690327916_18-31-56.jpg,cow_3,MmCows (UW-Madison Arlington),cam_4,1690327916,,,
train,PlayBehavior,Gallop,gallop,pb_1b0b952c.jpg,TOL-2642,Tol,ch01,,Tol2_2024-06-11_PM,0137410.jpg,frames/Tol2_2024-06-11_PM/Tol2_2024-06-11_PM_video046.tar
train,MmCows,Drinking,Drinking,ID12+cam_1+1690297571_10-06-11.jpg,cow_12,MmCows (UW-Madison Arlington),cam_1,1690297571,,,
train,MmCows,Eating head down,Feeding head down,ID9+cam_3+1690337066_21-04-26.jpg,cow_9,MmCows (UW-Madison Arlington),cam_3,1690337066,,,
train,MmCows,Drinking,Drinking,ID5+cam_1+1690275971_04-06-11.jpg,cow_5,MmCows (UW-Madison Arlington),cam_1,1690275971,,,
train,PlayBehavior,Frontal pushing,frontal_pushing,pb_08218cb3.jpg,EEM-9,Eem,ch04,,Eem_2024-06-19,0089108.jpg,frames/Eem_2024-06-19/Eem_2024-06-19_video030.tar
train,PlayBehavior,Gallop,gallop,pb_45bb1548.jpg,TOL-2644,Tol,ch01,,Tol2_2024-06-11_PM,0136993.jpg,frames/Tol2_2024-06-11_PM/Tol2_2024-06-11_PM_video046.tar
train,PlayBehavior,Frontal pushing,frontal_pushing,pb_280a34a9.jpg,TOL-2642,Tol,ch01,,Tol2_2024-06-11_PM,0136652.jpg,frames/Tol2_2024-06-11_PM/Tol2_2024-06-11_PM_video046.tar
train,MmCows,Eating head down,Feeding head down,ID12+cam_4+1690330091_19-08-11.jpg,cow_12,MmCows (UW-Madison Arlington),cam_4,1690330091,,,
train,PlayBehavior,Frontal pushing,frontal_pushing,pb_20be3cff.jpg,unreleased_farm_1_calf_1,unreleased_farm_1,ch01,,,,
train,PlayBehavior,Gallop,gallop,pb_65226810.jpg,EEM-9,Eem,ch04,,Eem_2024-06-19,0088932.jpg,frames/Eem_2024-06-19/Eem_2024-06-19_video030.tar
train,PlayBehavior,Frontal pushing,frontal_pushing,pb_899219b2.jpg,TOL-2644,Tol,ch01,,Tol2_2024-06-11_PM,0139133.jpg,frames/Tol2_2024-06-11_PM/Tol2_2024-06-11_PM_video047.tar
train,MmCows,Standing,Standing,ID2+cam_1+1690280351_05-19-11.jpg,cow_2,MmCows (UW-Madison Arlington),cam_1,1690280351,,,
train,MmCows,Lying,Lying,ID6+cam_2+1690273301_03-21-41.jpg,cow_6,MmCows (UW-Madison Arlington),cam_2,1690273301,,,
train,PlayBehavior,Leap,leap,pb_1d927d30.jpg,TOL-2642,Tol,ch01,,Tol2_2024-06-11_PM,0137296.jpg,frames/Tol2_2024-06-11_PM/Tol2_2024-06-11_PM_video046.tar
train,MmCows,Standing,Standing,ID10+cam_2+1690299941_10-45-41.jpg,cow_10,MmCows (UW-Madison Arlington),cam_2,1690299941,,,
train,MmCows,Eating head down,Feeding head down,ID3+cam_3+1690321121_16-38-41.jpg,cow_3,MmCows (UW-Madison Arlington),cam_3,1690321121,,,
train,MmCows,Eating head up,Feeding head up,ID16+cam_4+1690313516_14-31-56.jpg,cow_16,MmCows (UW-Madison Arlington),cam_4,1690313516,,,
train,PlayBehavior,Frontal pushing,frontal_pushing,pb_624b9a3d.jpg,EEM-9,Eem,ch04,,Eem_2024-06-19,0093076.jpg,frames/Eem_2024-06-19/Eem_2024-06-19_video032.tar
train,MmCows,Standing,Standing,ID9+cam_4+1690306871_12-41-11.jpg,cow_9,MmCows (UW-Madison Arlington),cam_4,1690306871,,,
train,PlayBehavior,Leap,leap,pb_f29194f0.jpg,EEM-9,Eem,ch04,,Eem_2024-06-19,0088872.jpg,frames/Eem_2024-06-19/Eem_2024-06-19_video030.tar
train,MmCows,Eating head up,Feeding head up,ID13+cam_3+1690332851_19-54-11.jpg,cow_13,MmCows (UW-Madison Arlington),cam_3,1690332851,,,
train,PlayBehavior,Gallop,gallop,pb_0670e550.jpg,EEM-9,Eem,ch04,,Eem_2024-06-19,0089053.jpg,frames/Eem_2024-06-19/Eem_2024-06-19_video030.tar
train,MmCows,Standing,Standing,ID8+cam_3+1690281551_05-39-11.jpg,cow_8,MmCows (UW-Madison Arlington),cam_3,1690281551,,,
train,MmCows,Lying,Lying,ID5+cam_2+1690284266_06-24-26.jpg,cow_5,MmCows (UW-Madison Arlington),cam_2,1690284266,,,
train,PlayBehavior,Frontal pushing,frontal_pushing,pb_ab6dd480.jpg,TOL-2644,Tol,ch01,,Tol2_2024-06-11_PM,0136545.jpg,frames/Tol2_2024-06-11_PM/Tol2_2024-06-11_PM_video046.tar
train,MmCows,Eating head up,Feeding head up,ID16+cam_4+1690313726_14-35-26.jpg,cow_16,MmCows (UW-Madison Arlington),cam_4,1690313726,,,
train,MmCows,Eating head up,Feeding head up,ID12+cam_3+1690273256_03-20-56.jpg,cow_12,MmCows (UW-Madison Arlington),cam_3,1690273256,,,
train,PlayBehavior,Gallop,gallop,pb_7fa5cea5.jpg,TOL-2644,Tol,ch01,,Tol2_2024-06-11_PM,0137161.jpg,frames/Tol2_2024-06-11_PM/Tol2_2024-06-11_PM_video046.tar
train,PlayBehavior,Gallop,gallop,pb_3e717ce3.jpg,TOL-2642,Tol,ch01,,Tol2_2024-06-11_PM,0137136.jpg,frames/Tol2_2024-06-11_PM/Tol2_2024-06-11_PM_video046.tar
train,MmCows,Eating head down,Feeding head down,ID6+cam_3+1690319621_16-13-41.jpg,cow_6,MmCows (UW-Madison Arlington),cam_3,1690319621,,,
train,PlayBehavior,Leap,leap,pb_de26a881.jpg,TOL-2642,Tol,ch01,,Tol2_2024-06-11_PM,0137317.jpg,frames/Tol2_2024-06-11_PM/Tol2_2024-06-11_PM_video046.tar
train,MmCows,Standing,Standing,ID13+cam_2+1690272446_03-07-26.jpg,cow_13,MmCows (UW-Madison Arlington),cam_2,1690272446,,,
train,MmCows,Eating head down,Feeding head down,ID16+cam_4+1690315106_14-58-26.jpg,cow_16,MmCows (UW-Madison Arlington),cam_4,1690315106,,,
train,PlayBehavior,Gallop,gallop,pb_e68d581f.jpg,TOL-2644,Tol,ch01,,Tol2_2024-06-11_PM,0136463.jpg,frames/Tol2_2024-06-11_PM/Tol2_2024-06-11_PM_video046.tar
train,PlayBehavior,Leap,leap,pb_30e01309.jpg,EEM-9,Eem,ch04,,Eem_2024-06-19,0088326.jpg,frames/Eem_2024-06-19/Eem_2024-06-19_video030.tar
train,MmCows,Eating head up,Feeding head up,ID3+cam_3+1690324811_17-40-11.jpg,cow_3,MmCows (UW-Madison Arlington),cam_3,1690324811,,,
train,MmCows,Lying,Lying,ID3+cam_3+1690338131_21-22-11.jpg,cow_3,MmCows (UW-Madison Arlington),cam_3,1690338131,,,
train,MmCows,Eating head up,Feeding head up,ID3+cam_1+1690325306_17-48-26.jpg,cow_3,MmCows (UW-Madison Arlington),cam_1,1690325306,,,
train,PlayBehavior,Frontal pushing,frontal_pushing,pb_32e64744.jpg,TOL-2644,Tol,ch01,,Tol2_2024-06-11_PM,0141587.jpg,frames/Tol2_2024-06-11_PM/Tol2_2024-06-11_PM_video048.tar
train,MmCows,Standing,Standing,ID11+cam_3+1690332776_19-52-56.jpg,cow_11,MmCows (UW-Madison Arlington),cam_3,1690332776,,,
train,PlayBehavior,Leap,leap,pb_f1878b01.jpg,TOL-2642,Tol,ch01,,Tol2_2024-06-11_PM,0137226.jpg,frames/Tol2_2024-06-11_PM/Tol2_2024-06-11_PM_video046.tar
train,MmCows,Standing,Standing,ID8+cam_1+1690312241_14-10-41.jpg,cow_8,MmCows (UW-Madison Arlington),cam_1,1690312241,,,
train,MmCows,Drinking,Drinking,ID16+cam_4+1690314356_14-45-56.jpg,cow_16,MmCows (UW-Madison Arlington),cam_4,1690314356,,,
train,MmCows,Lying,Lying,ID8+cam_1+1690285241_06-40-41.jpg,cow_8,MmCows (UW-Madison Arlington),cam_1,1690285241,,,
train,MmCows,Eating head up,Feeding head up,ID7+cam_3+1690316171_15-16-11.jpg,cow_7,MmCows (UW-Madison Arlington),cam_3,1690316171,,,
train,MmCows,Drinking,Drinking,ID8+cam_3+1690322246_16-57-26.jpg,cow_8,MmCows (UW-Madison Arlington),cam_3,1690322246,,,
train,PlayBehavior,Frontal pushing,frontal_pushing,pb_6c9f0086.jpg,TOL-2644,Tol,ch01,,Tol2_2024-06-11_PM,0136436.jpg,frames/Tol2_2024-06-11_PM/Tol2_2024-06-11_PM_video046.tar
train,MmCows,Eating head down,Feeding head down,ID2+cam_3+1690291436_08-23-56.jpg,cow_2,MmCows (UW-Madison Arlington),cam_3,1690291436,,,
train,MmCows,Eating head down,Feeding head down,ID6+cam_3+1690340096_21-54-56.jpg,cow_6,MmCows (UW-Madison Arlington),cam_3,1690340096,,,
train,MmCows,Lying,Lying,ID10+cam_1+1690342076_22-27-56.jpg,cow_10,MmCows (UW-Madison Arlington),cam_1,1690342076,,,
train,MmCows,Eating head down,Feeding head down,ID9+cam_3+1690304786_12-06-26.jpg,cow_9,MmCows (UW-Madison Arlington),cam_3,1690304786,,,
train,MmCows,Lying,Lying,ID7+cam_3+1690275221_03-53-41.jpg,cow_7,MmCows (UW-Madison Arlington),cam_3,1690275221,,,
train,MmCows,Lying,Lying,ID8+cam_3+1690284026_06-20-26.jpg,cow_8,MmCows (UW-Madison Arlington),cam_3,1690284026,,,
train,MmCows,Eating head down,Feeding head down,ID2+cam_3+1690290866_08-14-26.jpg,cow_2,MmCows (UW-Madison Arlington),cam_3,1690290866,,,
train,MmCows,Walking,Walking,ID6+cam_1+1690288241_07-30-41.jpg,cow_6,MmCows (UW-Madison Arlington),cam_1,1690288241,,,
train,PlayBehavior,Frontal pushing,frontal_pushing,pb_26260fcc.jpg,EEM-9,Eem,ch04,,Eem_2024-06-19,0093095.jpg,frames/Eem_2024-06-19/Eem_2024-06-19_video032.tar
train,MmCows,Eating head down,Feeding head down,ID3+cam_3+1690321271_16-41-11.jpg,cow_3,MmCows (UW-Madison Arlington),cam_3,1690321271,,,
train,MmCows,Lying,Lying,ID15+cam_2+1690344866_23-14-26.jpg,cow_15,MmCows (UW-Madison Arlington),cam_2,1690344866,,,
train,MmCows,Eating head up,Feeding head up,ID15+cam_3+1690340981_22-09-41.jpg,cow_15,MmCows (UW-Madison Arlington),cam_3,1690340981,,,
train,MmCows,Walking,Walking,ID13+cam_1+1690272701_03-11-41.jpg,cow_13,MmCows (UW-Madison Arlington),cam_1,1690272701,,,
train,MmCows,Standing,Standing,ID2+cam_4+1690297181_09-59-41.jpg,cow_2,MmCows (UW-Madison Arlington),cam_4,1690297181,,,
train,MmCows,Drinking,Drinking,ID5+cam_4+1690299881_10-44-41.jpg,cow_5,MmCows (UW-Madison Arlington),cam_4,1690299881,,,
train,MmCows,Eating head up,Feeding head up,ID16+cam_3+1690330856_19-20-56.jpg,cow_16,MmCows (UW-Madison Arlington),cam_3,1690330856,,,
train,MmCows,Lying,Lying,ID13+cam_1+1690300406_10-53-26.jpg,cow_13,MmCows (UW-Madison Arlington),cam_1,1690300406,,,
train,MmCows,Eating head up,Feeding head up,ID16+cam_4+1690274336_03-38-56.jpg,cow_16,MmCows (UW-Madison Arlington),cam_4,1690274336,,,
train,MmCows,Standing,Standing,ID6+cam_4+1690324376_17-32-56.jpg,cow_6,MmCows (UW-Madison Arlington),cam_4,1690324376,,,
train,PlayBehavior,Frontal pushing,frontal_pushing,pb_5f4c7236.jpg,TOL-2644,Tol,ch01,,Tol2_2024-06-11_PM,0145135.jpg,frames/Tol2_2024-06-11_PM/Tol2_2024-06-11_PM_video049.tar
train,MmCows,Eating head up,Feeding head up,ID9+cam_4+1690272791_03-13-11.jpg,cow_9,MmCows (UW-Madison Arlington),cam_4,1690272791,,,
train,MmCows,Drinking,Drinking,ID16+cam_4+1690274501_03-41-41.jpg,cow_16,MmCows (UW-Madison Arlington),cam_4,1690274501,,,
train,MmCows,Walking,Walking,ID6+cam_1+1690320296_16-24-56.jpg,cow_6,MmCows (UW-Madison Arlington),cam_1,1690320296,,,
train,PlayBehavior,Leap,leap,pb_d5a78470.jpg,TOL-2644,Tol,ch01,,Tol2_2024-06-11_PM,0137731.jpg,frames/Tol2_2024-06-11_PM/Tol2_2024-06-11_PM_video046.tar
train,MmCows,Eating head up,Feeding head up,ID6+cam_4+1690284356_06-25-56.jpg,cow_6,MmCows (UW-Madison Arlington),cam_4,1690284356,,,
train,MmCows,Drinking,Drinking,ID16+cam_4+1690289231_07-47-11.jpg,cow_16,MmCows (UW-Madison Arlington),cam_4,1690289231,,,
train,PlayBehavior,Frontal pushing,frontal_pushing,pb_604feaba.jpg,EEM-9,Eem,ch04,,Eem_2024-06-19,0093307.jpg,frames/Eem_2024-06-19/Eem_2024-06-19_video032.tar
train,MmCows,Eating head down,Feeding head down,ID1+cam_4+1690322006_16-53-26.jpg,cow_1,MmCows (UW-Madison Arlington),cam_4,1690322006,,,
train,MmCows,Eating head up,Feeding head up,ID13+cam_3+1690326956_18-15-56.jpg,cow_13,MmCows (UW-Madison Arlington),cam_3,1690326956,,,
train,MmCows,Lying,Lying,ID2+cam_3+1690327301_18-21-41.jpg,cow_2,MmCows (UW-Madison Arlington),cam_3,1690327301,,,
train,MmCows,Eating head down,Feeding head down,ID4+cam_4+1690284386_06-26-26.jpg,cow_4,MmCows (UW-Madison Arlington),cam_4,1690284386,,,
train,MmCows,Eating head up,Feeding head up,ID10+cam_3+1690313681_14-34-41.jpg,cow_10,MmCows (UW-Madison Arlington),cam_3,1690313681,,,
train,PlayBehavior,Frontal pushing,frontal_pushing,pb_47cd78ec.jpg,TOL-2642,Tol,ch01,,Tol2_2024-06-11_PM,0135329.jpg,frames/Tol2_2024-06-11_PM/Tol2_2024-06-11_PM_video046.tar
train,PlayBehavior,Leap,leap,pb_11253ab1.jpg,TOL-2644,Tol,ch01,,Tol2_2024-06-11_PM,0137727.jpg,frames/Tol2_2024-06-11_PM/Tol2_2024-06-11_PM_video046.tar
train,MmCows,Eating head down,Feeding head down,ID4+cam_3+1690314986_14-56-26.jpg,cow_4,MmCows (UW-Madison Arlington),cam_3,1690314986,,,
train,MmCows,Eating head up,Feeding head up,ID5+cam_4+1690274771_03-46-11.jpg,cow_5,MmCows (UW-Madison Arlington),cam_4,1690274771,,,
train,PlayBehavior,Gallop,gallop,pb_18271ddc.jpg,unreleased_farm_1_calf_1,unreleased_farm_1,ch01,,,,
train,PlayBehavior,Frontal pushing,frontal_pushing,pb_97a7b7e8.jpg,TOL-2644,Tol,ch01,,Tol2_2024-06-11_PM,0134671.jpg,frames/Tol2_2024-06-11_PM/Tol2_2024-06-11_PM_video045.tar
train,MmCows,Eating head up,Feeding head up,ID3+cam_3+1690324046_17-27-26.jpg,cow_3,MmCows (UW-Madison Arlington),cam_3,1690324046,,,
train,MmCows,Lying,Lying,ID12+cam_1+1690299746_10-42-26.jpg,cow_12,MmCows (UW-Madison Arlington),cam_1,1690299746,,,
train,MmCows,Drinking,Drinking,ID10+cam_4+1690290461_08-07-41.jpg,cow_10,MmCows (UW-Madison Arlington),cam_4,1690290461,,,
train,MmCows,Standing,Standing,ID2+cam_1+1690296491_09-48-11.jpg,cow_2,MmCows (UW-Madison Arlington),cam_1,1690296491,,,
train,PlayBehavior,Frontal pushing,frontal_pushing,pb_7a0c9ad4.jpg,EEM-9,Eem,ch04,,Eem_2024-06-19,0092549.jpg,frames/Eem_2024-06-19/Eem_2024-06-19_video031.tar
train,MmCows,Standing,Standing,ID8+cam_1+1690288226_07-30-26.jpg,cow_8,MmCows (UW-Madison Arlington),cam_1,1690288226,,,
train,MmCows,Standing,Standing,ID10+cam_3+1690281716_05-41-56.jpg,cow_10,MmCows (UW-Madison Arlington),cam_3,1690281716,,,
train,PlayBehavior,Leap,leap,pb_6c67a706.jpg,EEM-9,Eem,ch04,,Eem_2024-06-19,0088318.jpg,frames/Eem_2024-06-19/Eem_2024-06-19_video030.tar
train,MmCows,Walking,Walking,ID9+cam_2+1690279856_05-10-56.jpg,cow_9,MmCows (UW-Madison Arlington),cam_2,1690279856,,,
train,PlayBehavior,Gallop,gallop,pb_9a0fc9bf.jpg,TOL-2644,Tol,ch01,,Tol2_2024-06-11_PM,0136990.jpg,frames/Tol2_2024-06-11_PM/Tol2_2024-06-11_PM_video046.tar
train,MmCows,Drinking,Drinking,ID14+cam_2+1690327481_18-24-41.jpg,cow_14,MmCows (UW-Madison Arlington),cam_2,1690327481,,,
train,MmCows,Eating head down,Feeding head down,ID4+cam_3+1690327106_18-18-26.jpg,cow_4,MmCows (UW-Madison Arlington),cam_3,1690327106,,,
train,MmCows,Lying,Lying,ID1+cam_2+1690307246_12-47-26.jpg,cow_1,MmCows (UW-Madison Arlington),cam_2,1690307246,,,
train,MmCows,Standing,Standing,ID11+cam_3+1690282751_05-59-11.jpg,cow_11,MmCows (UW-Madison Arlington),cam_3,1690282751,,,
train,PlayBehavior,Gallop,gallop,pb_6319f09e.jpg,TOL-2642,Tol,ch01,,Tol2_2024-06-11_PM,0137157.jpg,frames/Tol2_2024-06-11_PM/Tol2_2024-06-11_PM_video046.tar
train,MmCows,Drinking,Drinking,ID10+cam_4+1690284131_06-22-11.jpg,cow_10,MmCows (UW-Madison Arlington),cam_4,1690284131,,,
train,MmCows,Eating head up,Feeding head up,ID3+cam_4+1690334426_20-20-26.jpg,cow_3,MmCows (UW-Madison Arlington),cam_4,1690334426,,,
train,MmCows,Standing,Standing,ID3+cam_2+1690282301_05-51-41.jpg,cow_3,MmCows (UW-Madison Arlington),cam_2,1690282301,,,
train,MmCows,Walking,Walking,ID14+cam_1+1690316696_15-24-56.jpg,cow_14,MmCows (UW-Madison Arlington),cam_1,1690316696,,,
train,PlayBehavior,Leap,leap,pb_d99e545a.jpg,TOL-2644,Tol,ch01,,Tol2_2024-06-11_PM,0137749.jpg,frames/Tol2_2024-06-11_PM/Tol2_2024-06-11_PM_video046.tar
train,MmCows,Lying,Lying,ID4+cam_2+1690301846_11-17-26.jpg,cow_4,MmCows (UW-Madison Arlington),cam_2,1690301846,,,
train,MmCows,Eating head up,Feeding head up,ID11+cam_2+1690291856_08-30-56.jpg,cow_11,MmCows (UW-Madison Arlington),cam_2,1690291856,,,
train,MmCows,Eating head up,Feeding head up,ID4+cam_3+1690304951_12-09-11.jpg,cow_4,MmCows (UW-Madison Arlington),cam_3,1690304951,,,
train,PlayBehavior,Gallop,gallop,pb_493ff8e3.jpg,TOL-2644,Tol,ch01,,Tol2_2024-06-11_PM,0137441.jpg,frames/Tol2_2024-06-11_PM/Tol2_2024-06-11_PM_video046.tar
train,MmCows,Drinking,Drinking,ID16+cam_1+1690299761_10-42-41.jpg,cow_16,MmCows (UW-Madison Arlington),cam_1,1690299761,,,
train,MmCows,Drinking,Drinking,ID11+cam_1+1690295456_09-30-56.jpg,cow_11,MmCows (UW-Madison Arlington),cam_1,1690295456,,,
train,MmCows,Lying,Lying,ID9+cam_4+1690345796_23-29-56.jpg,cow_9,MmCows (UW-Madison Arlington),cam_4,1690345796,,,
train,MmCows,Eating head down,Feeding head down,ID9+cam_3+1690337081_21-04-41.jpg,cow_9,MmCows (UW-Madison Arlington),cam_3,1690337081,,,
train,PlayBehavior,Frontal pushing,frontal_pushing,pb_82d99036.jpg,TOL-2642,Tol,ch01,,Tol2_2024-06-11_PM,0134222.jpg,frames/Tol2_2024-06-11_PM/Tol2_2024-06-11_PM_video045.tar
train,MmCows,Drinking,Drinking,ID13+cam_4+1690279481_05-04-41.jpg,cow_13,MmCows (UW-Madison Arlington),cam_4,1690279481,,,
train,MmCows,Lying,Lying,ID5+cam_1+1690309226_13-20-26.jpg,cow_5,MmCows (UW-Madison Arlington),cam_1,1690309226,,,
train,PlayBehavior,Leap,leap,pb_e519b5aa.jpg,TOL-2642,Tol,ch01,,Tol2_2024-06-11_PM,0137314.jpg,frames/Tol2_2024-06-11_PM/Tol2_2024-06-11_PM_video046.tar
train,MmCows,Standing,Standing,ID4+cam_2+1690274966_03-49-26.jpg,cow_4,MmCows (UW-Madison Arlington),cam_2,1690274966,,,
train,MmCows,Eating head down,Feeding head down,ID6+cam_3+1690339946_21-52-26.jpg,cow_6,MmCows (UW-Madison Arlington),cam_3,1690339946,,,
train,MmCows,Standing,Standing,ID10+cam_4+1690333091_19-58-11.jpg,cow_10,MmCows (UW-Madison Arlington),cam_4,1690333091,,,
train,MmCows,Eating head up,Feeding head up,ID14+cam_3+1690296746_09-52-26.jpg,cow_14,MmCows (UW-Madison Arlington),cam_3,1690296746,,,
train,MmCows,Eating head down,Feeding head down,ID1+cam_4+1690334651_20-24-11.jpg,cow_1,MmCows (UW-Madison Arlington),cam_4,1690334651,,,
train,MmCows,Eating head down,Feeding head down,ID10+cam_3+1690300871_11-01-11.jpg,cow_10,MmCows (UW-Madison Arlington),cam_3,1690300871,,,
train,MmCows,Drinking,Drinking,ID12+cam_2+1690319591_16-13-11.jpg,cow_12,MmCows (UW-Madison Arlington),cam_2,1690319591,,,
train,MmCows,Lying,Lying,ID15+cam_4+1690287716_07-21-56.jpg,cow_15,MmCows (UW-Madison Arlington),cam_4,1690287716,,,
train,MmCows,Eating head up,Feeding head up,ID3+cam_3+1690342001_22-26-41.jpg,cow_3,MmCows (UW-Madison Arlington),cam_3,1690342001,,,
train,PlayBehavior,Gallop,gallop,pb_6af7db5a.jpg,TOL-2644,Tol,ch01,,Tol2_2024-06-11_PM,0137708.jpg,frames/Tol2_2024-06-11_PM/Tol2_2024-06-11_PM_video046.tar
train,MmCows,Eating head down,Feeding head down,ID16+cam_3+1690330256_19-10-56.jpg,cow_16,MmCows (UW-Madison Arlington),cam_3,1690330256,,,
train,PlayBehavior,Gallop,gallop,pb_5e43910f.jpg,EEM-9,Eem,ch04,,Eem_2024-06-19,0089066.jpg,frames/Eem_2024-06-19/Eem_2024-06-19_video030.tar
train,MmCows,Eating head up,Feeding head up,ID4+cam_4+1690316471_15-21-11.jpg,cow_4,MmCows (UW-Madison Arlington),cam_4,1690316471,,,
train,PlayBehavior,Frontal pushing,frontal_pushing,pb_d11266b2.jpg,EEM-9,Eem,ch04,,Eem_2024-06-19,0093068.jpg,frames/Eem_2024-06-19/Eem_2024-06-19_video032.tar
train,MmCows,Eating head up,Feeding head up,ID15+cam_4+1690326956_18-15-56.jpg,cow_15,MmCows (UW-Madison Arlington),cam_4,1690326956,,,
train,PlayBehavior,Leap,leap,pb_031bde3c.jpg,TOL-2644,Tol,ch01,,Tol_2024-04-24,0047411.jpg,frames/Tol_2024-04-24/Tol_2024-04-24_video016.tar
train,MmCows,Walking,Walking,ID1+cam_3+1690281176_05-32-56.jpg,cow_1,MmCows (UW-Madison Arlington),cam_3,1690281176,,,
train,PlayBehavior,Leap,leap,pb_89f04c5c.jpg,EEM-9,Eem,ch04,,Eem_2024-06-19,0088856.jpg,frames/Eem_2024-06-19/Eem_2024-06-19_video030.tar
train,MmCows,Eating head down,Feeding head down,ID3+cam_4+1690296026_09-40-26.jpg,cow_3,MmCows (UW-Madison Arlington),cam_4,1690296026,,,
train,MmCows,Eating head up,Feeding head up,ID12+cam_4+1690331036_19-23-56.jpg,cow_12,MmCows (UW-Madison Arlington),cam_4,1690331036,,,
train,MmCows,Standing,Standing,ID4+cam_1+1690290791_08-13-11.jpg,cow_4,MmCows (UW-Madison Arlington),cam_1,1690290791,,,
train,PlayBehavior,Gallop,gallop,pb_beca877b.jpg,TOL-2642,Tol,ch01,,Tol2_2024-06-11_PM,0136994.jpg,frames/Tol2_2024-06-11_PM/Tol2_2024-06-11_PM_video046.tar
train,MmCows,Eating head up,Feeding head up,ID2+cam_3+1690346291_23-38-11.jpg,cow_2,MmCows (UW-Madison Arlington),cam_3,1690346291,,,
train,MmCows,Eating head down,Feeding head down,ID6+cam_3+1690284641_06-30-41.jpg,cow_6,MmCows (UW-Madison Arlington),cam_3,1690284641,,,
train,PlayBehavior,Gallop,gallop,pb_c25bcba2.jpg,TOL-2644,Tol,ch01,,Tol2_2024-06-11_PM,0136985.jpg,frames/Tol2_2024-06-11_PM/Tol2_2024-06-11_PM_video046.tar
train,MmCows,Standing,Standing,ID13+cam_2+1690309496_13-24-56.jpg,cow_13,MmCows (UW-Madison Arlington),cam_2,1690309496,,,
train,MmCows,Drinking,Drinking,ID12+cam_2+1690272836_03-13-56.jpg,cow_12,MmCows (UW-Madison Arlington),cam_2,1690272836,,,
train,PlayBehavior,Leap,leap,pb_534adefe.jpg,TOL-2644,Tol,ch01,,Tol2_2024-06-11_PM,0137299.jpg,frames/Tol2_2024-06-11_PM/Tol2_2024-06-11_PM_video046.tar
train,MmCows,Standing,Standing,ID15+cam_1+1690311791_14-03-11.jpg,cow_15,MmCows (UW-Madison Arlington),cam_1,1690311791,,,
train,MmCows,Standing,Standing,ID12+cam_2+1690344716_23-11-56.jpg,cow_12,MmCows (UW-Madison Arlington),cam_2,1690344716,,,
train,MmCows,Standing,Standing,ID7+cam_1+1690331096_19-24-56.jpg,cow_7,MmCows (UW-Madison Arlington),cam_1,1690331096,,,
train,MmCows,Drinking,Drinking,ID12+cam_3+1690331171_19-26-11.jpg,cow_12,MmCows (UW-Madison Arlington),cam_3,1690331171,,,
train,PlayBehavior,Frontal pushing,frontal_pushing,pb_fe3a306f.jpg,TOL-2644,Tol,ch01,,Tol2_2024-06-11_PM,0136573.jpg,frames/Tol2_2024-06-11_PM/Tol2_2024-06-11_PM_video046.tar
train,PlayBehavior,Frontal pushing,frontal_pushing,pb_e22c28bc.jpg,TOL-2644,Tol,ch01,,Tol2_2024-06-11_PM,0136595.jpg,frames/Tol2_2024-06-11_PM/Tol2_2024-06-11_PM_video046.tar
train,PlayBehavior,Leap,leap,pb_b6201eb6.jpg,TOL-2644,Tol,ch01,,Tol_2024-04-24,0037502.jpg,frames/Tol_2024-04-24/Tol_2024-04-24_video013.tar
train,MmCows,Lying,Lying,ID14+cam_4+1690340066_21-54-26.jpg,cow_14,MmCows (UW-Madison Arlington),cam_4,1690340066,,,
train,PlayBehavior,Frontal pushing,frontal_pushing,pb_b06eddbf.jpg,TOL-2644,Tol,ch01,,Tol2_2024-06-11_PM,0136085.jpg,frames/Tol2_2024-06-11_PM/Tol2_2024-06-11_PM_video046.tar
train,MmCows,Eating head up,Feeding head up,ID12+cam_3+1690276331_04-12-11.jpg,cow_12,MmCows (UW-Madison Arlington),cam_3,1690276331,,,
train,PlayBehavior,Leap,leap,pb_73534dc3.jpg,TOL-2644,Tol,ch01,,Tol2_2024-06-11_PM,0137272.jpg,frames/Tol2_2024-06-11_PM/Tol2_2024-06-11_PM_video046.tar
train,PlayBehavior,Frontal pushing,frontal_pushing,pb_2e75e265.jpg,TOL-2642,Tol,ch01,,Tol2_2024-06-11_PM,0134920.jpg,frames/Tol2_2024-06-11_PM/Tol2_2024-06-11_PM_video045.tar
train,MmCows,Standing,Standing,ID7+cam_4+1690328606_18-43-26.jpg,cow_7,MmCows (UW-Madison Arlington),cam_4,1690328606,,,
train,PlayBehavior,Frontal pushing,frontal_pushing,pb_6901ba0f.jpg,EEM-9,Eem,ch04,,Eem_2024-06-19,0091317.jpg,frames/Eem_2024-06-19/Eem_2024-06-19_video031.tar
train,MmCows,Eating head up,Feeding head up,ID12+cam_4+1690297181_09-59-41.jpg,cow_12,MmCows (UW-Madison Arlington),cam_4,1690297181,,,
train,MmCows,Drinking,Drinking,ID10+cam_4+1690314491_14-48-11.jpg,cow_10,MmCows (UW-Madison Arlington),cam_4,1690314491,,,
train,PlayBehavior,Frontal pushing,frontal_pushing,pb_b4cc3b29.jpg,TOL-2642,Tol,ch01,,Tol2_2024-06-11_PM,0134305.jpg,frames/Tol2_2024-06-11_PM/Tol2_2024-06-11_PM_video045.tar
train,MmCows,Eating head down,Feeding head down,ID3+cam_4+1690320971_16-36-11.jpg,cow_3,MmCows (UW-Madison Arlington),cam_4,1690320971,,,
train,PlayBehavior,Gallop,gallop,pb_9e82a4be.jpg,EEM-9,Eem,ch04,,Eem_2024-06-19,0089024.jpg,frames/Eem_2024-06-19/Eem_2024-06-19_video030.tar
train,MmCows,Drinking,Drinking,ID8+cam_1+1690343201_22-46-41.jpg,cow_8,MmCows (UW-Madison Arlington),cam_1,1690343201,,,
train,MmCows,Lying,Lying,ID7+cam_3+1690326401_18-06-41.jpg,cow_7,MmCows (UW-Madison Arlington),cam_3,1690326401,,,
train,MmCows,Drinking,Drinking,ID5+cam_4+1690328081_18-34-41.jpg,cow_5,MmCows (UW-Madison Arlington),cam_4,1690328081,,,
train,MmCows,Walking,Walking,ID13+cam_2+1690331546_19-32-26.jpg,cow_13,MmCows (UW-Madison Arlington),cam_2,1690331546,,,
train,MmCows,Eating head up,Feeding head up,ID2+cam_4+1690346336_23-38-56.jpg,cow_2,MmCows (UW-Madison Arlington),cam_4,1690346336,,,
train,PlayBehavior,Leap,leap,pb_7fbd2580.jpg,TOL-2644,Tol,ch01,,Tol2_2024-06-11_PM,0137599.jpg,frames/Tol2_2024-06-11_PM/Tol2_2024-06-11_PM_video046.tar
train,PlayBehavior,Leap,leap,pb_405f5092.jpg,TOL-2642,Tol,ch01,,Tol_2024-04-24,0046796.jpg,frames/Tol_2024-04-24/Tol_2024-04-24_video016.tar
train,MmCows,Eating head up,Feeding head up,ID3+cam_3+1690325156_17-45-56.jpg,cow_3,MmCows (UW-Madison Arlington),cam_3,1690325156,,,
train,MmCows,Eating head down,Feeding head down,ID14+cam_3+1690307576_12-52-56.jpg,cow_14,MmCows (UW-Madison Arlington),cam_3,1690307576,,,
train,MmCows,Standing,Standing,ID9+cam_4+1690308581_13-09-41.jpg,cow_9,MmCows (UW-Madison Arlington),cam_4,1690308581,,,
train,MmCows,Eating head up,Feeding head up,ID8+cam_3+1690311071_13-51-11.jpg,cow_8,MmCows (UW-Madison Arlington),cam_3,1690311071,,,
train,MmCows,Eating head down,Feeding head down,ID9+cam_3+1690272656_03-10-56.jpg,cow_9,MmCows (UW-Madison Arlington),cam_3,1690272656,,,
train,MmCows,Standing,Standing,ID4+cam_3+1690335491_20-38-11.jpg,cow_4,MmCows (UW-Madison Arlington),cam_3,1690335491,,,
train,MmCows,Eating head up,Feeding head up,ID13+cam_2+1690309601_13-26-41.jpg,cow_13,MmCows (UW-Madison Arlington),cam_2,1690309601,,,
train,MmCows,Lying,Lying,ID1+cam_4+1690326416_18-06-56.jpg,cow_1,MmCows (UW-Madison Arlington),cam_4,1690326416,,,
train,PlayBehavior,Gallop,gallop,pb_5540cbcb.jpg,TOL-2644,Tol,ch01,,Tol2_2024-06-11_PM,0136675.jpg,frames/Tol2_2024-06-11_PM/Tol2_2024-06-11_PM_video046.tar
train,MmCows,Eating head up,Feeding head up,ID12+cam_4+1690276061_04-07-41.jpg,cow_12,MmCows (UW-Madison Arlington),cam_4,1690276061,,,
train,MmCows,Walking,Walking,ID12+cam_2+1690319696_16-14-56.jpg,cow_12,MmCows (UW-Madison Arlington),cam_2,1690319696,,,
train,PlayBehavior,Leap,leap,pb_1720f415.jpg,TOL-2642,Tol,ch01,,Tol_2024-04-24,0047408.jpg,frames/Tol_2024-04-24/Tol_2024-04-24_video016.tar
train,MmCows,Eating head down,Feeding head down,ID9+cam_4+1690319471_16-11-11.jpg,cow_9,MmCows (UW-Madison Arlington),cam_4,1690319471,,,
train,MmCows,Eating head down,Feeding head down,ID15+cam_4+1690290476_08-07-56.jpg,cow_15,MmCows (UW-Madison Arlington),cam_4,1690290476,,,
train,PlayBehavior,Leap,leap,pb_953dd152.jpg,TOL-2644,Tol,ch01,,Tol2_2024-06-11_PM,0135225.jpg,frames/Tol2_2024-06-11_PM/Tol2_2024-06-11_PM_video046.tar
train,MmCows,Eating head down,Feeding head down,ID8+cam_4+1690302746_11-32-26.jpg,cow_8,MmCows (UW-Madison Arlington),cam_4,1690302746,,,
train,MmCows,Lying,Lying,ID7+cam_3+1690276496_04-14-56.jpg,cow_7,MmCows (UW-Madison Arlington),cam_3,1690276496,,,
train,PlayBehavior,Gallop,gallop,pb_96d7755d.jpg,TOL-2644,Tol,ch01,,Tol2_2024-06-11_PM,0136986.jpg,frames/Tol2_2024-06-11_PM/Tol2_2024-06-11_PM_video046.tar
train,MmCows,Eating head down,Feeding head down,ID3+cam_4+1690287911_07-25-11.jpg,cow_3,MmCows (UW-Madison Arlington),cam_4,1690287911,,,
train,PlayBehavior,Leap,leap,pb_d5a1d35d.jpg,TOL-2644,Tol,ch01,,Tol2_2024-06-11_PM,0137291.jpg,frames/Tol2_2024-06-11_PM/Tol2_2024-06-11_PM_video046.tar
train,MmCows,Eating head down,Feeding head down,ID7+cam_3+1690298681_10-24-41.jpg,cow_7,MmCows (UW-Madison Arlington),cam_3,1690298681,,,
train,MmCows,Standing,Standing,ID11+cam_4+1690275851_04-04-11.jpg,cow_11,MmCows (UW-Madison Arlington),cam_4,1690275851,,,
train,PlayBehavior,Leap,leap,pb_97fd663c.jpg,TOL-2644,Tol,ch01,,Tol2_2024-06-11_PM,0137309.jpg,frames/Tol2_2024-06-11_PM/Tol2_2024-06-11_PM_video046.tar
train,PlayBehavior,Gallop,gallop,pb_ce9f746c.jpg,EEM-9,Eem,ch04,,Eem_2024-06-19,0094190.jpg,frames/Eem_2024-06-19/Eem_2024-06-19_video032.tar
train,PlayBehavior,Frontal pushing,frontal_pushing,pb_66e52689.jpg,EEM-9,Eem,ch04,,Eem_2024-06-19,0091154.jpg,frames/Eem_2024-06-19/Eem_2024-06-19_video031.tar
train,MmCows,Standing,Standing,ID15+cam_3+1690292891_08-48-11.jpg,cow_15,MmCows (UW-Madison Arlington),cam_3,1690292891,,,
train,PlayBehavior,Frontal pushing,frontal_pushing,pb_2a63d6db.jpg,TOL-2644,Tol,ch01,,Tol2_2024-06-11_PM,0141975.jpg,frames/Tol2_2024-06-11_PM/Tol2_2024-06-11_PM_video048.tar
train,MmCows,Standing,Standing,ID11+cam_2+1690342286_22-31-26.jpg,cow_11,MmCows (UW-Madison Arlington),cam_2,1690342286,,,
train,MmCows,Drinking,Drinking,ID3+cam_4+1690319936_16-18-56.jpg,cow_3,MmCows (UW-Madison Arlington),cam_4,1690319936,,,
train,MmCows,Eating head down,Feeding head down,ID15+cam_3+1690340336_21-58-56.jpg,cow_15,MmCows (UW-Madison Arlington),cam_3,1690340336,,,
train,MmCows,Drinking,Drinking,ID4+cam_4+1690306796_12-39-56.jpg,cow_4,MmCows (UW-Madison Arlington),cam_4,1690306796,,,
train,MmCows,Walking,Walking,ID5+cam_4+1690280411_05-20-11.jpg,cow_5,MmCows (UW-Madison Arlington),cam_4,1690280411,,,
train,MmCows,Lying,Lying,ID5+cam_1+1690305746_12-22-26.jpg,cow_5,MmCows (UW-Madison Arlington),cam_1,1690305746,,,
train,PlayBehavior,Leap,leap,pb_000c9788.jpg,TOL-2642,Tol,ch01,,Tol2_2024-06-11_PM,0137305.jpg,frames/Tol2_2024-06-11_PM/Tol2_2024-06-11_PM_video046.tar
train,MmCows,Lying,Lying,ID4+cam_3+1690272521_03-08-41.jpg,cow_4,MmCows (UW-Madison Arlington),cam_3,1690272521,,,
train,PlayBehavior,Frontal pushing,frontal_pushing,pb_b2ffb5aa.jpg,EEM-9,Eem,ch04,,Eem_2024-06-19,0089615.jpg,frames/Eem_2024-06-19/Eem_2024-06-19_video030.tar
train,MmCows,Standing,Standing,ID16+cam_1+1690322861_17-07-41.jpg,cow_16,MmCows (UW-Madison Arlington),cam_1,1690322861,,,
train,MmCows,Eating head up,Feeding head up,ID10+cam_4+1690276616_04-16-56.jpg,cow_10,MmCows (UW-Madison Arlington),cam_4,1690276616,,,
train,PlayBehavior,Leap,leap,pb_49b39215.jpg,TOL-2643,Tol,ch01,,Tol_2024-04-24,0047289.jpg,frames/Tol_2024-04-24/Tol_2024-04-24_video016.tar
train,MmCows,Walking,Walking,ID1+cam_2+1690272086_03-01-26.jpg,cow_1,MmCows (UW-Madison Arlington),cam_2,1690272086,,,
train,PlayBehavior,Leap,leap,pb_6fa925a5.jpg,TOL-2644,Tol,ch01,,Tol2_2024-06-11_PM,0137583.jpg,frames/Tol2_2024-06-11_PM/Tol2_2024-06-11_PM_video046.tar
train,MmCows,Eating head up,Feeding head up,ID4+cam_3+1690328771_18-46-11.jpg,cow_4,MmCows (UW-Madison Arlington),cam_3,1690328771,,,
train,PlayBehavior,Frontal pushing,frontal_pushing,pb_8f99b4d7.jpg,TOL-2644,Tol,ch01,,Tol2_2024-06-11_PM,0136249.jpg,frames/Tol2_2024-06-11_PM/Tol2_2024-06-11_PM_video046.tar
train,MmCows,Lying,Lying,ID3+cam_2+1690314611_14-50-11.jpg,cow_3,MmCows (UW-Madison Arlington),cam_2,1690314611,,,
train,PlayBehavior,Leap,leap,pb_f4c6640c.jpg,TOL-2644,Tol,ch01,,Tol2_2024-06-11_PM,0135429.jpg,frames/Tol2_2024-06-11_PM/Tol2_2024-06-11_PM_video046.tar
train,PlayBehavior,Gallop,gallop,pb_3a21b5d3.jpg,TOL-2644,Tol,ch01,,Tol2_2024-06-11_PM,0137151.jpg,frames/Tol2_2024-06-11_PM/Tol2_2024-06-11_PM_video046.tar
train,MmCows,Walking,Walking,ID1+cam_3+1690295171_09-26-11.jpg,cow_1,MmCows (UW-Madison Arlington),cam_3,1690295171,,,
train,PlayBehavior,Leap,leap,pb_f134eff4.jpg,TOL-2642,Tol,ch01,,Tol2_2024-06-11_PM,0136473.jpg,frames/Tol2_2024-06-11_PM/Tol2_2024-06-11_PM_video046.tar
train,MmCows,Lying,Lying,ID1+cam_2+1690285826_06-50-26.jpg,cow_1,MmCows (UW-Madison Arlington),cam_2,1690285826,,,
train,PlayBehavior,Frontal pushing,frontal_pushing,pb_f08be230.jpg,TOL-2642,Tol,ch01,,Tol2_2024-06-11_PM,0136388.jpg,frames/Tol2_2024-06-11_PM/Tol2_2024-06-11_PM_video046.tar
train,MmCows,Eating head up,Feeding head up,ID4+cam_1+1690285151_06-39-11.jpg,cow_4,MmCows (UW-Madison Arlington),cam_1,1690285151,,,
train,MmCows,Drinking,Drinking,ID12+cam_2+1690277306_04-28-26.jpg,cow_12,MmCows (UW-Madison Arlington),cam_2,1690277306,,,
train,PlayBehavior,Frontal pushing,frontal_pushing,pb_9f7d1a5a.jpg,EEM-9,Eem,ch04,,Eem_2024-06-19,0093074.jpg,frames/Eem_2024-06-19/Eem_2024-06-19_video032.tar
train,PlayBehavior,Leap,leap,pb_73758be3.jpg,EEM-9,Eem,ch04,,Eem_2024-06-19,0088179.jpg,frames/Eem_2024-06-19/Eem_2024-06-19_video030.tar
train,MmCows,Lying,Lying,ID13+cam_2+1690335236_20-33-56.jpg,cow_13,MmCows (UW-Madison Arlington),cam_2,1690335236,,,
train,MmCows,Eating head up,Feeding head up,ID11+cam_4+1690294316_09-11-56.jpg,cow_11,MmCows (UW-Madison Arlington),cam_4,1690294316,,,
train,MmCows,Eating head down,Feeding head down,ID7+cam_3+1690315826_15-10-26.jpg,cow_7,MmCows (UW-Madison Arlington),cam_3,1690315826,,,
train,PlayBehavior,Leap,leap,pb_99b64430.jpg,TOL-2644,Tol,ch01,,Tol2_2024-06-11_PM,0137285.jpg,frames/Tol2_2024-06-11_PM/Tol2_2024-06-11_PM_video046.tar
train,MmCows,Drinking,Drinking,ID1+cam_3+1690333241_20-00-41.jpg,cow_1,MmCows (UW-Madison Arlington),cam_3,1690333241,,,
train,MmCows,Lying,Lying,ID13+cam_3+1690287176_07-12-56.jpg,cow_13,MmCows (UW-Madison Arlington),cam_3,1690287176,,,
train,MmCows,Walking,Walking,ID13+cam_4+1690273646_03-27-26.jpg,cow_13,MmCows (UW-Madison Arlington),cam_4,1690273646,,,
train,MmCows,Walking,Walking,ID3+cam_4+1690293011_08-50-11.jpg,cow_3,MmCows (UW-Madison Arlington),cam_4,1690293011,,,
train,MmCows,Eating head up,Feeding head up,ID3+cam_3+1690343111_22-45-11.jpg,cow_3,MmCows (UW-Madison Arlington),cam_3,1690343111,,,
train,MmCows,Lying,Lying,ID1+cam_4+1690305671_12-21-11.jpg,cow_1,MmCows (UW-Madison Arlington),cam_4,1690305671,,,
train,MmCows,Walking,Walking,ID4+cam_3+1690337096_21-04-56.jpg,cow_4,MmCows (UW-Madison Arlington),cam_3,1690337096,,,
train,MmCows,Eating head up,Feeding head up,ID13+cam_4+1690319861_16-17-41.jpg,cow_13,MmCows (UW-Madison Arlington),cam_4,1690319861,,,
train,MmCows,Standing,Standing,ID2+cam_3+1690336496_20-54-56.jpg,cow_2,MmCows (UW-Madison Arlington),cam_3,1690336496,,,
train,PlayBehavior,Gallop,gallop,pb_099c403c.jpg,TOL-2642,Tol,ch01,,Tol2_2024-06-11_PM,0137152.jpg,frames/Tol2_2024-06-11_PM/Tol2_2024-06-11_PM_video046.tar
train,PlayBehavior,Frontal pushing,frontal_pushing,pb_7c86ec00.jpg,TOL-2644,Tol,ch01,,Tol2_2024-06-11_PM,0134883.jpg,frames/Tol2_2024-06-11_PM/Tol2_2024-06-11_PM_video045.tar
train,MmCows,Drinking,Drinking,ID13+cam_2+1690319426_16-10-26.jpg,cow_13,MmCows (UW-Madison Arlington),cam_2,1690319426,,,
train,PlayBehavior,Gallop,gallop,pb_a76beec8.jpg,TOL-2644,Tol,ch01,,Tol2_2024-06-11_PM,0137012.jpg,frames/Tol2_2024-06-11_PM/Tol2_2024-06-11_PM_video046.tar
train,MmCows,Eating head up,Feeding head up,ID3+cam_3+1690341431_22-17-11.jpg,cow_3,MmCows (UW-Madison Arlington),cam_3,1690341431,,,
train,MmCows,Walking,Walking,ID1+cam_3+1690295501_09-31-41.jpg,cow_1,MmCows (UW-Madison Arlington),cam_3,1690295501,,,
train,PlayBehavior,Gallop,gallop,pb_9d8906fe.jpg,TOL-2644,Tol,ch01,,Tol2_2024-06-11_PM,0137005.jpg,frames/Tol2_2024-06-11_PM/Tol2_2024-06-11_PM_video046.tar
train,MmCows,Eating head up,Feeding head up,ID5+cam_4+1690314281_14-44-41.jpg,cow_5,MmCows (UW-Madison Arlington),cam_4,1690314281,,,
train,MmCows,Standing,Standing,ID3+cam_4+1690304246_11-57-26.jpg,cow_3,MmCows (UW-Madison Arlington),cam_4,1690304246,,,
train,MmCows,Eating head up,Feeding head up,ID9+cam_3+1690304231_11-57-11.jpg,cow_9,MmCows (UW-Madison Arlington),cam_3,1690304231,,,
train,PlayBehavior,Frontal pushing,frontal_pushing,pb_dd3b2ebb.jpg,TOL-2642,Tol,ch01,,Tol2_2024-06-11_PM,0150771.jpg,frames/Tol2_2024-06-11_PM/Tol2_2024-06-11_PM_video051.tar
train,MmCows,Eating head up,Feeding head up,ID7+cam_4+1690285856_06-50-56.jpg,cow_7,MmCows (UW-Madison Arlington),cam_4,1690285856,,,
train,PlayBehavior,Leap,leap,pb_95221934.jpg,TOL-2644,Tol,ch01,,Tol_2024-04-24,0048531.jpg,frames/Tol_2024-04-24/Tol_2024-04-24_video017.tar
train,PlayBehavior,Leap,leap,pb_951138f4.jpg,TOL-2644,Tol,ch01,,Tol2_2024-06-11_PM,0134993.jpg,frames/Tol2_2024-06-11_PM/Tol2_2024-06-11_PM_video045.tar
train,PlayBehavior,Leap,leap,pb_14b14b8e.jpg,TOL-2642,Tol,ch01,,Tol_2024-04-24,0046611.jpg,frames/Tol_2024-04-24/Tol_2024-04-24_video016.tar
train,MmCows,Walking,Walking,ID13+cam_2+1690331786_19-36-26.jpg,cow_13,MmCows (UW-Madison Arlington),cam_2,1690331786,,,
train,MmCows,Eating head up,Feeding head up,ID3+cam_3+1690342781_22-39-41.jpg,cow_3,MmCows (UW-Madison Arlington),cam_3,1690342781,,,
train,MmCows,Lying,Lying,ID8+cam_3+1690283741_06-15-41.jpg,cow_8,MmCows (UW-Madison Arlington),cam_3,1690283741,,,
train,MmCows,Eating head up,Feeding head up,ID8+cam_3+1690276616_04-16-56.jpg,cow_8,MmCows (UW-Madison Arlington),cam_3,1690276616,,,
train,PlayBehavior,Frontal pushing,frontal_pushing,pb_a338dbe2.jpg,EEM-9,Eem,ch04,,Eem_2024-06-19,0089619.jpg,frames/Eem_2024-06-19/Eem_2024-06-19_video030.tar
train,PlayBehavior,Gallop,gallop,pb_35fef7ca.jpg,TOL-2642,Tol,ch01,,Tol2_2024-06-11_PM,0137007.jpg,frames/Tol2_2024-06-11_PM/Tol2_2024-06-11_PM_video046.tar
train,PlayBehavior,Leap,leap,pb_130f5436.jpg,TOL-2642,Tol,ch01,,Tol2_2024-06-11_PM,0137429.jpg,frames/Tol2_2024-06-11_PM/Tol2_2024-06-11_PM_video046.tar
train,PlayBehavior,Gallop,gallop,pb_53196391.jpg,unreleased_farm_1_calf_1,unreleased_farm_1,ch01,,,,
train,PlayBehavior,Frontal pushing,frontal_pushing,pb_130ea284.jpg,EEM-9,Eem,ch04,,Eem_2024-06-19,0089444.jpg,frames/Eem_2024-06-19/Eem_2024-06-19_video030.tar
train,MmCows,Standing,Standing,ID11+cam_4+1690282796_05-59-56.jpg,cow_11,MmCows (UW-Madison Arlington),cam_4,1690282796,,,
train,PlayBehavior,Gallop,gallop,pb_e3e8df54.jpg,EEM-9,Eem,ch04,,Eem_2024-06-19,0089052.jpg,frames/Eem_2024-06-19/Eem_2024-06-19_video030.tar
train,PlayBehavior,Leap,leap,pb_17438a7f.jpg,TOL-2644,Tol,ch01,,Tol_2024-04-24,0047407.jpg,frames/Tol_2024-04-24/Tol_2024-04-24_video016.tar
train,MmCows,Drinking,Drinking,ID8+cam_2+1690322306_16-58-26.jpg,cow_8,MmCows (UW-Madison Arlington),cam_2,1690322306,,,
train,PlayBehavior,Frontal pushing,frontal_pushing,pb_d38156b4.jpg,TOL-2644,Tol,ch01,,Tol2_2024-06-11_PM,0136139.jpg,frames/Tol2_2024-06-11_PM/Tol2_2024-06-11_PM_video046.tar
train,MmCows,Eating head up,Feeding head up,ID4+cam_3+1690343696_22-54-56.jpg,cow_4,MmCows (UW-Madison Arlington),cam_3,1690343696,,,
train,PlayBehavior,Frontal pushing,frontal_pushing,pb_a67642cc.jpg,TOL-2642,Tol,ch01,,Tol2_2024-06-11_PM,0141600.jpg,frames/Tol2_2024-06-11_PM/Tol2_2024-06-11_PM_video048.tar
train,MmCows,Lying,Lying,ID10+cam_2+1690292171_08-36-11.jpg,cow_10,MmCows (UW-Madison Arlington),cam_2,1690292171,,,
train,MmCows,Eating head up,Feeding head up,ID10+cam_4+1690289471_07-51-11.jpg,cow_10,MmCows (UW-Madison Arlington),cam_4,1690289471,,,
train,MmCows,Drinking,Drinking,ID5+cam_3+1690279766_05-09-26.jpg,cow_5,MmCows (UW-Madison Arlington),cam_3,1690279766,,,
train,PlayBehavior,Frontal pushing,frontal_pushing,pb_2b082644.jpg,TOL-2644,Tol,ch01,,Tol2_2024-06-11_PM,0134774.jpg,frames/Tol2_2024-06-11_PM/Tol2_2024-06-11_PM_video045.tar
train,PlayBehavior,Gallop,gallop,pb_21cb9186.jpg,TOL-2642,Tol,ch01,,Tol2_2024-06-11_PM,0137411.jpg,frames/Tol2_2024-06-11_PM/Tol2_2024-06-11_PM_video046.tar
train,MmCows,Eating head down,Feeding head down,ID6+cam_3+1690321196_16-39-56.jpg,cow_6,MmCows (UW-Madison Arlington),cam_3,1690321196,,,
train,PlayBehavior,Leap,leap,pb_5ced381c.jpg,EEM-9,Eem,ch04,,Eem_2024-06-19,0088827.jpg,frames/Eem_2024-06-19/Eem_2024-06-19_video030.tar
train,MmCows,Standing,Standing,ID2+cam_4+1690296986_09-56-26.jpg,cow_2,MmCows (UW-Madison Arlington),cam_4,1690296986,,,
train,PlayBehavior,Gallop,gallop,pb_3a86b55b.jpg,TOL-2642,Tol,ch01,,Tol2_2024-06-11_PM,0134987.jpg,frames/Tol2_2024-06-11_PM/Tol2_2024-06-11_PM_video045.tar
train,MmCows,Eating head up,Feeding head up,ID3+cam_4+1690288421_07-33-41.jpg,cow_3,MmCows (UW-Madison Arlington),cam_4,1690288421,,,
train,MmCows,Walking,Walking,ID7+cam_3+1690279961_05-12-41.jpg,cow_7,MmCows (UW-Madison Arlington),cam_3,1690279961,,,
train,MmCows,Drinking,Drinking,ID3+cam_1+1690326251_18-04-11.jpg,cow_3,MmCows (UW-Madison Arlington),cam_1,1690326251,,,
train,MmCows,Drinking,Drinking,ID1+cam_1+1690333271_20-01-11.jpg,cow_1,MmCows (UW-Madison Arlington),cam_1,1690333271,,,
train,PlayBehavior,Gallop,gallop,pb_9460d917.jpg,unreleased_farm_1_calf_1,unreleased_farm_1,ch01,,,,
train,MmCows,Standing,Standing,ID8+cam_4+1690274891_03-48-11.jpg,cow_8,MmCows (UW-Madison Arlington),cam_4,1690274891,,,
train,MmCows,Standing,Standing,ID9+cam_4+1690282616_05-56-56.jpg,cow_9,MmCows (UW-Madison Arlington),cam_4,1690282616,,,
train,MmCows,Standing,Standing,ID13+cam_1+1690333916_20-11-56.jpg,cow_13,MmCows (UW-Madison Arlington),cam_1,1690333916,,,
train,MmCows,Walking,Walking,ID15+cam_3+1690320866_16-34-26.jpg,cow_15,MmCows (UW-Madison Arlington),cam_3,1690320866,,,
train,MmCows,Eating head down,Feeding head down,ID8+cam_3+1690336316_20-51-56.jpg,cow_8,MmCows (UW-Madison Arlington),cam_3,1690336316,,,
train,MmCows,Standing,Standing,ID9+cam_1+1690331711_19-35-11.jpg,cow_9,MmCows (UW-Madison Arlington),cam_1,1690331711,,,
train,PlayBehavior,Frontal pushing,frontal_pushing,pb_ebf75bee.jpg,TOL-2644,Tol,ch01,,Tol2_2024-06-11_PM,0138080.jpg,frames/Tol2_2024-06-11_PM/Tol2_2024-06-11_PM_video047.tar
train,MmCows,Lying,Lying,ID1+cam_3+1690283741_06-15-41.jpg,cow_1,MmCows (UW-Madison Arlington),cam_3,1690283741,,,
train,MmCows,Standing,Standing,ID1+cam_3+1690274846_03-47-26.jpg,cow_1,MmCows (UW-Madison Arlington),cam_3,1690274846,,,
train,MmCows,Walking,Walking,ID6+cam_1+1690288256_07-30-56.jpg,cow_6,MmCows (UW-Madison Arlington),cam_1,1690288256,,,
train,MmCows,Drinking,Drinking,ID7+cam_1+1690290251_08-04-11.jpg,cow_7,MmCows (UW-Madison Arlington),cam_1,1690290251,,,
train,MmCows,Walking,Walking,ID13+cam_2+1690282991_06-03-11.jpg,cow_13,MmCows (UW-Madison Arlington),cam_2,1690282991,,,
train,MmCows,Lying,Lying,ID10+cam_1+1690286216_06-56-56.jpg,cow_10,MmCows (UW-Madison Arlington),cam_1,1690286216,,,
train,MmCows,Eating head down,Feeding head down,ID8+cam_3+1690323251_17-14-11.jpg,cow_8,MmCows (UW-Madison Arlington),cam_3,1690323251,,,
train,PlayBehavior,Leap,leap,pb_c1b51542.jpg,TOL-2644,Tol,ch01,,Tol2_2024-06-11_PM,0137293.jpg,frames/Tol2_2024-06-11_PM/Tol2_2024-06-11_PM_video046.tar
train,MmCows,Lying,Lying,ID3+cam_1+1690310711_13-45-11.jpg,cow_3,MmCows (UW-Madison Arlington),cam_1,1690310711,,,
train,MmCows,Standing,Standing,ID2+cam_4+1690282316_05-51-56.jpg,cow_2,MmCows (UW-Madison Arlington),cam_4,1690282316,,,
train,MmCows,Standing,Standing,ID1+cam_1+1690275461_03-57-41.jpg,cow_1,MmCows (UW-Madison Arlington),cam_1,1690275461,,,
train,MmCows,Walking,Walking,ID3+cam_4+1690303196_11-39-56.jpg,cow_3,MmCows (UW-Madison Arlington),cam_4,1690303196,,,
train,MmCows,Eating head up,Feeding head up,ID11+cam_4+1690293041_08-50-41.jpg,cow_11,MmCows (UW-Madison Arlington),cam_4,1690293041,,,
train,MmCows,Standing,Standing,ID5+cam_2+1690338881_21-34-41.jpg,cow_5,MmCows (UW-Madison Arlington),cam_2,1690338881,,,
train,MmCows,Standing,Standing,ID15+cam_4+1690293281_08-54-41.jpg,cow_15,MmCows (UW-Madison Arlington),cam_4,1690293281,,,
train,MmCows,Eating head up,Feeding head up,ID13+cam_4+1690312781_14-19-41.jpg,cow_13,MmCows (UW-Madison Arlington),cam_4,1690312781,,,
train,MmCows,Eating head down,Feeding head down,ID4+cam_1+1690343411_22-50-11.jpg,cow_4,MmCows (UW-Madison Arlington),cam_1,1690343411,,,
train,PlayBehavior,Gallop,gallop,pb_ae04c45e.jpg,TOL-2644,Tol,ch01,,Tol2_2024-06-11_PM,0136677.jpg,frames/Tol2_2024-06-11_PM/Tol2_2024-06-11_PM_video046.tar
train,MmCows,Drinking,Drinking,ID11+cam_4+1690343876_22-57-56.jpg,cow_11,MmCows (UW-Madison Arlington),cam_4,1690343876,,,
train,PlayBehavior,Leap,leap,pb_e481014f.jpg,EEM-9,Eem,ch04,,Eem_2024-06-19,0088320.jpg,frames/Eem_2024-06-19/Eem_2024-06-19_video030.tar
train,MmCows,Eating head up,Feeding head up,ID13+cam_4+1690311416_13-56-56.jpg,cow_13,MmCows (UW-Madison Arlington),cam_4,1690311416,,,
train,MmCows,Drinking,Drinking,ID1+cam_4+1690272791_03-13-11.jpg,cow_1,MmCows (UW-Madison Arlington),cam_4,1690272791,,,
train,MmCows,Standing,Standing,ID11+cam_3+1690277201_04-26-41.jpg,cow_11,MmCows (UW-Madison Arlington),cam_3,1690277201,,,
